id,title,occurrence weight,content,rank
0,University Governance Framework,0.9626556016597511,"# University Governance Framework

The community is centered around a comprehensive framework of regulations and guidelines governing university operations, including educational satisfaction management, impact assessments, committee establishment, and disciplinary actions. Key entities such as 제 6 조 and 제 9 조 outline the operational and evaluative aspects of the university, while other entities provide specific regulations related to academic and administrative functions.

## Comprehensive Regulatory Framework

The community is defined by a comprehensive set of regulations that govern various aspects of university operations. Key entities such as 제 6 조 and 제 9 조 provide detailed guidelines on educational satisfaction management, impact assessments, and committee functions. This framework ensures that university operations are conducted in a structured manner, promoting accountability and transparency. The regulations cover a wide range of topics, including staffing, course management, and financial oversight, which are critical for maintaining the integrity of the institution. [Data: Entities (121, 40); Relationships (158, 56)]

## Role of 제 6 조 in Governance

제 6 조 serves as a foundational entity within the university's regulatory framework, outlining essential components such as educational satisfaction management and the establishment of various committees. This entity emphasizes the importance of managing educational quality through surveys and improvement plans, which are crucial for enhancing student experiences. Additionally, it addresses disciplinary actions related to human rights violations, highlighting the university's commitment to maintaining a safe and equitable environment for all students. [Data: Entities (121); Relationships (158)]

## Significance of 제 9 조

제 9 조 complements the governance framework by detailing regulations related to faculty responsibilities, course management, and the selection process for open board candidates. This entity ensures that faculty members adhere to specific teaching responsibilities and that course syllabi are prepared and distributed in a timely manner. The regulations also facilitate the management of exchange students and the incorporation of student feedback into operational projects, thereby enhancing the overall educational experience. [Data: Entities (40); Relationships (56)]

## Impact of Disciplinary Actions

The framework includes provisions for disciplinary actions in cases of non-compliance with safety regulations, particularly concerning student group activities. This aspect of the governance framework is critical for upholding the university's standards and ensuring that all members of the community adhere to established guidelines. The potential for disciplinary actions underscores the importance of compliance and the need for ongoing monitoring of university operations. [Data: Entities (121); Relationships (158)]

## Interconnectedness of Regulatory Entities

The relationships between various regulatory entities, such as 제 6 조 and 제 9 조, highlight the interconnectedness of the university's governance framework. These entities work in tandem to ensure comprehensive oversight of academic and administrative functions, facilitating effective decision-making and operational efficiency. The collaborative nature of these regulations allows for a cohesive approach to university governance, addressing both academic and administrative needs. [Data: Relationships (108)]",7.5
37,Research Fund Management Regulations Community,0.7095435684647303,"# Research Fund Management Regulations Community

The community is centered around various regulations governing the management of research funds, including provisions for advance payments, procurement of research resources, and oversight by academic and administrative bodies. The entities are interconnected through their regulatory frameworks, which outline the responsibilities and procedures for managing research funding effectively.

## Regulations on Research Fund Management

The community includes several key regulations that govern the management of research funds, such as '연구비 관리 규정 제 6 조' and '연구비 관리 규정 제 7 조'. These regulations outline specific provisions regarding the management of research funds, including advance payments and the accounting of income and expenditures. The oversight is primarily conducted by the Research Support Team under the Industry-Academic Cooperation Foundation, ensuring that funds are managed in compliance with established guidelines. This framework is essential for maintaining the integrity and accountability of research funding processes [Data: Entities (384, 385); Relationships (553, 555)].

## Importance of Compliance with Financial Regulations

Compliance with financial regulations is crucial for the effective management of research funds. The regulations specify that principal investigators must prepare expenditure documentation in accordance with the research budget and submit requests for fund disbursement. This ensures that funds are allocated appropriately and that there is transparency in financial transactions. Non-compliance could lead to financial mismanagement, which may have serious repercussions for the involved institutions and researchers [Data: Entities (385); Relationships (931)].

## Role of the Industry-Academic Cooperation Foundation

The Industry-Academic Cooperation Foundation plays a pivotal role in overseeing the management of research funds. It is responsible for ensuring that the financial practices align with the regulations set forth in the community. This foundation acts as a bridge between academic institutions and industry partners, facilitating collaboration and ensuring that research funding is utilized effectively. The foundation's oversight is critical in maintaining the trust of stakeholders involved in research initiatives [Data: Entities (384); Relationships (1028)].

## Interconnectedness of Regulatory Documents

The various regulations within this community are interconnected, with many documents referencing each other. For instance, '교원창업에 관한 규정' includes provisions that relate to the management of research funds, indicating a comprehensive approach to governance. This interconnectedness ensures that all aspects of research fund management are considered and that there is a cohesive framework guiding the processes involved [Data: Entities (603); Relationships (931)].

## Historical Context of Regulations

Several regulations have historical significance, such as the '부 칙 (시행일) 1993년 3월 11일', which marks the implementation of key regulatory changes. Understanding the historical context of these regulations is important for comprehending their evolution and the rationale behind current practices. This historical perspective can inform future amendments and improvements to the regulatory framework governing research fund management [Data: Entities (4559); Relationships (6510)].",7.5
71,Hansung University Governance and Regulations,0.2503457814661134,"# Hansung University Governance and Regulations

The community encompasses various regulations and guidelines that govern the operations and management of Hansung University. Key entities include sections of regulatory documents that outline the roles, responsibilities, and procedures for committees, research management, and student activities, indicating a structured approach to institutional governance.

## Comprehensive Governance Framework

The community is anchored by a comprehensive governance framework that includes various regulations and guidelines pertinent to institutional management at Hansung University. This framework is encapsulated in documents such as '제 3 장', which outlines the operational procedures for committees, management of academic programs, and student affairs. The detailed nature of these regulations ensures that the university operates within a structured and legally compliant environment, which is essential for maintaining academic integrity and institutional reputation. [Data: Entities (41, 72, 270); Relationships (57, 375, 376)]

## Regulations on Research Management

The community includes specific regulations governing research management, such as the '지식재산관리위원회' (Intellectual Property Management Committee) and the '연구부정행위 조사위원회' (Research Misconduct Investigation Committee). These entities are crucial for overseeing research integrity and ensuring compliance with ethical standards. The presence of these committees indicates a proactive approach to managing intellectual property and addressing potential research misconduct, which is vital for the university's credibility and the protection of its academic output. [Data: Entities (6374, 9594); Relationships (10027, 15970)]

## Student Engagement and Support Regulations

The community emphasizes student engagement through regulations that govern student organizations and activities, such as '학생단체 운영 제 8 조' and '학생단체의 구분 제 9 조'. These regulations are designed to foster a healthy and supportive environment for student governance and participation in university life. By outlining the structure and operational guidelines for student bodies, the university promotes active student involvement, which is essential for a vibrant academic community. [Data: Entities (8829, 8830); Relationships (14593, 14595)]

## Financial Management Regulations

Financial management is a critical aspect of university governance, as outlined in regulations such as '재정 제 7 조', '재정운영 제 8 조', and '예산ㆍ결산 제 9 조'. These regulations detail the funding sources, budget management, and financial accountability required for research institutes and university operations. Effective financial governance is essential for ensuring the sustainability and growth of academic programs and research initiatives, thereby impacting the university's overall performance. [Data: Entities (471, 472, 473); Relationships (696, 697, 698)]

## Compliance with Academic Standards

The community's regulations also focus on compliance with academic standards, particularly in faculty appointments and evaluations, as seen in '전공심사' and related guidelines. These processes ensure that faculty members meet the necessary qualifications and maintain high standards of teaching and research. By adhering to these standards, the university enhances its academic reputation and ensures the quality of education provided to students. [Data: Entities (9708, 9709, 9712); Relationships (16195, 16198)]",7.5
19,Academic Evaluation and Compliance Community,0.07607192254495158,"# Academic Evaluation and Compliance Community

This community encompasses various entities involved in academic evaluation processes, including the application for degrees, evaluation of faculty appointments, and compliance with academic regulations. The relationships among these entities highlight the interconnectedness of academic procedures and the importance of documentation in maintaining standards.

## Significance of the Degree Application Process

The degree application process is a central aspect of this community, involving multiple entities such as the 신청인 (applicant) and the 학위신청서 (degree application form). The 신청인 is responsible for submitting the application, which is crucial for academic recognition. This process is governed by specific regulations that ensure the integrity and validity of academic qualifications. The interconnectedness of these entities emphasizes the importance of adhering to established procedures to maintain academic standards and prevent misconduct. [Data: Entities (4681, 4659); Relationships (6796)]

## Role of Evaluation Criteria in Faculty Appointments

The evaluation criteria for faculty appointments are outlined in the 심사총평 (evaluation summary) and the 교원신규임용 시행세칙 (implementation regulations for new faculty appointments). These documents provide a comprehensive overview of the assessment process, including the criteria and scores used to evaluate candidates. The relationships between these entities highlight the structured approach to faculty evaluations, which is essential for maintaining high academic standards and ensuring qualified personnel are appointed. [Data: Entities (9751, 9138); Relationships (16306)]

## Procedures for Addressing Academic Misconduct

The 처리 절차 (procedures) for addressing academic misconduct are critical for upholding academic integrity. These procedures outline the steps involved in reviewing allegations of misconduct, ensuring that all cases are handled fairly and transparently. The implementation date of these procedures is significant, as it marks the beginning of a structured approach to managing academic integrity issues. This community's focus on compliance with these procedures is vital for fostering a trustworthy academic environment. [Data: Entities (4700); Relationships (16002)]

## Importance of Collaborative Research Reporting

The 공동연구 활동보고서 (collaborative research activity report) serves as a formal documentation of achievements in collaborative research efforts. This report is essential for evaluating the contributions of researchers involved in national policy initiatives and external evaluations. The relationship between this report and the 재계약 평가 대상자 (recontracting evaluation subjects) underscores the importance of documenting research activities for ongoing evaluations and funding opportunities. [Data: Entities (7470, 7471); Relationships (12212)]

## Mandatory Industry-Academic Cooperation Education

The 산학협력교육 (Industry-Academic Cooperation Education) is a mandatory course that students must complete as part of their major requirements. This course is integral to the academic framework, as it bridges the gap between theoretical knowledge and practical application in industry settings. The various pathways for completing this course, including general selection and major requirements, highlight its significance in the academic curriculum. [Data: Entities (4228, 4576); Relationships (6531, 6532, 6533, 6534)]",7.5
754,Regulatory Implementation Dates for Future Plus University,0.02074688796680498,"# Regulatory Implementation Dates for Future Plus University

This community focuses on the key regulatory dates that govern the operations of Future Plus University, specifically the effective dates of new regulations that will impact its academic and operational guidelines. The entities are interconnected through their roles in the implementation of these regulations, highlighting the importance of compliance and governance in the academic environment.

## Key regulatory dates for Future Plus University

The community is centered around two critical dates: March 1, 2023, and January 23, 2025. These dates mark the implementation of revised regulations that will affect the university's internal rules and operational guidelines. The March 1 date is particularly significant as it initiates the enforcement of new regulations, while the January 23 date serves as a subsequent implementation date for additional provisions. The relationship between these dates underscores the importance of timely compliance and the need for the university to adapt to regulatory changes effectively. [Data: Entities (94, 2330); Relationships (3142, 16170)]

## Role of the 대학발전위원회

The 대학발전위원회 (University Development Committee) plays a crucial role in managing the regulations that will be implemented starting January 23, 2025. This committee is responsible for overseeing the compliance and operational adjustments required by the new rules. Their involvement is essential for ensuring that the university adheres to the regulatory framework, which could have significant implications for its governance and operational integrity. The committee's oversight is vital for the successful implementation of the regulations and for maintaining the university's reputation. [Data: Relationships (3142)]

## Interconnection of regulatory dates

The relationship between the two key dates, March 1, 2023, and January 23, 2025, indicates a structured approach to regulatory implementation. The March 1 date serves as the initial enforcement date, while the January 23 date is linked as a subsequent implementation date for additional provisions. This interconnection suggests that the university must prepare for a phased approach to compliance, which may require careful planning and resource allocation to meet the evolving regulatory landscape. [Data: Relationships (16170)]

## Implications of regulatory changes

The regulatory changes set to take effect on March 1, 2023, and January 23, 2025, will have significant implications for Future Plus University. These changes may affect various aspects of university operations, including academic programs, administrative processes, and compliance protocols. The university must ensure that all stakeholders are informed and prepared for these changes to mitigate any potential disruptions. The successful adaptation to these regulations is crucial for maintaining the university's operational effectiveness and compliance with legal standards. [Data: Entities (94, 2330); Relationships (3142, 16170)]",6.5
579,Future Hanseong Research Institute Governance,0.006915629322268326,"# Future Hanseong Research Institute Governance

The community centers around the Future Hanseong Research Institute and its governing documents, which outline the organizational structure, operational guidelines, and roles within the institute. Key entities include various articles and regulations that define the institute's framework and operational procedures, indicating a well-structured governance model.

## Comprehensive governance structure outlined in Chapter 2

Chapter 2 of the governance documents provides a detailed overview of the organizational structure and roles within the Future Hanseong Research Institute. This chapter is crucial as it encompasses various articles that define the operational framework, including the roles of committees and research divisions. The interconnectedness of these articles suggests a cohesive governance model that is essential for the effective functioning of the institute. The relationships between these articles indicate that changes or issues in one area could significantly impact others, highlighting the importance of maintaining a stable governance structure. [Data: Entities (5166, 9855, 6078, 8976, 9857); Relationships (7724, 9508, 14904, 16539)]

## Regulatory framework established by Future Hanseong Research Institute

The regulations of the Future Hanseong Research Institute serve as a foundational document that outlines its purpose, objectives, and operational guidelines. This document is critical for ensuring compliance with legal and operational standards, thereby enhancing the institute's credibility and effectiveness. The regulations also detail the roles and responsibilities of various organizational components, which are essential for maintaining order and accountability within the institute. The presence of such a regulatory framework indicates a commitment to structured governance and operational excellence. [Data: Entities (9855); Relationships (16533)]

## Operational guidelines defined in Article 6

Article 6 addresses the operational aspects of the Future Hanseong Research Institute, specifying the management of research and administrative functions. This article is significant as it outlines the responsibilities of the administrative support team and the operational committee, which are vital for the institute's day-to-day functioning. The clarity in operational guidelines helps in minimizing ambiguities and ensuring that all members understand their roles, thereby promoting efficiency and effectiveness in achieving the institute's objectives. [Data: Entities (6078, 8974); Relationships (9508, 9510)]

## Leadership roles defined in Article 8

Article 8 specifies the appointment and roles of the project leader and deputy leader within the Future Hanseong Research Institute. This article is crucial as it establishes the leadership structure, which is essential for guiding the institute's strategic direction and operational execution. The defined terms of appointment and the possibility of reappointment ensure continuity in leadership, which is important for long-term planning and stability within the organization. [Data: Entities (8976); Relationships (14904)]

## Interconnectedness of organizational articles

The relationships among various articles, such as Articles 5, 6, 7, and 8, indicate a high degree of interconnectedness within the governance framework of the Future Hanseong Research Institute. This interconnectedness suggests that changes in one article can have cascading effects on others, emphasizing the need for careful consideration when making amendments or updates. Understanding these relationships is vital for stakeholders to navigate the governance landscape effectively and to ensure that the institute operates smoothly and efficiently. [Data: Entities (6077, 8975); Relationships (14905, 14906)]",6.5
582,HanSeong University Academic Regulations,0.005532503457814661,"# HanSeong University Academic Regulations

The community is centered around the academic regulations of HanSeong University, detailing various educational programs, graduation requirements, and academic procedures. The entities are interconnected through their references to specific articles and regulations within the university's academic policy documents.

## Micro Degree Program

The 제 36 조의 1 Micro Degree program is designed to enhance practical skills based on digital new industries and societal demands. Students who complete the required credits will have this Micro Degree noted on their graduation certificate. This program reflects the university's commitment to adapting its curriculum to meet contemporary workforce needs, thereby potentially increasing student employability. The details of this program are outlined in the university's academic regulations document, specifically on page 8 [Data: Entities (5292); Relationships (7963)].

## Dual Major and Interdisciplinary Major

The 제 37 조 복수전공 및 연계전공 regulation allows students to pursue additional majors or interdisciplinary studies while enrolled in their primary program. This flexibility encourages a broader educational experience and can enhance a student's qualifications in the job market. The specifics of this regulation are also found on page 8 of the academic regulations document, indicating the university's support for diverse academic pursuits [Data: Entities (5293); Relationships (7964)].

## Teacher Certification Program

The 제 38 조 교직과정 outlines the requirements for students seeking to obtain a secondary school teacher certification without an examination. This program is crucial for those aiming to enter the education sector, as it specifies the necessary coursework and qualifications. The emphasis on teacher training reflects the university's role in preparing future educators, which is vital for the educational landscape [Data: Entities (5294); Relationships (7965)].

## Graduation Requirements

The 제 41 조 졸업논문 및 학위수여 regulation states that students must complete all required courses and submit a graduation thesis to be awarded a bachelor's degree. This requirement ensures that graduates have demonstrated their knowledge and skills in their field of study, which is essential for maintaining academic standards. The regulation is detailed in the university's academic policy documents [Data: Entities (5297); Relationships (7973)].

## Early Graduation Policy

The 제 40 조 조기졸업 regulation allows students to graduate early if they complete their coursework in seven semesters with a GPA of 4.0 or higher. This policy incentivizes high academic performance and provides motivated students with the opportunity to enter the workforce sooner. The criteria for early graduation are outlined in the academic regulations, emphasizing the university's recognition of exceptional student achievement [Data: Entities (5296); Relationships (7970)].

## Credit Transfer for Transfer Students

The 제 39 조 편입학자 학점 regulation specifies how credits earned at previous institutions are recognized for transfer students. This policy is crucial for facilitating the transition of students into HanSeong University, ensuring that their prior academic efforts are acknowledged. The regulation supports the university's commitment to inclusivity and accessibility in higher education [Data: Entities (5295); Relationships (7969)].

## Academic Status Changes

The 학적변동 section outlines the procedures for changes in academic status, including registration and major changes. This section is vital for students navigating their academic journey, as it provides clarity on how to manage their enrollment and academic focus. The regulations are designed to support students in making informed decisions about their education [Data: Entities (2678); Relationships (3642, 3645)].",6.5
1499,Research Committee Regulations and Operations,0.004149377593360996,"# Research Committee Regulations and Operations

The community is centered around the regulations and operations of the research committee, particularly focusing on the entity '제8조' which outlines the roles and responsibilities of committee members. The relationships among the entities highlight the interconnectedness of the regulations and the operational committee, emphasizing the importance of compliance and procedural adherence.

## Role of '제8조' in committee regulations

'제8조' serves as a foundational regulation for the research committee, detailing its composition, roles, and the review process for proposals. This regulation is critical as it establishes the framework within which the committee operates, including the submission and evaluation of proposals. The stipulation that proposals must be submitted monthly and reviewed promptly indicates a structured approach to managing research initiatives, which is essential for maintaining the integrity and effectiveness of the committee's work. [Data: Entities (38); Relationships (839)]

## Function of the 한성지식창고 운영위원회

The 한성지식창고 운영위원회 is responsible for the evaluation, selection, and recognition of proposals, playing a vital role in the research community. This committee's activities are directly linked to the regulatory framework established by '제8조', which outlines the necessary procedures for proposal management. The committee's effectiveness in these roles can significantly impact the quality and success of research projects, making it a key player in the community. [Data: Entities (2255); Relationships (3017)]

## Interrelation with '제9조'

'제9조' is closely related to '제8조' and addresses the roles of the committee chairperson, further defining the governance structure of the research committee. This relationship underscores the importance of clear leadership and accountability within the committee, which is essential for effective decision-making and proposal management. The interconnectedness of these regulations highlights the need for compliance to ensure the committee functions smoothly and achieves its objectives. [Data: Relationships (839, 3017)]

## Significance of proposal review timelines

The requirement for monthly proposal submissions and subsequent reviews within the first week of the following month is a critical aspect of the committee's operational efficiency. This timeline ensures that research initiatives are evaluated in a timely manner, allowing for prompt feedback and adjustments. Such structured timelines are vital for fostering a proactive research environment, which can enhance the overall productivity of the committee and its members. [Data: Entities (38); Relationships (839)]

## Website as a resource for committee information

The presence of a dedicated website (HTTPS://RULE.H) for the 한성지식창고 운영위원회 indicates a commitment to transparency and accessibility of information related to the committee's operations. This resource can serve as a valuable tool for stakeholders seeking to understand the committee's processes, regulations, and ongoing activities. By providing easy access to relevant information, the website can enhance stakeholder engagement and compliance with the committee's guidelines. [Data: Entities (2259); Relationships (3021)]",6.5
375,Educational Assessment Community,0.004149377593360996,"# Educational Assessment Community

The community focuses on various aspects of educational assessment, including evaluation criteria for courses, teaching achievements, and specific standards for foreign language courses. The entities are interconnected through their relationships, highlighting the importance of structured evaluation in education.

## Interconnectedness of assessment criteria

The entities within this community are closely linked through their relationships, particularly the connection between '강좌수강학 평가항목' (Course Evaluation Criteria) and '교육 업적' (Educational Achievements). This relationship indicates that the criteria for evaluating courses directly influence the assessment of educational achievements, suggesting a comprehensive framework for evaluating teaching effectiveness. The interconnectedness of these entities emphasizes the importance of structured evaluation in the educational landscape. [Data: Entities (4130, 4131); Relationships (5872)]

## Significance of course evaluation

'수업 평가' (Course Evaluation) plays a crucial role in the community as it encompasses the feedback collected from students at the end of a semester. This feedback is essential for understanding the effectiveness of teaching methods and course content. The relationship between '수업 평가' and '강좌수강학 평가항목' indicates that course evaluations are integral to the overall assessment framework, ensuring that educational standards are maintained and improved. [Data: Entities (4129, 4130); Relationships (5871)]

## Impact of teaching achievements

'교육 업적' (Educational Achievements) is a key entity that reflects the accomplishments of educators based on evaluations. This entity is influenced by the criteria set forth in '수업평가 기준점수' (Course Evaluation Score Criteria), highlighting the importance of clear standards in assessing teaching effectiveness. The emphasis on educational achievements underscores the community's focus on recognizing and promoting quality education. [Data: Entities (4131, 4132); Relationships (5873)]

## Criteria for foreign language courses

'외국어강의' (Foreign Language Courses) is another significant entity that outlines the standards for evaluating foreign language instruction. The relationship between '강의시간 초과' (Exceeding Lecture Hours) and '외국어강의' indicates that adherence to lecture time is a critical factor in the evaluation of these courses. This highlights the community's commitment to maintaining high standards in foreign language education, which is essential for effective language acquisition. [Data: Entities (4134, 4133); Relationships (5875)]

## Evaluation criteria for course scores

'수업평가 기준점수' (Course Evaluation Score Criteria) serves as a foundational element in the assessment framework, detailing the specific score thresholds for evaluating courses. Its relationship with '강의시간 초과' suggests that time management in lectures is a vital component of course evaluations. This entity's role in establishing clear scoring criteria is crucial for ensuring fair and consistent evaluations across different courses. [Data: Entities (4132, 4133); Relationships (5874)]",6.5
609,Budget Management Regulations Community,0.004149377593360996,"# Budget Management Regulations Community

The community is centered around the budget management regulations, specifically Articles 6 and 7, and their amendment history. The entities are interconnected through their roles in budget oversight and execution, highlighting the regulatory framework governing budget management.

## Article 6 as a foundational regulation

Article 6 of the budget management regulations outlines the responsibilities of the budget oversight department, which is crucial for the planning and execution of budgets. This article serves as a cornerstone for understanding how budgetary processes are managed within the organization. The amendment on July 15, 2005, signifies a pivotal moment in the evolution of these regulations, indicating a response to changing financial governance needs. The relationship between Article 6 and its amendment date underscores the importance of keeping regulations current to reflect best practices in budget management. [Data: Entities (4247, 4251); Relationships (6027)]

## Interconnection between Articles 6 and 7

Articles 6 and 7 of the budget management regulations are closely related, as they both address different aspects of budget management—oversight and execution. Article 7 details the responsibilities of the budget execution department, complementing the oversight functions described in Article 6. This relationship highlights the need for coordination between these two departments to ensure effective budget management. The combined degree of their relationship indicates a strong interdependence, which is essential for maintaining financial integrity and accountability within the organization. [Data: Entities (4247, 4248); Relationships (6026)]

## Significance of the amendment date

The amendment date of July 15, 2005, for Article 6 is significant as it marks a formal update to the budget management regulations. This date is critical for understanding the historical context of the regulations and the evolution of budgetary practices. Amendments often reflect changes in policy priorities or operational needs, making this date a focal point for analyzing the regulatory framework's responsiveness to external and internal pressures. [Data: Entities (4251); Relationships (6027)]

## Role of the budget oversight department

The budget oversight department, as defined in Article 6, plays a vital role in ensuring that budgetary allocations are made in accordance with established regulations. This department is responsible for analyzing budget execution and controlling expenditures, which is essential for maintaining fiscal discipline. The effectiveness of this department directly impacts the organization's financial health and accountability, making its functions critical to the overall governance framework. [Data: Entities (4247); Relationships (6027)]

## Importance of regulatory compliance

Compliance with budget management regulations is crucial for organizations to ensure transparency and accountability in financial operations. The interconnectedness of Articles 6 and 7 emphasizes the need for adherence to these regulations to prevent mismanagement of funds. Regulatory compliance not only fosters trust among stakeholders but also mitigates risks associated with financial misreporting and inefficiency. [Data: Entities (4247, 4248); Relationships (6026)]",4.0
477,Admissions Process Oversight Community,0.0027662517289073307,"# Admissions Process Oversight Community

The community focuses on the various processes involved in the admissions system, including audits, evaluations, and registrations of prospective students. Key entities such as the admissions audit process and the determination of admission status are interconnected, highlighting the importance of transparency and fairness in admissions.

## Admissions Audit Process as a Central Entity

The admissions audit process is a key entity in this community, responsible for ensuring the fairness and integrity of admissions criteria and practices. This process involves implementing procedures to verify transparency and equity, which are essential for maintaining trust in educational institutions. The audit process is linked to various other entities, indicating its central role in the admissions ecosystem. The relationship between the audit process and the university heads emphasizes the accountability required in managing admissions. [Data: Entities (1970); Relationships (2567, 2573, 2568)]

## Evaluation of Prospective Students

The process of determining the admission status of prospective students is another critical aspect of this community. This evaluation is essential for assessing the eligibility and qualifications of applicants, which directly impacts the diversity and quality of the student body. The relationship between this evaluation process and the admissions audit highlights the interconnectedness of these entities, as both aim to uphold standards in admissions. [Data: Entities (1973); Relationships (2571)]

## Registration of Successful Candidates

The registration process for successful candidates is a vital step following the admissions decision. This process ensures that candidates who have been accepted can officially enroll, which is crucial for maintaining enrollment numbers and institutional viability. The relationship between the registration process and the confirmation of successful candidates underscores the importance of timely and accurate processing in the admissions cycle. [Data: Entities (1971); Relationships (2577, 2570)]

## Confirmation and Additional Admissions

The process of confirming successful candidates and determining additional admissions is significant for managing enrollment and ensuring that institutions can meet their academic and operational goals. This process is closely linked to the evaluation of prospective students, indicating a systematic approach to admissions that prioritizes fairness and transparency. [Data: Entities (1978, 1972); Relationships (2571)]

## Interconnectedness of Admissions Processes

The various processes involved in admissions, including audits, evaluations, confirmations, and registrations, are highly interconnected. This interconnectedness highlights the complexity of the admissions system and the need for cohesive management to ensure that all processes align with institutional goals and standards. The relationships among these entities illustrate the importance of a holistic approach to admissions oversight. [Data: Relationships (2567, 2573, 2571, 2570, 2577)]",7.5
998,강사임용규정 Community,0.0027662517289073307,"# 강사임용규정 Community

The 강사임용규정 community is centered around the regulations governing the appointment and treatment of instructors in educational institutions. The key entities include various articles of the 강사임용규정, which outline qualifications, duties, and procedural details related to instructor appointments. These entities are interrelated, providing a comprehensive framework for understanding the qualifications and responsibilities of instructors.

## Regulatory Framework for Instructors

The 강사임용규정 serves as a foundational document that outlines the qualifications and responsibilities of instructors in educational settings. It is crucial for maintaining educational standards and ensuring that instructors meet specific criteria before being appointed. The regulations specify that instructors must have at least two years of combined research and teaching experience, which is essential for ensuring quality education. This framework is vital for educational institutions to uphold their academic integrity and provide quality instruction to students. [Data: Entities (6768, 6771, 6769, 6770, 6792)]

## Interconnected Articles of the Regulations

The various articles of the 강사임용규정 are interconnected, with each article building upon the others to create a comprehensive regulatory structure. For instance, Article 1 outlines the purpose of the regulations, while Article 2 details the specific duties of instructors, and Article 3 defines the qualifications required. This interconnectedness ensures that all aspects of instructor appointment and treatment are covered, providing clarity and consistency in the application of these regulations. The relationships among these articles highlight the importance of understanding the regulations as a cohesive whole rather than in isolation. [Data: Relationships (10758, 10761, 10763, 10806)]

## Qualifications for Instructors

Article 3 of the 강사임용규정 specifies the qualifications required for instructors, emphasizing the need for a minimum of two years of combined research and teaching experience. This requirement is designed to ensure that instructors possess the necessary expertise and experience to effectively educate students. By establishing clear qualifications, the regulations help educational institutions select qualified candidates, thereby enhancing the overall quality of education. This focus on qualifications is critical for maintaining high educational standards and ensuring that students receive instruction from competent educators. [Data: Entities (6771); Relationships (10765)]

## Duties of Instructors

Article 2 of the 강사임용규정 outlines the specific duties of instructors, which include teaching courses and guiding students. This article clarifies the expectations placed on instructors and serves as a guideline for their professional responsibilities. By defining these duties, the regulations help ensure that instructors are aware of their roles and can fulfill them effectively. This clarity is essential for fostering a productive educational environment where instructors can focus on teaching and student engagement. [Data: Entities (6770); Relationships (10761)]

## Implementation Details

Article 22 of the 강사임용규정 addresses the implementation details necessary for the effective application of the regulations. It emphasizes the importance of maintaining accurate records of instructors and their qualifications, which are to be managed through a database. This focus on record-keeping is crucial for ensuring compliance with the regulations and for facilitating the appointment process. By establishing a systematic approach to managing instructor records, the regulations help educational institutions maintain oversight and accountability in their hiring practices. [Data: Entities (6792); Relationships (10806)]",6.5
1439,Regulatory Amendments Community,0.0027662517289073307,"# Regulatory Amendments Community

This community consists of a series of regulatory amendments that are interconnected through their effective dates and revisions. The amendments span from 2021 to 2024, indicating a timeline of regulatory changes that may impact compliance and governance.

## Interconnectedness of Regulatory Amendments

The regulatory amendments are closely related, with each new amendment often revising or building upon previous ones. For instance, the amendment effective on August 23, 2021, was revised on March 21, 2022, indicating a direct relationship that could affect compliance timelines and operational adjustments. This interconnectedness suggests that stakeholders must remain vigilant about the implications of each amendment as they may influence one another. [Data: Entities (739, 740); Relationships (1178)]

## Timeline of Regulatory Changes

The amendments span a timeline from 2021 to 2024, showcasing a proactive approach to regulatory updates. The most recent amendment, effective March 1, 2023, is set to be followed by another on August 30, 2024. This timeline indicates a structured regulatory environment that may require organizations to adapt continuously to new compliance requirements. Stakeholders should prepare for these changes to ensure adherence to the latest regulations. [Data: Entities (6552, 6553); Relationships (10405)]

## Potential Compliance Challenges

With multiple amendments occurring over a short period, organizations may face challenges in maintaining compliance. The revisions to regulations can create confusion or gaps in understanding, especially if stakeholders do not keep track of the changes. The amendment from 2021 to 2022 exemplifies how quickly regulations can evolve, necessitating ongoing education and training for compliance teams. [Data: Relationships (1178)]

## Future Regulatory Outlook

The upcoming amendment scheduled for August 30, 2024, suggests that the regulatory landscape will continue to evolve. Organizations should anticipate further changes and prepare for potential impacts on their operations. This forward-looking perspective is crucial for strategic planning and risk management, as future amendments may introduce new compliance requirements or alter existing ones. [Data: Entities (6553)]",4.0
1465,Content Design College Regulations and Document Deletions,0.0027662517289073307,"# Content Design College Regulations and Document Deletions

The community is centered around the regulations of the Content Design College and the deletion history of specific documents, particularly '별지서식 제5호' through '별지서식 제8호'. These entities are interconnected through their compliance with the college's regulations and the implications of document deletions.

## Significance of Document Deletions

The deletions of documents such as '별지서식 제5호' and others are significant as they reflect compliance with the Content Design College regulations. The deletion of these documents could impact students and faculty who rely on these forms for academic processes. The history of deletions indicates a pattern of regulatory compliance that is crucial for maintaining the integrity of academic documentation. [Data: Entities (205, 4693, 4694, 4695, 4696); Relationships (247, 6792)]

## Role of Content Design College Regulations

The Content Design College regulations play a pivotal role in governing the deletion of documents. These regulations ensure that the college adheres to necessary academic standards and compliance requirements. The relationship between the regulations and the deleted documents highlights the importance of maintaining updated and relevant documentation for academic processes. [Data: Entities (4693); Relationships (6792, 6793, 6794, 6795)]

## Interconnectedness of Deleted Documents

The documents '별지서식 제5호', '별지서식 제6호', '별지서식 제7호', and '별지서식 제8호' are interconnected through their deletion history and the regulations governing them. This interconnectedness suggests that changes in one document may affect the others, indicating a systematic approach to document management within the college. Understanding these relationships is essential for assessing the overall impact of these deletions on academic operations. [Data: Entities (205, 4693, 4694, 4695, 4696); Relationships (6792, 6793, 6794, 6795)]

## Implications for Academic Compliance

The deletions of these documents may have broader implications for academic compliance and governance within the Content Design College. Ensuring that all necessary forms are up-to-date and compliant with regulations is critical for the college's operational integrity. The history of deletions suggests a proactive approach to compliance, but it also raises questions about the availability of necessary documentation for students and faculty. [Data: Relationships (247, 6792)]",4.0
1551,Academic Performance Evaluation Criteria,0.0013831258644536654,"# Academic Performance Evaluation Criteria

This community focuses on the criteria for evaluating academic performance, particularly in relation to promotions for faculty members. The key entities include various types of academic journals and performance metrics that are essential for faculty advancement.

## Importance of 표 2-5 in academic evaluations

표 2-5 serves as a critical document outlining the recognition rates for faculty research achievements necessary for promotions. It consolidates various performance metrics, including the types of journals and exhibitions that are recognized in the evaluation process. This document is pivotal as it directly influences faculty members' career progression and institutional policies regarding academic performance. The relationships established in this community highlight how different types of publications and exhibitions are integrated into the promotion criteria, emphasizing the document's central role in academic evaluations. [Data: Entities (4382); Relationships (6205, 6206, 6207, 6209)]

## Role of international journals in faculty evaluations

The entity '국제적 수준 학술지' represents international-level journals that are crucial for faculty research recognition. These journals are considered a benchmark for academic quality and are explicitly mentioned in 표 2-5 as part of the promotion criteria. The inclusion of such journals indicates a high standard for research output expected from faculty members, which can significantly impact their career advancement. The relationship between 표 2-5 and international journals underscores the importance of publishing in high-impact venues for faculty seeking promotions. [Data: Entities (4383); Relationships (6205)]

## Significance of 한국연구재단 등재학술지

The entity '한국연구재단 등재학술지' refers to journals registered with the Korean Research Foundation, which are also included in the promotion criteria outlined in 표 2-5. This inclusion signifies that faculty members must publish in these recognized journals to have their research contributions acknowledged for promotions. The relationship established in the community indicates that these journals play a vital role in the academic landscape, influencing faculty research strategies and institutional expectations. [Data: Entities (4384); Relationships (6206)]

## Impact of 한국연구재단 등재후보학술지 on academic careers

The entity '한국연구재단 등재후보학술지' represents journals that are candidates for registration with the Korean Research Foundation. Their inclusion in the promotion criteria suggests that even emerging journals can impact faculty evaluations. This reflects a dynamic academic environment where faculty members may be encouraged to publish in a wider range of journals, potentially fostering innovation and diversity in research outputs. The relationship with 표 2-5 highlights the evolving nature of academic recognition and the importance of supporting new scholarly platforms. [Data: Entities (4385); Relationships (6207)]

## Recognition of exhibitions in academic evaluations

The entity '공연 및 전시' encompasses both individual and group exhibitions that are recognized in the promotion criteria. This inclusion indicates that faculty members' contributions to the arts and public engagement are valued alongside traditional research outputs. The relationship with 표 2-5 emphasizes the importance of a holistic approach to academic evaluations, recognizing diverse forms of scholarship and creative expression. This can encourage faculty to engage in interdisciplinary work and community outreach, enhancing the overall academic environment. [Data: Entities (4386); Relationships (6209)]",7.5
607,Workplace Bullying Procedures and Support,0.0013831258644536654,"# Workplace Bullying Procedures and Support

This community focuses on the procedures and measures related to workplace bullying, including handling incidents, providing counseling, protecting victims, and addressing perpetrators. The entities are interconnected, with the main procedure outlining the framework for addressing bullying incidents and the associated support mechanisms.

## Centrality of the Incident Handling Procedure

The '직장 내 괴롭힘 사건처리 절차' (Workplace Bullying Incident Handling Procedure) is the core entity in this community, outlining the steps to address workplace bullying incidents. This procedure serves as the foundation for all related actions and policies, indicating its critical role in ensuring a safe work environment. The relationships with other entities highlight how this procedure integrates counseling, victim protection, and actions against perpetrators, emphasizing its comprehensive approach to tackling workplace bullying. [Data: Entities (8684); Relationships (14333, 14332, 14334, 14335, 14336)]

## Importance of Counseling Procedures

The '직장 내 괴롭힘 상담절차' (Workplace Bullying Counseling Procedure) is essential for providing support to individuals affected by bullying. This procedure is directly linked to the incident handling process, indicating that counseling is a critical step in addressing the emotional and psychological impacts of bullying. By offering a structured approach to counseling, the organization can better support victims and facilitate their recovery, which is vital for maintaining a healthy workplace culture. [Data: Entities (8683); Relationships (14332)]

## Victim Protection Measures

The '직장 내 괴롭힘 피해자 보호를 위한 조치' (Measures for Protecting Victims of Workplace Bullying) are integral to the incident handling procedure. These measures ensure that victims are safeguarded from further harm during and after the investigation process. By implementing protective actions, the organization demonstrates its commitment to the well-being of its employees, which can enhance trust and morale within the workplace. [Data: Entities (8685); Relationships (14334)]

## Actions Against Perpetrators

The '직장 내 괴롭힘 행위자에 대한 조치' (Actions Against Perpetrators of Workplace Bullying) are crucial for holding individuals accountable for their actions. This aspect of the incident handling procedure ensures that appropriate consequences are enforced, which is essential for deterring future incidents and fostering a culture of respect and safety. The relationship between this entity and the incident handling procedure underscores the importance of a balanced approach that addresses both victim support and perpetrator accountability. [Data: Entities (8686); Relationships (14335)]

## Preventive Measures and Education

The '직장 내 괴롭힘 예방을 위한 내용' (Content for Preventing Workplace Bullying) highlights the proactive steps taken to educate employees about bullying and its consequences. This preventive approach is vital for creating awareness and reducing the incidence of bullying in the workplace. By integrating educational content into the incident handling procedure, the organization can foster a more informed workforce that is better equipped to recognize and address bullying behaviors. [Data: Entities (8687); Relationships (14336)]",7.5
398,Research Ethics and Performance Evaluation Community,0.0013831258644536654,"# Research Ethics and Performance Evaluation Community

This community focuses on the evaluation of faculty research ethics and performance, highlighting the interconnections between research ethics and the assessment of research achievements and industry education activities.

## Interconnection between research ethics and performance evaluation

The relationship between '교원의 연구윤리에 관한 사항' (Research Ethics of Faculty) and '교원의 연구업적 및 산학교육 활동 평가에 관한 사항' (Evaluation of Faculty Research Achievements and Industry Education Activities) indicates that research ethics are closely tied to the evaluation of research performance. This connection suggests that ethical considerations are integral to assessing faculty contributions, which can impact their professional standing and institutional reputation. The combined degree of 6 highlights the importance of this relationship in maintaining academic integrity and accountability. [Data: Relationships (1930)]

## Importance of performance evaluation in research and education

The evaluation of faculty research achievements and industry education activities is crucial for ensuring that educational institutions uphold high standards in both research and teaching. This evaluation process not only affects faculty members' careers but also influences the quality of education provided to students. The relationship with '연구·산학교육 활동 통계 관리에 관한 사항' (Management of Research and Industry Education Activity Statistics) further emphasizes the need for accurate data management in performance evaluations, which can lead to improved educational outcomes. [Data: Relationships (1932)]

## Role of statistics in evaluating research and education activities

The connection between the evaluation of faculty research achievements and the management of research and industry education activity statistics underscores the importance of data in assessing performance. Accurate statistical management is essential for making informed decisions regarding faculty evaluations, resource allocation, and institutional policies. This relationship highlights the need for robust data systems to support the evaluation process, ensuring that faculty contributions are recognized and rewarded appropriately. [Data: Relationships (1932)]

## Potential implications of research ethics violations

Violations of research ethics can have severe consequences for faculty members, including damage to their reputation, loss of funding, and disciplinary actions. The emphasis on research ethics within this community indicates a proactive approach to preventing misconduct and promoting integrity in research practices. Institutions that prioritize ethical standards are likely to foster a culture of trust and accountability, which can enhance their overall reputation and effectiveness in education and research. [Data: Entities (1422)]

## Impact of faculty evaluations on institutional reputation

The evaluation of faculty research achievements and industry education activities plays a significant role in shaping the reputation of educational institutions. High standards in faculty performance can attract students, funding, and partnerships, while poor evaluations can lead to negative perceptions and decreased enrollment. This community's focus on performance evaluation highlights the critical nature of maintaining high-quality faculty to ensure the institution's success and sustainability in a competitive academic landscape. [Data: Entities (1423)]",6.0
889,교원창업 and 벤처기업 Community,0.0013831258644536654,"# 교원창업 and 벤처기업 Community

The community focuses on the activities related to 교원창업 (teacher entrepreneurship) and its connection to 벤처기업 (venture companies). The relationship between these entities highlights the role of educators in establishing venture businesses, which is significant for innovation and economic development.

## 교원창업 as a catalyst for venture creation

교원창업 represents the activities of educators in establishing venture companies. This concept emphasizes the role of teachers not just as educators but as innovators and entrepreneurs. By engaging in venture creation, educators can contribute to the economy and foster a culture of innovation. This relationship is crucial as it indicates a shift in the traditional role of educators, potentially leading to new business models and educational practices. [Data: Entities (592), Relationships (917)]

## Definition and significance of 벤처기업

벤처기업 is defined under the special measures law for promoting venture businesses, highlighting its importance in the economic landscape. These companies are often characterized by their innovative approaches and potential for rapid growth. The legal framework supporting 벤처기업 provides a conducive environment for new ventures, which can lead to job creation and technological advancements. Understanding this definition is essential for grasping the broader implications of the community's activities. [Data: Entities (593)]

## Interconnection between 교원창업 and 벤처기업

The relationship between 교원창업 and 벤처기업 indicates that teacher entrepreneurship is directly linked to the establishment of venture companies. This connection suggests that educators are not only participants in the educational system but also active contributors to the entrepreneurial ecosystem. The combined degree of 3 in their relationship signifies a strong link, which could lead to collaborative efforts between educational institutions and the business sector. [Data: Relationships (917)]

## Potential for economic impact through education-driven ventures

The community's focus on 교원창업 and 벤처기업 suggests a significant potential for economic impact. By empowering educators to engage in entrepreneurship, there is an opportunity to stimulate local economies and promote innovation. This could lead to the development of new products and services, enhancing the overall economic landscape. The implications of this community extend beyond education, affecting various sectors and contributing to economic resilience. [Data: Relationships (917)]",6.0
307,Education Satisfaction Management Regulations,0.0013831258644536654,"# Education Satisfaction Management Regulations

The community is centered around the regulations governing education satisfaction management, specifically the 3-3-44 Education Satisfaction Management Regulations. The entities are interconnected through their roles in defining the scope and administrative responsibilities related to education satisfaction assessments.

## Scope of Application in Education Satisfaction Management

The '적용범위 제 3 조' outlines the scope of application for the education satisfaction management regulations, indicating that it applies to various educational and administrative services. This regulation is crucial as it sets the framework for how educational institutions assess and improve satisfaction among their stakeholders. The clarity in the scope helps ensure that all relevant services are included in satisfaction assessments, which can lead to better educational outcomes. [Data: Entities (4750); Relationships (6915)]

## Regulatory Framework of 3-3-44 Education Satisfaction Management

The '3-3-44 교육수요자만족도관리 시행세칙' serves as the foundational document for managing education satisfaction. It encompasses the scope and the responsible departments, providing a structured approach to evaluating and enhancing educational services. This framework is essential for ensuring that educational institutions are held accountable for the satisfaction of their stakeholders, thereby promoting continuous improvement in educational quality. [Data: Entities (4752); Relationships (6915, 6917)]

## Administrative Responsibility Defined

The '주관 부서 제 4 조' specifies that the Education Innovation Center is responsible for managing education satisfaction. This designation of responsibility is vital for ensuring that there is a dedicated body overseeing the implementation of satisfaction management practices. By having a clear administrative structure, the institution can effectively monitor and respond to satisfaction levels, which is critical for fostering a positive educational environment. [Data: Entities (4751); Relationships (6917)]

## Interconnectedness of Regulatory Entities

The relationships among the entities highlight their interconnectedness within the regulatory framework. For instance, the '적용범위 제 3 조' and '주관 부서 제 4 조' are both integral parts of the '3-3-44 교육수요자만족도관리 시행세칙', indicating that changes or updates in one area can significantly impact the others. This interconnectedness emphasizes the need for cohesive management and communication among the entities to ensure effective implementation of the regulations. [Data: Relationships (6915, 6917)]",4.0
293,학생지도위원회 규정 Community,0.0013831258644536654,"# 학생지도위원회 규정 Community

The community is centered around the 학생지도위원회 규정 (Student Guidance Committee Regulations), which outlines the structure and functions of the Student Guidance Committee. The regulations consist of multiple articles that detail the committee's composition, purpose, and terms, indicating a well-defined governance framework.

## Purpose of the Student Guidance Committee Regulations

The primary purpose of the 학생지도위원회 규정 is to establish the operational framework for the Student Guidance Committee, as stated in Article 1. This regulation is crucial for ensuring that the committee functions effectively and adheres to the academic policies outlined in the institution's statutes. The regulations serve as a foundational document that guides the committee's activities and decision-making processes, thereby impacting student governance. [Data: Entities (4079, 4083); Relationships (5776)]

## Composition of the Student Guidance Committee

According to Article 2 of the regulations, the Student Guidance Committee is composed of key academic leaders, including the university president, deans, and department heads. This structure ensures that the committee is representative of the institution's leadership and can effectively address student concerns. The involvement of high-ranking officials in the committee underscores its importance in shaping student policies and governance, which can have significant implications for the student body. [Data: Entities (4080); Relationships (5777)]

## Lack of specified term limits

Article 3 of the regulations notes that there are no specified term limits for committee members. This absence of defined terms may lead to concerns regarding accountability and the potential for stagnation within the committee. Without term limits, there is a risk that the same individuals may dominate the committee for extended periods, which could hinder the introduction of new ideas and perspectives. This aspect of the regulations may require further examination to ensure effective governance. [Data: Entities (4081); Relationships (5778)]

## Interconnectedness of the regulations

The articles of the 학생지도위원회 규정 are interconnected, with each article building upon the previous one. For instance, Article 1 establishes the purpose, while Article 2 details the composition, and Article 3 addresses the terms of committee members. This interconnectedness highlights the comprehensive nature of the regulations, ensuring that all aspects of the committee's operation are covered. Such a structured approach is essential for maintaining clarity and consistency in governance. [Data: Relationships (5776, 5777, 5778)]",4.0
87,Teacher Appointment Regulations Community,0.059474412171507604,"# Teacher Appointment Regulations Community

The community is centered around the various implementation dates and regulations related to the appointment of new teachers in South Korea. Key entities include specific dates marking the enforcement of revised regulations and the overarching document outlining these regulations, known as the '교원신규임용 시행세칙'. The relationships among these entities highlight the structured timeline and regulatory framework governing teacher appointments.

## Key implementation dates for teacher appointment regulations

The community is defined by several critical implementation dates that mark the enforcement of revised teacher appointment regulations. For instance, June 17, 2021, is recognized as a significant date for the implementation of new guidelines, which are part of a broader set of regulations that include multiple implementation dates. This structured timeline is essential for understanding the evolution of teacher appointment standards in South Korea [Data: Entities (2348); Relationships (3181)].

## The role of the '교원신규임용 시행세칙'

The '교원신규임용 시행세칙' serves as a foundational document outlining the procedures and requirements for the appointment of new faculty members at 한성대학교. This document is crucial for ensuring a transparent and structured process for faculty appointments, detailing necessary steps and criteria involved. Its comprehensive nature is highlighted by the organization of information across various sections, making it a vital resource for maintaining standards in faculty recruitment [Data: Entities (9695); Relationships (16171)].

## Significance of the 2008 and 2010 revisions

The revisions made in 2008 and 2010 are pivotal in shaping the current landscape of teacher appointment regulations. The changes implemented on March 11, 2008, and November 1, 2010, reflect a commitment to evolving educational standards. These dates are not only milestones in the regulatory timeline but also indicate a responsive approach to the needs of the educational system, ensuring that faculty appointments align with contemporary educational goals [Data: Entities (3353, 5386); Relationships (4596, 8143)].

## Impact of supplementary provisions

The supplementary provisions, referred to as '부칙', play a critical role in the regulatory framework by providing additional context and implementation dates for the revised regulations. For example, the provisions effective from November 28, 2018, and April 1, 2012, are essential for understanding the full scope of changes in teacher appointment guidelines. These provisions ensure that the regulations are comprehensive and adaptable to the evolving educational landscape [Data: Entities (4669); Relationships (6759, 5845)].

## Evaluation criteria for faculty appointments

The community also encompasses various evaluation criteria that are integral to the faculty appointment process. These criteria include assessments of educational character, scholarly potential, and contributions to school development. The structured evaluation process is designed to uphold high standards in faculty recruitment, ensuring that appointed individuals meet the necessary qualifications and align with the institution's educational mission [Data: Entities (9755, 9758); Relationships (16319)].",7.5
1041,Future Talent Department and ICT Convergence Design,0.017980636237897647,"# Future Talent Department and ICT Convergence Design

The community is centered around the Future Talent Department, the ICT Convergence Design Department, and the Setting Department, which collectively aim to prepare students for future societal demands through a comprehensive educational framework. These entities are interconnected, sharing a common goal of fostering talents suited for the evolving job market.

## Future Talent Department's educational mission

The Future Talent Department is dedicated to cultivating individuals who are well-suited for the demands of future society. This department plays a crucial role in shaping the educational landscape by focusing on future-oriented talents essential for various fields. Its integration with other departments enhances the educational experience, ensuring that students are equipped with the necessary skills to navigate the complexities of the modern job market. The department's emphasis on future readiness is vital for addressing the evolving needs of society and the economy. [Data: Entities (2449); Relationships (3333)]

## ICT Convergence Design Department's unique curriculum

The ICT Convergence Design Department offers a specialized curriculum that merges Information and Communication Technology (ICT) with design principles. This unique approach prepares students for the challenges of a rapidly changing job market, emphasizing the importance of interdisciplinary skills. The department's enrollment capacity has significantly increased from 6 students in 2022 to 17 students in 2023, indicating a growing interest in this field. Its association with Hansung University further enhances its credibility and outreach, making it a pivotal entity in the community. [Data: Entities (2448); Relationships (3298)]

## Collaboration among academic departments

The Future Talent Department, ICT Convergence Design Department, and Setting Department collaborate as part of a broader academic framework. This collaboration is essential for creating a cohesive educational experience that addresses the multifaceted challenges students will face in the future. By working together, these departments can share resources, expertise, and innovative teaching methods, ultimately enhancing the quality of education provided to students. This interconnectedness is a key strength of the community, fostering a holistic approach to talent development. [Data: Entities (2449, 2448, 2450); Relationships (3298, 3296)]

## Setting Department's role in the academic framework

The Setting Department is an integral part of the academic structure that includes the Future Talent Department and the ICT Convergence Design Department. Its role is to provide foundational support and resources that enhance the educational offerings of the other departments. By contributing to a well-rounded curriculum, the Setting Department ensures that students receive a comprehensive education that prepares them for future challenges. This collaborative environment is crucial for fostering innovation and adaptability among students. [Data: Entities (2450); Relationships (3296)]",7.5
1252,Academic Assessment Community: Midterm and Final Exams,0.005532503457814661,"# Academic Assessment Community: Midterm and Final Exams

The community focuses on the academic assessment framework, primarily revolving around key evaluation components such as 중간고사 (midterm exam), 기말고사 (final exam), 출석 (attendance), and their interrelations. These entities are governed by academic regulations and collectively contribute to the evaluation of student performance.

## Midterm and Final Exams as Core Assessment Tools

The 중간고사 (midterm exam) and 기말고사 (final exam) are essential components of the academic assessment process, each accounting for 30% of the overall grade. These exams are designed to measure students' understanding and mastery of course material, making them pivotal in evaluating academic performance. Their significance is underscored by their substantial weight in the grading system, which directly influences students' academic trajectories. [Data: Entities (7534, 7535); Relationships (12303, 12304)]

## Attendance's Role in Academic Evaluation

The 출석 (attendance) entity contributes 10% to the overall academic performance assessment, highlighting its importance in the evaluation process. Attendance is governed by strict academic regulations, ensuring that students are held accountable for their participation in classes. This component serves as a qualitative measure of student engagement and commitment, which is crucial for a comprehensive evaluation of learning outcomes. [Data: Entities (7537); Relationships (12306)]

## Evaluation Elements and Their Interconnections

The entity 평가요소 (evaluation elements) encompasses various components used in academic grading, including 중간고사, 기말고사, 출석, and others. This interconnectedness indicates that each element plays a role in the overall assessment strategy, and understanding these relationships is vital for comprehending the academic evaluation framework. The evaluation methods associated with these elements are integral to ensuring a fair and comprehensive assessment of student performance. [Data: Entities (7538); Relationships (12310)]

## Contribution of Class Participation to Grades

The 수업기여도 (class contribution) is a qualitative measure of a student's attitude and diligence in class, evaluated by instructors. This criterion is part of the broader evaluation elements and serves to assess students' engagement and participation, which are essential for a holistic understanding of their academic performance. The qualitative nature of this assessment adds depth to the evaluation process, emphasizing the importance of active participation in learning. [Data: Entities (7542); Relationships (12314)]",7.5
1431,HS Project and Student Success Initiatives,0.004149377593360996,"# HS Project and Student Success Initiatives

The community centers around the HS Project and its associated initiatives aimed at enhancing student success, including the Hanseong Talent Certification System and various operational guidelines. The entities are interconnected through their focus on student development and regulatory compliance, with significant documentation supporting their operations.

## HS Project as a central initiative

The HS Project (High Success Project) is a key entity in this community, focusing on the planning, development, and operation of programs aimed at enhancing student success. This initiative is crucial as it encompasses various aspects of educational support and is linked to multiple regulatory documents that guide its implementation. The project's comprehensive approach suggests a significant potential impact on student outcomes, making it a focal point for the community's efforts. [Data: Entities (1171); Relationships (1685)]

## Importance of Page 28 documentation

Page 28 serves as a critical reference point for various operational and regulatory documents related to the HS Project and other initiatives. It includes provisions from the 'Hanseong Academy Foundation Articles' and the 'Delegation Regulations' that outline the terms of office for executives and operational guidelines. This documentation is essential for ensuring compliance and effective governance within the community, highlighting the interconnectedness of the entities involved. [Data: Entities (1174); Relationships (1685, 1688)]

## Hanseong Talent Certification System's role

The Hanseong Talent Certification System is another significant initiative within this community, focusing on the planning and operation of student success models. This system is designed to evaluate and support student achievements, thereby contributing to the overall mission of enhancing educational outcomes. Its relationship with the HS Project indicates a collaborative effort to create a robust framework for student development. [Data: Entities (1173); Relationships (1688)]

## Student Success Model and Support System

The development and evaluation of the Student Success Model and Support System is a vital aspect of this community, aimed at providing comprehensive support for students. This initiative is closely linked to both the HS Project and the Hanseong Talent Certification System, indicating a cohesive strategy for improving student performance and satisfaction. The emphasis on evaluation and feedback mechanisms suggests a commitment to continuous improvement in educational practices. [Data: Entities (1172); Relationships (1684, 1686)]

## Interconnectedness of initiatives

The relationships among the HS Project, Hanseong Talent Certification System, and Student Success Model highlight the interconnected nature of these initiatives. Each entity contributes to a broader strategy aimed at enhancing student success, with shared goals and regulatory frameworks guiding their operations. This interconnectedness is crucial for understanding the community's overall impact on educational outcomes and compliance with institutional regulations. [Data: Relationships (1684, 1686)]",6.5
1215,Degree Application Community,0.004149377593360996,"# Degree Application Community

The community centers around the degree application process, specifically the '학위신청서' (degree application form), which is essential for individuals applying for degrees. Key entities include the application form, the applicant, and associated details such as the application number and submission date, all of which are interconnected in the degree application process.

## Central role of the '학위신청서'

The '학위신청서' is the primary document required for degree applications, serving as the foundation of this community. It contains critical information about the applicant and the degree sought, making it essential for the application process. The formal requirements outlined in the content design college documentation emphasize its significance, as it dictates the format and necessary details that must be included. This document's role is pivotal, as it directly influences the applicant's ability to progress in their academic journey. [Data: Entities (4659)]

## Importance of the applicant ('신청인')

The '신청인' is the individual who prepares and submits the '학위신청서', making them a crucial entity in this community. Their role is not only to fill out the application but also to ensure that all required information is accurately provided. The relationship between the applicant and the application form highlights the personal responsibility involved in the degree application process. This connection underscores the importance of the applicant's diligence and attention to detail, as any errors could impact their application outcome. [Data: Relationships (6796)]

## Role of application number ('접수번호')

The '접수번호' is the application number included in the '학위신청서', serving as a unique identifier for each application. This number is essential for tracking the status of the application and ensuring that it is processed correctly. The inclusion of this identifier in the application form emphasizes the administrative aspect of the degree application process, where organization and tracking are vital for both applicants and academic institutions. [Data: Entities (4701); Relationships (6801)]

## Significance of submission date ('접수일')

The '접수일' is the date on which the '학위신청서' is submitted, marking a critical point in the application timeline. This date is important for both applicants and institutions, as it can affect the processing time and eligibility for certain programs or deadlines. The relationship between the submission date and the application form highlights the time-sensitive nature of the degree application process, where timely submission is crucial for success. [Data: Entities (4698); Relationships (6802)]",4.0
24,Sexual Harassment and Violence Prevention Community,0.0027662517289073307,"# Sexual Harassment and Violence Prevention Community

This community focuses on the prevention and handling of sexual harassment and violence incidents through various entities such as grievance counseling centers, designated counselors, and educational programs. The interconnectedness of these entities highlights a structured approach to addressing these critical issues within the organization.

## Central role of the Grievance Counseling Center

The Grievance Counseling Center is a pivotal entity in this community, responsible for receiving and processing complaints related to sexual harassment and violence. It serves as the main hub for individuals seeking help, indicating its critical importance in addressing these issues. The center's operations are supported by designated counselors who ensure that complaints are handled sensitively and effectively. This structure is essential for fostering a safe environment and encouraging victims to come forward. [Data: Entities (4046), Relationships (5729)]

## Designated Counselors' responsibilities

Designated counselors play a crucial role in the Grievance Counseling Center, as they are specifically tasked with addressing sexual harassment and violence issues. The requirement for a balanced team, including both male and female counselors, ensures that victims feel comfortable and supported when seeking help. This approach is vital for effective communication and trust-building between the counselors and the individuals they assist. [Data: Entities (4047), Relationships (5724)]

## Preventive measures against sexual harassment and violence

The community emphasizes preventive measures through various initiatives, including training and awareness programs. The Grievance Counseling Center is responsible for conducting educational activities aimed at preventing sexual harassment and violence. These initiatives are essential for creating a culture of respect and safety within the organization, ultimately reducing the incidence of such cases. [Data: Entities (4048, 4052), Relationships (5725, 5731)]

## Support for victims of sexual harassment and violence

The community provides dedicated support for victims of sexual harassment and violence through counseling services. The Grievance Counseling Center offers assistance to individuals affected by these issues, ensuring they receive the necessary help and guidance. This support is crucial for the recovery and empowerment of victims, allowing them to navigate their experiences and seek justice. [Data: Entities (4049, 4050), Relationships (5726, 5728)]

## Cyber Reporting Center's role in incident management

The Cyber Reporting Center is an important entity that facilitates online reporting of sexual harassment and violence incidents. This modern approach allows individuals to report issues discreetly and conveniently, which can encourage more victims to come forward. The center also plays a role in establishing preventive measures to avoid the recurrence of such incidents, highlighting its significance in the overall community structure. [Data: Entities (4053), Relationships (5732)]

## Procedures for handling complaints

The community has established clear procedures for handling complaints related to sexual harassment and violence. These procedures are outlined by the Grievance Counseling Center and are designed to ensure that all cases are managed effectively and sensitively. Having a structured process in place is essential for maintaining accountability and transparency, which are critical for building trust within the community. [Data: Entities (4055), Relationships (5733)]",8.0
427,Outbound Permit Application Community,0.0027662517289073307,"# Outbound Permit Application Community

The community centers around the outbound permit application process, which involves various entities such as applicants, responsible personnel, and specific details required for the application. Each entity plays a crucial role in ensuring compliance and proper documentation for item registration management.

## Central role of the Outbound Permit Application Form

The Outbound Permit Application Form is the central document in this community, serving as the primary means through which applicants request permission to remove items. This form requires detailed information about the applicant, the items being requested, and the purpose of the request. The accuracy and completeness of this form are critical for compliance with item registration management regulations. Any discrepancies or omissions could lead to delays or rejections of applications, impacting the overall efficiency of the process. [Data: Entities (7231); Relationships (11715, 11717, 11718, 11719, 11720, +more)]

## Importance of the Applicant Entity

The applicant entity is crucial as it represents individuals or groups who initiate the outbound permit application process. This entity must provide accurate information regarding their department and faculty, which is essential for the processing of their requests. The relationship between the applicant and the application form highlights the need for clear communication and understanding of the requirements to avoid complications. [Data: Entities (6905); Relationships (11715)]

## Role of the Responsible Personnel

The responsible personnel entity is another key component of the outbound permit application process. This entity is required to provide their information on the application form, ensuring accountability and oversight in the approval process. The inclusion of responsible personnel helps maintain a structured approach to item management and compliance with regulations, which is vital for organizational integrity. [Data: Entities (7232); Relationships (11717)]

## Specific Item Details Required

The application form mandates the inclusion of specific details about the items being requested, such as item number, installation location, item name, model, duration of removal, destination, and reasons for removal. These details are essential for tracking and managing items effectively, ensuring that all necessary information is available for review and approval. The relationships between the application form and these item details underscore the importance of thorough documentation in the permit process. [Data: Entities (7233, 7234, 7235, 7236, 7237, 7238, 7239, 7240); Relationships (11718, 11719, 11720, 11721, 11723, 11724, 11725, 11726)]

## Compliance with Item Registration Management Regulations

The entire community is governed by the regulations outlined in the document for item registration management, specifically the implementation regulations for item registration management. Compliance with these regulations is critical to ensure that all outbound requests are processed correctly and legally. The relationships among the entities and the application form reflect the structured approach required to adhere to these regulations, highlighting the community's focus on legal compliance. [Data: Entities (7231, 6905, 7232, 7233, 7234); Relationships (11715, 11717, 11718, 11719, 11720, +more)]",6.5
1358,Korean Language Education Community,0.0027662517289073307,"# Korean Language Education Community

The community focuses on the Korean language education programs for international students, comprising various entities that manage and operate these educational initiatives. The entities are interconnected through their roles in curriculum development, class management, and academic performance oversight.

## Central role of Korean Language Education Program

The '한국어 교육 프로그램 운영' entity is pivotal in this community, overseeing the operations of Korean language education for international students. This program is essential for facilitating the integration of foreign students into the academic environment, ensuring they acquire necessary language skills. Its successful implementation directly influences the academic performance and overall experience of these students, making it a critical component of the community. [Data: Entities (1653), Relationships (2221)]

## Importance of Regular Curriculum Development

The '한국어교육 정규과정 운영' entity is responsible for establishing and managing the regular curriculum for Korean language education. This entity's role is crucial as it ensures that the educational content is relevant, comprehensive, and aligned with the needs of international students. The curriculum's effectiveness can significantly impact students' language acquisition and their ability to succeed in their studies. [Data: Entities (1654), Relationships (2221, 2222)]

## Class Management and Oversight

The '수업 진행 및 관리' entity is tasked with the management and oversight of Korean language classes. This includes ensuring that classes are conducted effectively, monitoring student engagement, and implementing assessments. The quality of class management is vital for maintaining high educational standards and fostering a conducive learning environment for students. [Data: Entities (1655), Relationships (2222, 2223)]

## Academic Performance Management

The '성적 관리' entity focuses on managing students' academic performance, which includes overseeing grades and assessments. This entity plays a significant role in ensuring that students' academic records are accurately maintained, which is essential for their progression and success in their studies. Effective performance management can help identify students who may need additional support, thereby enhancing their educational outcomes. [Data: Entities (1656), Relationships (2223)]

## Interconnectedness of Educational Entities

The relationships among the entities highlight the interconnected nature of the Korean language education community. Each entity plays a specific role that complements the others, creating a cohesive system aimed at supporting international students. For instance, the curriculum developed by the '한국어교육 정규과정 운영' entity directly informs the class management practices of the '수업 진행 및 관리' entity, illustrating the collaborative effort required to achieve educational goals. [Data: Relationships (2220, 2221, 2222, 2223)]",6.5
1179,우촌장학금 Scholarship Program,0.0027662517289073307,"# 우촌장학금 Scholarship Program

The community centers around the 우촌장학금 scholarship program, which provides financial support to new students based on specific academic criteria. The program is set to be implemented in the 2023 and 2024 academic years, establishing a clear timeline for its benefits and eligibility requirements.

## 우촌장학금 as a key financial support mechanism

The 우촌장학금 scholarship program is designed to provide significant financial support to new students who meet specific academic criteria. This program offers full coverage of admission fees, tuition, and textbook costs for students who achieve a grade point average of 3.8 or higher. The establishment of such a scholarship can greatly influence the accessibility of education for high-achieving students, potentially increasing enrollment rates and academic competition. [Data: Entities (3740)]

## Implementation timeline for the scholarship

The 우촌장학금 scholarship program is set to be implemented starting from the 2023 academic year, with provisions extending into the 2024 academic year. This timeline indicates a structured approach to rolling out the scholarship, allowing prospective students to prepare and apply accordingly. The phased implementation may also help educational institutions manage the financial implications of the scholarship program effectively. [Data: Relationships (5265, 5266)]

## Eligibility criteria for scholarship recipients

To qualify for the 우촌장학금, students must be admitted through an entrance examination and maintain a high academic standard, specifically a GPA of 3.8 or higher. This stringent eligibility criterion ensures that the scholarship is awarded to students who demonstrate exceptional academic performance, thereby promoting a culture of excellence within the educational community. The focus on merit-based support can also encourage students to strive for higher academic achievements. [Data: Entities (3740)]

## Financial implications for educational institutions

The introduction of the 우촌장학금 scholarship program may have significant financial implications for the educational institutions involved. By providing full coverage of various costs for eligible students, institutions may need to adjust their budgets and financial planning to accommodate the scholarship's impact. This could lead to increased competition among institutions to attract high-achieving students, as well as potential changes in tuition structures or funding allocations. [Data: Entities (3740)]

## Future developments in scholarship offerings

The establishment of the 우촌장학금 scholarship program may pave the way for future scholarship offerings that cater to different student demographics or academic disciplines. As the program evolves, there may be opportunities to expand its reach or adjust its criteria to better serve the needs of the student population. This adaptability could enhance the overall educational landscape and provide more diverse financial support options for students. [Data: Entities (3740), Relationships (5265, 5266)]",6.0
552,Academic Regulations and Guidelines Community,0.0027662517289073307,"# Academic Regulations and Guidelines Community

This community encompasses various academic regulations and guidelines related to student participation in extracurricular programs, point carryover systems, and limits on academic points. The entities are interconnected through their references to a central document outlining these regulations, indicating a structured approach to managing academic performance and extracurricular involvement.

## Graduation and Completion Standards

The entity '졸업 수료생 운영 기준 제 8 조' outlines the standards for graduation and completion for students who have met course credit requirements but not extracurricular point requirements. This regulation is crucial as it defines the criteria under which students can graduate, emphasizing the importance of both academic and extracurricular achievements. The guidelines specify that students can participate in programs not limited to current students and that they may incur costs for participation, which could affect student engagement and financial planning. [Data: Entities (2128); Relationships (2791)]

## Carryover System for Academic Points

The '이월 제도 제 7 조' describes the regulations regarding the carryover of academic points, allowing students to transfer excess points to subsequent semesters. This regulation is significant as it provides flexibility for students who may exceed point limits in a given semester, ensuring they do not lose their earned points. The structured carryover system is designed to accommodate students' academic journeys, particularly those who may take leaves of absence, thereby promoting continued engagement with their studies. [Data: Entities (2126); Relationships (2788)]

## Operational Guidelines for Extracurricular Programs

The '비교과교육과정 운영에 관한 시행세칙' serves as the foundational document for the operational guidelines of extracurricular programs. It encompasses various regulations, including the carryover system and limits on academic points, indicating a comprehensive framework for managing student involvement in non-academic activities. This document is essential for ensuring that students understand the boundaries and opportunities available to them, thereby influencing their participation in extracurricular programs. [Data: Entities (2127); Relationships (2788)]

## Limits on Academic Points

The '적용 한도 제 6 조' establishes the maximum allowable points for students, which is set at 200 points per semester and 400 points for students in their eighth semester. This regulation is critical as it directly impacts students' academic planning and their ability to meet graduation requirements. By setting these limits, the institution aims to maintain academic integrity and ensure that students are not overwhelmed by excessive point accumulation, which could detract from their overall educational experience. [Data: Entities (2125); Relationships (2786)]",4.5
1363,Re-Admission Regulations Community,0.0027662517289073307,"# Re-Admission Regulations Community

The community focuses on the regulations surrounding the re-admission process for students who have withdrawn or been expelled from their academic programs. Key entities include the re-admission regulation itself and the dates marking significant changes in related academic policies.

## Re-Admission Regulation as a central entity

The re-admission regulation is a crucial entity in this community, outlining the conditions under which students who have withdrawn or been expelled can return to their academic programs. This regulation is significant as it directly affects students' academic trajectories and the institution's ability to manage enrollment effectively. The regulation's stipulation that there must be available spots in the program is particularly important, as it can influence the overall student population and institutional resources. [Data: Entities (2644), Relationships (3600)]

## Establishment of regulations on 2004.10.26

The date 2004.10.26 marks the establishment of regulations concerning the selection of new students and the re-admission process. This foundational date is significant as it represents the beginning of formalized policies that govern student re-admission, which can have long-term effects on institutional practices and student experiences. The introduction of these regulations likely aimed to create a structured approach to managing student re-admissions, thereby enhancing the institution's academic integrity and operational efficiency. [Data: Entities (2648), Relationships (3600)]

## Amendment of Graduate School Regulations on 2021.1.28

The date 2021.1.28 signifies the amendment of the graduate school regulations, which may include updates to the re-admission policies. This amendment is crucial as it reflects the institution's responsiveness to changing educational needs and standards. By revising these regulations, the institution demonstrates its commitment to maintaining relevant and effective policies that support student success and institutional goals. The implications of such amendments can affect both current and prospective students, influencing their decisions regarding enrollment and re-admission. [Data: Entities (2649), Relationships (3602)]

## Interconnectedness of regulations

The relationships between the re-admission regulation and the significant dates of 2004.10.26 and 2021.1.28 highlight the interconnectedness of institutional policies. These relationships indicate that changes in one area can have cascading effects on others, particularly in how students are managed within the academic system. Understanding these connections is vital for stakeholders, as it can inform decisions related to policy implementation and student support services. [Data: Relationships (3600, 3602)]",4.0
982,캠퍼스타운 사업과 지역 활성화,0.0013831258644536654,"# 캠퍼스타운 사업과 지역 활성화

The community centers around the 캠퍼스타운 사업 실행계획, which outlines the execution plan for the 캠퍼스타운 project. This plan is interconnected with various entities such as 캠퍼스타운아카데미, 지역활성화협의회, and specific documentation, indicating a collaborative effort towards entrepreneurship and regional revitalization.

## 캠퍼스타운 사업 실행계획 as the core framework

The 캠퍼스타운 사업 실행계획 serves as the central framework for the community, detailing the execution plan for the 캠퍼스타운 project. This plan encompasses various initiatives aimed at fostering entrepreneurship and supporting local businesses. Its comprehensive nature suggests that it plays a pivotal role in shaping the community's economic landscape. The relationships established with other entities highlight its importance in coordinating efforts for regional development. [Data: Entities (2071); Relationships (2698, 2699, 2700, 2701)]

## Role of 캠퍼스타운아카데미 in entrepreneurship education

The 캠퍼스타운아카데미 is a key entity focused on providing education related to entrepreneurship. Its connection to the 캠퍼스타운 사업 실행계획 indicates that it is integral to the community's efforts to nurture new business ventures. By equipping aspiring entrepreneurs with the necessary skills and knowledge, the academy contributes significantly to the overall success of the 캠퍼스타운 project. This educational initiative is crucial for fostering a culture of innovation and business development within the community. [Data: Entities (2075); Relationships (2699)]

## Impact of 지역활성화협의회 on local revitalization

The 지역활성화협의회 plays a vital role in the community by focusing on local revitalization efforts. Its relationship with the 캠퍼스타운 사업 실행계획 suggests that it collaborates closely with other entities to enhance the economic and social fabric of the area. This council's initiatives are likely aimed at improving community engagement and supporting local businesses, which are essential for sustainable development. The synergy between this council and the execution plan underscores the importance of collective action in achieving regional goals. [Data: Entities (2076); Relationships (2700)]

## Significance of documentation in the execution plan

The document titled 페이지 82 contains various programs and operational details related to the 캠퍼스타운 project. Its inclusion in the 캠퍼스타운 사업 실행계획 indicates that it serves as a reference point for stakeholders involved in the project. This documentation is crucial for ensuring transparency and accountability in the execution of the plan, as well as providing a framework for evaluating progress and outcomes. The relationship between this document and the execution plan highlights the importance of structured information in guiding community initiatives. [Data: Entities (2081); Relationships (2701)]",7.5
800,Educational Evaluation Regulations and Committee,0.0013831258644536654,"# Educational Evaluation Regulations and Committee

The community is centered around the educational evaluation regulations, specifically focusing on the implementation and utilization of course evaluations. Key entities include the regulations themselves and the evaluation committee, which are interrelated and play a significant role in improving educational quality.

## Interconnectedness of Evaluation Regulations

The regulations regarding course evaluations are interconnected, with specific articles detailing their implementation and the roles of associated committees. For instance, Article 13 outlines the necessity of conducting evaluations each semester to enhance course quality, while Article 14 establishes the evaluation committee's role in overseeing these processes. This interconnectedness suggests a structured approach to educational assessment, which is crucial for maintaining high standards in teaching. [Data: Entities (3504, 3505, 3506); Relationships (4886, 4889)]

## Role of the Evaluation Committee

The evaluation committee, as described in Article 14, is tasked with reviewing significant matters related to course evaluations. This committee's establishment indicates a formalized process for ensuring that evaluations are conducted effectively and that the results are utilized appropriately. The committee's oversight is essential for maintaining the integrity of the evaluation process and ensuring that it contributes to educational improvement. [Data: Entities (3505); Relationships (4889)]

## Implementation Date of Regulations

The regulations were officially implemented on October 1, 2020, marking a significant milestone in the educational evaluation framework. This date is crucial as it signifies the beginning of a structured approach to course evaluations, which can impact faculty performance assessments and educational quality. The implementation date also serves as a reference point for evaluating the effectiveness of these regulations over time. [Data: Entities (3507); Relationships (4891)]

## Focus on Quality Improvement

The primary goal of the course evaluation regulations is to improve the quality of education. By mandating evaluations each semester, the regulations aim to gather feedback that can lead to actionable insights for enhancing teaching methods and course content. This focus on continuous improvement is vital for adapting to changing educational needs and ensuring that students receive a high-quality learning experience. [Data: Entities (3504); Relationships (4886)]

## Utilization of Evaluation Results

The results of the course evaluations are intended to be used in faculty performance assessments, as stated in Article 13. This utilization underscores the importance of the evaluations not just as a feedback mechanism but also as a tool for accountability and professional development among educators. The implications of this practice can significantly influence teaching quality and faculty engagement in the evaluation process. [Data: Entities (3504); Relationships (4886)]",6.5
1425,Student Success Programs: 중도탈락 예방 프로그램 and 비교과 교육과정,0.0013831258644536654,"# Student Success Programs: 중도탈락 예방 프로그램 and 비교과 교육과정

The community focuses on two key programs aimed at enhancing student success: the 중도탈락 예방 프로그램 (Dropout Prevention Program) and the 비교과 교육과정 (Co-curricular Curriculum). These programs are interconnected, both contributing to the overarching goal of supporting students in their educational journeys.

## 중도탈락 예방 프로그램 as a central initiative

The 중도탈락 예방 프로그램 is a crucial initiative designed to prevent student dropout, focusing on planning, development, operation, and support. This program is essential in addressing the challenges faced by students, particularly those at risk of leaving their educational paths. Its implementation can significantly affect student retention rates and overall success, making it a vital component of the community's efforts. [Data: Entities (1166)]

## 비교과 교육과정's role in student success

The 비교과 교육과정 is another key program that complements the 중도탈락 예방 프로그램 by providing a structured curriculum aimed at enhancing student success. This program encompasses various activities and initiatives that support students outside of traditional academic settings, thereby fostering a more holistic educational experience. The relationship between these two programs highlights a comprehensive approach to student support. [Data: Entities (1165)]

## Interconnection between the two programs

The relationship between the 중도탈락 예방 프로그램 and the 비교과 교육과정 indicates a collaborative effort to enhance student outcomes. Both programs share a common goal of promoting student success, which suggests that their combined efforts could lead to more effective strategies for addressing student needs. This interconnectedness is crucial for understanding how these initiatives can work together to create a supportive educational environment. [Data: Relationships (1672)]

## Location significance of 중도탈락 예방 프로그램

The 중도탈락 예방 프로그램 is specifically located at '페이지 27', which may indicate a dedicated space or resource center for students seeking support. This physical location could serve as a hub for students to access various resources and assistance, further enhancing the program's effectiveness in preventing dropouts. The significance of this location underscores the importance of accessibility in educational support initiatives. [Data: Relationships (1674)]",6.0
495,Regulatory Amendments Community,0.0013831258644536654,"# Regulatory Amendments Community

The community consists of various regulatory amendments that are interrelated through their effective dates and the regulations they pertain to. Each amendment is linked to others, indicating a structured evolution of regulations over time.

## Interconnectedness of Regulatory Amendments

The regulatory amendments are closely interconnected, with each new amendment referencing previous ones. For instance, the amendment effective from March 1, 2022, is related to the one announced on February 24, 2022, indicating a continuous evolution of regulations that may affect compliance requirements. This interconnectedness suggests that changes in one regulation could have cascading effects on others, necessitating careful monitoring and adaptation by organizations affected by these rules. [Data: Entities (3728, 3725, 3726, 3727); Relationships (5256)]

## Timeline of Regulatory Changes

The community's amendments span several years, with significant changes occurring on March 25, 2020, July 27, 2020, April 9, 2021, and March 1, 2022. This timeline indicates a proactive approach to regulatory updates, which may reflect changing societal needs or compliance requirements. Organizations must stay informed about these changes to ensure they remain compliant and can adapt their practices accordingly. [Data: Entities (3725, 3726, 3727, 3728); Relationships (5253, 5254, 5255)]

## Potential Compliance Challenges

The frequent updates to regulations may pose compliance challenges for organizations. Each amendment introduces new requirements or modifies existing ones, which can lead to confusion or oversight if not properly managed. Organizations must implement robust compliance frameworks to navigate these changes effectively and avoid potential penalties. [Data: Entities (3725, 3726, 3727, 3728); Relationships (5253, 5254, 5255)]

## Impact of Regulatory Changes on Stakeholders

The amendments have implications for various stakeholders, including businesses, regulatory bodies, and the public. Changes in regulations can affect operational practices, financial reporting, and overall governance. Stakeholders must engage with these amendments to understand their rights and responsibilities under the new rules. [Data: Entities (3725, 3726, 3727, 3728); Relationships (5253, 5254, 5255)]

## Historical Context of Amendments

The amendments reflect a historical context of regulatory evolution, indicating how past events or societal changes have influenced current regulations. Understanding this context can provide insights into the rationale behind specific amendments and help stakeholders anticipate future changes. [Data: Entities (3725, 3726, 3727, 3728); Relationships (5253, 5254, 5255)]",4.5
777,Facility Management Regulations Community,0.0013831258644536654,"# Facility Management Regulations Community

The community is centered around facility management regulations, specifically focusing on the rules regarding usage, rental, and compensation for damages. The entities are interconnected through their regulatory framework, highlighting the importance of compliance and governance in facility management.

## Interconnectedness of Facility Management Regulations

The entities within this community represent various aspects of facility management regulations, specifically Articles 7, 8, and 9. These articles are interrelated, with Article 8 concerning rental procedures being linked to Article 9, which outlines additional provisions not specified in other articles. This interconnectedness suggests that changes or violations in one area could have cascading effects on the others, emphasizing the need for comprehensive understanding and adherence to all regulations. [Data: Entities (8709, 8710, 8711); Relationships (14376, 14375, 14377)]

## Article 7: Compensation for Damages

Article 7 outlines the responsibilities of users regarding compensation for damages incurred during facility use. This regulation is crucial as it holds users accountable for their actions, ensuring that facilities are maintained and that any damages are rectified promptly. The enforcement of this article is vital for the sustainability of facility management practices, as it directly impacts the financial and operational aspects of facility maintenance. [Data: Entities (8709); Relationships (14375)]

## Article 8: Rental Procedures

Article 8 governs the rental of facilities to external parties, stipulating that such rentals must not interfere with security and academic operations. This regulation is significant as it balances the need for facility utilization with the imperative of maintaining a secure and functional environment. The approval process outlined in this article is essential for ensuring that all rentals are conducted in a manner that aligns with institutional priorities. [Data: Entities (8710); Relationships (14376)]

## Article 9: Additional Provisions

Article 9 serves as a catch-all for provisions not explicitly covered in other articles, allowing for flexibility in facility management. This article is important as it empowers the administration to make decisions that are contextually relevant and necessary for effective facility governance. The ability to adapt regulations as needed is crucial for responding to unforeseen circumstances or changes in operational needs. [Data: Entities (8711); Relationships (14377)]",4.5
803,Online Course Responsibility and Attendance Metrics,0.0013831258644536654,"# Online Course Responsibility and Attendance Metrics

This community focuses on the standards and metrics related to online course responsibilities, attendance, and credit hours. The entities are interconnected, with the total number of students influencing various aspects such as course hours and additional credits.

## Responsibility Hours for Online Courses

The entity '100% 온라인수업 교과목의 책임시간 인정' outlines the criteria for recognizing responsibility hours for fully online courses. This is crucial for educational institutions to ensure that they meet regulatory standards and provide adequate instructional time. The guidelines extracted from the '3-3-15 교원교수시간에 관한 시행세칙' document emphasize the importance of accountability in online education, which is increasingly relevant in today's digital learning environment. [Data: Entities (2604); Relationships (3550)]

## Total Enrollment as a Key Metric

The '총 수강인원' entity serves as a foundational metric that influences various other aspects of course management, including course hours and additional credits. This metric is essential for institutions to allocate resources effectively and ensure that courses are adequately staffed and equipped to handle the number of enrolled students. The relationships indicate that the total enrollment directly affects the determination of course hours and additional credits, highlighting its central role in the community. [Data: Entities (2605); Relationships (3551, 3552, 3553)]

## Course Hours Determined by Enrollment

The '과목시수(A)' entity specifies the course hours based on the total number of students enrolled. This relationship underscores the need for educational institutions to adapt their course offerings based on enrollment figures, ensuring that they provide sufficient instructional time to meet student needs. The guidelines extracted from the governing document provide a framework for how these hours should be calculated, which is vital for maintaining educational standards. [Data: Entities (2606); Relationships (3551)]

## Additional Credits Based on Enrollment

The '추가시수(B)' entity outlines the criteria for additional credits that can be awarded based on the total number of students. This is particularly important for institutions looking to incentivize larger enrollments or provide additional resources for high-demand courses. The relationship with total enrollment indicates that as student numbers increase, the potential for additional credits also rises, which can impact course planning and resource allocation. [Data: Entities (2607); Relationships (3552)]

## Recognition of Credits Based on Enrollment

The '인정시수(C=A+B)' entity combines the course hours and additional credits to establish a comprehensive recognition of credits based on enrollment. This metric is crucial for ensuring that students receive appropriate credit for their participation in online courses, which can affect their academic progress and institutional compliance. The relationship with total enrollment highlights the interconnectedness of these metrics and their collective impact on educational quality. [Data: Entities (2608); Relationships (3553)]",4.5
1200,Degree Application Community,0.0013831258644536654,"# Degree Application Community

The community is centered around the degree application process, involving key entities such as the applicant's personal information and the type of degree being applied for. The relationships between these entities highlight the procedural requirements for submitting a degree application.

## Importance of Applicant's Personal Information

The applicant's personal information is a critical component of the degree application process. This entity includes essential details such as the applicant's name, student ID, date of birth, and phone number, which are necessary for verifying identity and eligibility. The relationship between this information and the degree application form indicates that any inaccuracies could lead to complications in processing applications. Therefore, ensuring the accuracy of this information is vital for a smooth application process. [Data: Entities (4688), Relationships (6773)]

## Role of Degree Type Selection

The selection of the degree type is another key aspect of the application process. Applicants must choose the specific degree they wish to pursue, which is linked to their personal information. This relationship emphasizes the need for applicants to be well-informed about their options, as the chosen degree type can significantly influence their academic trajectory and career opportunities. Misunderstandings or errors in this selection could lead to inappropriate applications, affecting the applicant's future. [Data: Entities (4686), Relationships (6777)]

## Interconnectedness of Application Components

The interconnectedness of the applicant's personal information and the degree type highlights the complexity of the application process. Each component must be accurately completed and submitted together to ensure that the application is valid. This relationship underscores the importance of a comprehensive understanding of the application requirements, as any oversight could result in delays or rejections. [Data: Relationships (6773, 6777)]

## Potential for Application Errors

Given the critical nature of the information required for degree applications, there is a potential for errors that could have significant consequences. For instance, if an applicant fails to provide accurate personal information or selects an incorrect degree type, it could lead to application denial or delays. This risk highlights the importance of thoroughness and attention to detail in the application process. [Data: Relationships (6773, 6777)]",4.0
304,Honorary Retirement Committee and Regulations,0.0013831258644536654,"# Honorary Retirement Committee and Regulations

The community is centered around the Honorary Retirement Committee and the associated regulations governing honorary retirements for staff. The entities are interconnected through specific articles that outline the committee's responsibilities and the decision-making process regarding honorary retirements.

## Honorary Retirement Committee's role

The Honorary Retirement Committee is a crucial entity in this community, tasked with reviewing and making decisions regarding honorary retirements. This committee operates under the guidelines set forth in the associated regulations, specifically Article 7, which establishes its formation and operational framework. The committee's decisions can significantly affect the careers and lives of faculty and staff, making its role vital in maintaining institutional integrity and staff satisfaction. [Data: Entities (3057, 3059); Relationships (4029)]

## Regulations governing honorary retirements

The regulations titled '3-2-18 교직원 명예퇴직 및 수당지급에 관한 규정' provide the foundational legal framework for the honorary retirement process. This document outlines the procedures and criteria for evaluating honorary retirement applications, ensuring that the process is transparent and fair. The existence of these regulations is essential for guiding the committee's actions and decisions, thereby influencing the overall governance of staff retirements within the institution. [Data: Entities (3059); Relationships (4029, 4031)]

## Article 7's significance

Article 7 of the regulations establishes the Honorary Retirement Committee, detailing its composition and decision-making authority. This article is critical as it formalizes the committee's existence and outlines how it should operate, ensuring that decisions regarding honorary retirements are made by a designated group rather than arbitrarily. The implications of this structure are significant, as it promotes accountability and adherence to established procedures. [Data: Entities (3057); Relationships (4029)]

## Article 8's decision-making process

Article 8 outlines the decision-making process for the Honorary Retirement Committee, specifying that recommendations for honorary retirements must be made within 30 days of application submission. This timeline is crucial for maintaining efficiency and responsiveness in the retirement process, which can impact staff morale and institutional planning. The article emphasizes the importance of timely decisions in fostering a supportive work environment. [Data: Entities (3058); Relationships (4031)]",4.0
644,Academic Research Funding Regulations,0.0013831258644536654,"# Academic Research Funding Regulations

The community is centered around the academic research funding regulations, specifically focusing on various sections and clauses that govern the distribution and types of research funding. The entities are interconnected through their references to specific clauses and pages within the regulations, indicating a structured framework for academic funding.

## Key sections of the academic funding regulations

The community comprises several key sections of the academic research funding regulations, including the deletion of specific clauses and the implications of these changes. For instance, the deletion of Article 10 indicates a significant alteration in the regulatory framework, which could affect how funding is allocated and managed. This deletion is noted in the document extracted from the regulations, highlighting its importance in the overall structure of the funding guidelines. [Data: Entities (7352); Relationships (11937)]

## Interconnections between sections

The relationships among the sections of the regulations reveal a complex interdependence. For example, Section 4 is linked to the deletion of Section 9, indicating that changes in one section can have cascading effects on others. This interconnectedness is crucial for understanding the implications of regulatory changes on academic funding practices. The relationships suggest that stakeholders must consider the entire framework when assessing the impact of any amendments. [Data: Entities (7351); Relationships (11934)]

## Focus on research funding types

One of the entities, Article 8, specifically addresses the types of research funding available to faculty members. This section outlines various funding sources, including university-provided research funds and support for conference participation. Understanding these funding types is essential for faculty and institutions as they navigate the academic funding landscape. The clarity and accessibility of this information can significantly influence research activities and academic output. [Data: Entities (7349); Relationships (11931)]

## Implications of deleted clauses

The deletion of specific clauses, such as Article 10, raises questions about the regulatory environment for academic research. Such deletions can lead to uncertainty among faculty regarding funding eligibility and the types of support available. This uncertainty can impact research initiatives and the overall academic environment, making it essential for stakeholders to stay informed about regulatory changes. [Data: Entities (7352); Relationships (11937)]

## Regulatory framework's influence on academic practices

The academic research funding regulations serve as a foundational framework that influences various academic practices, including research proposals and funding applications. The clarity and comprehensiveness of these regulations can directly affect the success of research initiatives and the ability of faculty to secure funding. Therefore, understanding the nuances of these regulations is vital for academic institutions and their faculty members. [Data: Entities (7350); Relationships (11933)]",4.0
1256,역량장학 Program and Regulations,0.0013831258644536654,"# 역량장학 Program and Regulations

The community centers around the 역량장학 program, which provides tuition support based on student capabilities, and its associated regulations established on February 2, 2018. The relationship between the scholarship program and its regulatory framework is crucial for understanding its operational context.

## 역량장학 as a financial support mechanism

The 역량장학 program is designed to support students' tuition based on their capabilities. This scholarship program plays a significant role in enhancing educational access for students who may otherwise struggle to afford tuition fees. By providing financial assistance, the program aims to promote equity in education and encourage students to excel academically. The program's impact on students' educational journeys can be profound, as it directly influences their ability to pursue higher education. [Data: Entities (3761)]

## Establishment of regulations on February 2, 2018

The regulations governing the 역량장학 program were established on February 2, 2018. This date marks a significant milestone in the formalization of the scholarship's operational guidelines, ensuring that the program is administered fairly and transparently. The establishment of these regulations is crucial for maintaining the integrity of the scholarship program and ensuring that it meets its intended goals. The regulatory framework provides a structure for evaluating student eligibility and managing funds, which is essential for the program's sustainability. [Data: Entities (3765)]

## Interconnection between scholarship and regulations

The relationship between the 역량장학 program and its regulations is vital for understanding how the scholarship operates. The regulations set forth the criteria and processes for awarding scholarships, which directly impacts the program's effectiveness. This interconnectedness ensures that the scholarship is not only accessible but also aligned with educational standards and goals. The regulatory framework helps to mitigate potential issues such as misallocation of funds or unfair practices in awarding scholarships. [Data: Relationships (5301)]",4.0
880,Academic Conference Proceedings and Presentations,0.0013831258644536654,"# Academic Conference Proceedings and Presentations

The community is centered around the academic conference proceedings, which include papers presented at the conference. The relationship between the proceedings and the presented papers highlights the importance of documentation in academic discourse.

## Academic Conference Proceedings as a key entity

The academic conference proceedings represent a collection of papers presented at a conference, serving as a vital resource for disseminating research findings. This entity is crucial for maintaining the integrity and continuity of academic work, as it provides a formal record of the contributions made during the conference. The proceedings are essential for researchers and scholars who rely on documented evidence of academic discussions and advancements. [Data: Entities (6702)]

## Role of Presentation Papers

The presentation papers are individual contributions made during the academic conference, showcasing specific research findings or theoretical advancements. These papers are integral to the proceedings, as they provide the content that is compiled into the conference documentation. The quality and relevance of these papers can significantly influence the reputation of the conference and the participating institutions. [Data: Entities (6703)]

## Relationship between Proceedings and Presentation Papers

The relationship between the academic conference proceedings and the presentation papers indicates that the proceedings contain the papers presented at the conference. This connection underscores the importance of the proceedings as a comprehensive record of the conference's intellectual output. It also highlights the collaborative nature of academic research, where multiple authors contribute to a collective body of knowledge. [Data: Relationships (10632)]",3.0
29,Smart Remote Education Center Community,0.18533886583679116,"# Smart Remote Education Center Community

The community is centered around the Smart Remote Education Center, which focuses on enhancing the quality of education through remote learning initiatives. Key entities include various regulations and support centers that facilitate educational programs, student success, and international cooperation, all interconnected through their roles in academic administration and educational innovation.

## Smart Remote Education Center's pivotal role

The Smart Remote Education Center is the core entity in this community, dedicated to improving the quality of education through the development and management of remote learning content. This center plays a crucial role in facilitating innovative educational practices and ensuring that students have access to quality remote education. Its leadership structure, which includes a center head who is a faculty member, emphasizes its importance in the academic hierarchy and its influence on educational policies. The center's initiatives are vital for adapting to the evolving educational landscape, particularly in response to global trends in remote learning. [Data: Entities (1143); Relationships (1639)]

## Regulatory framework supporting remote education

The community is governed by a comprehensive set of regulations, including the Smart Remote Education Center regulations, which outline the center's purpose, operations, and responsibilities. These regulations ensure that the center operates effectively and aligns with the institution's educational goals. For instance, the regulations specify the center's mission to enhance educational quality and provide open learning opportunities, which are essential for fostering an inclusive educational environment. The structured approach to governance helps maintain high standards in remote education and supports continuous improvement in teaching methodologies. [Data: Entities (3071, 3072, 3073, 3074, 3075); Relationships (4059, 4060, 4061, 4065, 4066)]

## Student Success Center's contributions

The Student Success Center is integral to the community, focusing on supporting students' academic and career success. It develops and manages various programs aimed at preventing dropout rates and enhancing student engagement. The center's initiatives are crucial for ensuring that students receive the necessary support to thrive in their academic pursuits. By collaborating with other entities, such as the Smart Remote Education Center, the Student Success Center plays a vital role in creating a supportive educational environment that addresses the diverse needs of students. [Data: Entities (1162); Relationships (1665)]

## International Exchange Team's role in global cooperation

The International Exchange Team is dedicated to fostering international collaboration and enhancing the educational experience for foreign students. This team conducts satisfaction surveys and facilitates educational exchanges, which are essential for promoting cultural diversity and global learning opportunities within the institution. By supporting international cooperation, the team contributes to the community's goal of providing a comprehensive educational experience that prepares students for a globalized world. [Data: Entities (1560); Relationships (2126)]

## Quality assurance measures in remote education

Quality assurance is a critical aspect of the community's operations, particularly concerning remote education. The regulations stipulate that video content for remote courses must undergo quality management, ensuring that educational materials meet high standards. This focus on quality is essential for maintaining the integrity of remote learning and ensuring that students receive effective instruction. The establishment of quality control measures reflects the community's commitment to continuous improvement and accountability in educational practices. [Data: Entities (4595); Relationships (10358)]",7.5
16,Educational Innovation and Employment Support Community,0.11894882434301521,"# Educational Innovation and Employment Support Community

This community encompasses various entities focused on educational innovation and employment support, particularly for local youth. Key entities include the Education Innovation Center, the University Job Plus Center, and various support teams that collaborate to enhance educational quality and facilitate job placements for students. The interconnectedness of these entities highlights their collective effort to address educational and employment challenges.

## Central Role of the Education Innovation Center

The Education Innovation Center (교육혁신원) is a pivotal entity within this community, responsible for managing curriculum development and teacher-related affairs. It plays a crucial role in establishing regulations aimed at ensuring the satisfaction of education consumers. The center's initiatives are designed to promote educational innovation and improve the quality of teaching and learning, which is essential for the overall effectiveness of the educational system. The center operates under the direction of the Vice President for Academic Affairs and collaborates with various other entities to enhance educational practices [Data: Entities (1079); Relationships (1579)].

## University Job Plus Center's Employment Support

The University Job Plus Center (대학일자리플러스센터) is dedicated to supporting students' employment needs, providing various programs aimed at enhancing job readiness and facilitating job placements. This center operates under the supervision of the Vice President for Academic Affairs and is integral to addressing local youth employment issues. It collaborates with local businesses and government entities to create job opportunities and support internships, thereby playing a vital role in the community's employment landscape [Data: Entities (528); Relationships (813)].

## Interconnected Support Teams

The community includes several support teams, such as the Faculty Support Team (교수지원팀) and the Academic Support Team (학사지원팀), which are responsible for various academic and administrative functions. These teams ensure that educational policies are effectively implemented and that faculty members receive the necessary support for their teaching and research activities. Their collaboration is essential for maintaining the quality of education and supporting the overall mission of the educational institutions involved [Data: Entities (9330, 9335); Relationships (15527, 15528)].

## Focus on Local Youth Employment

A significant aspect of this community is its focus on local youth employment through various programs designed to assist young individuals in securing jobs. Initiatives such as the IPP-type work-study program (IPP형 일학습병행제 사업) and career support services are aimed at enhancing the employability of local youth. These programs are crucial for addressing the challenges faced by young job seekers in the region and are supported by collaborations with local businesses and government agencies [Data: Entities (987, 989); Relationships (1469, 1486)].

## Regulatory Framework for Educational Innovation

The community operates within a regulatory framework that governs educational innovation and employment support. Documents such as the delegation of authority regulations outline the responsibilities and functions of various entities, ensuring that educational policies are systematically implemented. This framework is essential for maintaining accountability and transparency in the operations of the community's entities [Data: Entities (9308); Relationships (1844)].",7.5
1590,Awards and Regulations at Hansung University,0.02627939142461964,"# Awards and Regulations at Hansung University

The community is centered around various awards and regulations at Hansung University, including the Outstanding Service Award and the Media Activity Excellence Award. These entities are interconnected through their association with the university and the specific regulations governing their administration and eligibility.

## Outstanding Service Award as a key recognition

The Outstanding Service Award is a significant recognition given by Hansung University, which includes both a trophy and a monetary prize. This award is governed by specific regulations that outline the eligibility and criteria for selection, emphasizing the university's commitment to recognizing exemplary service among its faculty and staff. The award's impact on faculty motivation and institutional reputation is notable, as it encourages high performance and dedication to the university's mission. [Data: Entities (6754); Relationships (10721)]

## Media Activity Excellence Award's role in faculty recognition

The Media Activity Excellence Award is another important accolade at Hansung University, awarded to the faculty member with the highest rating in annual media activities and publications. This award not only recognizes individual achievements but also promotes the university's visibility and engagement in academic discourse. The criteria for this award are detailed in the university's regulations, highlighting the importance of media presence in enhancing the institution's reputation. [Data: Entities (6755); Relationships (10723)]

## Regulatory framework governing awards

The awards at Hansung University are governed by specific regulations, such as the Outstanding Faculty Award Regulations, which detail the processes for nomination, selection, and award distribution. These regulations ensure transparency and fairness in the award process, which is crucial for maintaining trust among faculty members. The regulations also outline the implications of receiving these awards, including potential impacts on career advancement and institutional recognition. [Data: Entities (6754, 6755); Relationships (10721, 10723)]

## Interconnectedness of regulatory documents

The various regulatory documents related to awards and faculty evaluations are interconnected, with many references to specific articles and chapters that govern the processes involved. For instance, the regulations for the Outstanding Service Award reference eligibility criteria and award distribution processes found in other documents, such as the Faculty Performance Evaluation Regulations. This interconnectedness highlights the complexity of the regulatory framework and its importance in ensuring compliance and consistency across the university's award systems. [Data: Entities (329); Relationships (6166, 3656, 3657, 3658, 3659)]

## Impact of awards on faculty performance

The existence of awards like the Outstanding Service Award and the Media Activity Excellence Award significantly influences faculty performance and engagement. By recognizing and rewarding exceptional contributions, these awards motivate faculty members to excel in their roles, thereby enhancing the overall academic environment at Hansung University. The awards serve as benchmarks for faculty performance, encouraging a culture of excellence and accountability within the institution. [Data: Entities (6754, 6755); Relationships (10721, 10723)]",6.5
442,Academic Regulations and Key Dates Community,0.024896265560165973,"# Academic Regulations and Key Dates Community

This community is centered around significant academic regulations and key dates that govern various processes within an educational institution. The entities are interconnected through their relevance to academic policies, including thesis advisor appointments, credit transfers, and examination regulations, highlighting the importance of these dates in shaping academic administration.

## Significance of February 27, 2025

The date February 27, 2025, is pivotal as it marks the assignment of departmental classification numbers for students admitted after the 2017 academic year. This date is crucial for academic administrative processes, ensuring that students are properly classified within their respective departments. Additionally, it is linked to regulations regarding the appointment and changes of thesis advisors, indicating its role in the governance of academic mentorship. The implications of this date extend to the overall structure of academic programs and student management within the institution. [Data: Entities (5596); Relationships (8592)]

## Interconnectedness of Academic Regulations

The relationships among various academic regulations, such as those concerning credit transfers and thesis advisor qualifications, illustrate a complex web of interdependencies. For instance, Article 14-2, which deals with credit transfers, is closely related to Article 15, which governs grading policies. This interconnectedness suggests that changes in one regulation could significantly impact others, highlighting the need for careful consideration when amending academic policies. [Data: Entities (2673, 8403); Relationships (3632)]

## Role of Thesis Advisor Regulations

The regulations surrounding thesis advisor qualifications and changes are critical for maintaining academic standards. Article 48 outlines the qualifications and appointment processes for thesis advisors, which are essential for ensuring that students receive appropriate guidance during their research projects. The dates associated with these regulations, such as October 20, 2010, and February 3, 2005, mark significant milestones in the evolution of these policies, reflecting the institution's commitment to academic integrity and mentorship. [Data: Entities (8403, 8401); Relationships (13947, 13951, 13949)]

## Impact of Key Dates on Academic Processes

Key dates such as December 10, 2015, and October 26, 2004, are associated with significant regulatory changes affecting student admissions and re-admission processes. These dates are not only milestones in the institution's regulatory history but also serve as deadlines for various academic activities, including the submission of research plans and the establishment of new student selection criteria. Understanding these dates is vital for both students and administrators to navigate the academic landscape effectively. [Data: Entities (2643, 2644); Relationships (3601, 3600)]

## Regulatory Framework for Examinations

The regulations governing examinations, as outlined in Article 30, are fundamental to the academic evaluation process. This article specifies the conduct of regular examinations at the end of each semester and the criteria for passing based on attendance and performance. The revisions to this article on dates such as March 9, 2017, reflect ongoing efforts to adapt academic evaluation methods to better serve student needs and institutional goals. [Data: Entities (5273, 5275); Relationships (7942)]",7.5
469,Special Graduate School Operations and Budgeting,0.012448132780082987,"# Special Graduate School Operations and Budgeting

The community centers around the Special Graduate School, which operates under specific guidelines and regulations related to budgeting, material acquisition, and administrative processes. Key entities include various regulations and procedures that govern the school's operations, highlighting the interconnectedness of budgeting, material selection, and administrative oversight.

## Special Graduate School's operational framework

The Special Graduate School operates under a unique framework that includes specific guidelines for budgeting, material acquisition, and administrative processes. This framework is crucial for maintaining the school's educational standards and financial health. The school is subject to evaluations by the Graduate School Committee, which can lead to performance bonuses or reductions in enrollment based on its operational effectiveness. This regulatory oversight ensures that the school adheres to established standards, impacting its reputation and operational capabilities. [Data: Entities (2742, 2755, 2756, 2757, 8479); Relationships (3731, 14051)]

## Budget formulation and management

Budget formulation is a critical aspect of the Special Graduate School's operations, requiring adherence to specific guidelines and timelines. The fiscal year is defined from March 1 to the end of February, and the budget must be prepared three months prior to the start of each fiscal year. This structured approach to budgeting is essential for ensuring that the school can effectively allocate resources for educational programs and operational needs. The requirement for budget approval by the Graduate School Committee adds an additional layer of accountability, impacting the school's financial management practices. [Data: Entities (8479, 1899); Relationships (14052, 14062)]

## Material acquisition processes

The processes for selecting and acquiring non-book materials are integral to the Special Graduate School's educational offerings. These processes include the selection of materials, budget allocation for purchases, and the actual acquisition of resources. The school must also manage the inspection and approval of newly acquired materials, ensuring that they meet educational standards. This comprehensive approach to material management is vital for supporting the school's curriculum and enhancing the learning experience for students. [Data: Entities (1898, 1901, 1902, 1903); Relationships (2481, 2482, 2483)]

## Regulatory compliance and oversight

Compliance with regulations is a significant aspect of the Special Graduate School's operations. The school must adhere to various guidelines related to budgeting, material acquisition, and administrative processes. This compliance is monitored by the Graduate School Committee, which evaluates the school's performance and can impose measures based on its findings. The interconnectedness of these regulations highlights the importance of maintaining operational integrity and accountability within the educational institution. [Data: Entities (2755, 2756, 2757); Relationships (3731, 3729)]

## Collaboration with external organizations

The Special Graduate School has the authority to collaborate with external organizations to establish and jointly operate degree programs or special courses. This collaboration enhances the school's educational offerings and provides students with diverse learning opportunities. By partnering with external entities, the school can expand its resources and expertise, ultimately benefiting its students and enhancing its academic reputation. [Data: Entities (2756); Relationships (14051)]",6.5
21,Academic Regulatory Framework and Evaluation Metrics,0.009681881051175657,"# Academic Regulatory Framework and Evaluation Metrics

The community is centered around various academic regulatory documents and evaluation metrics that govern university operations, including the '2-2-2 대학교육학칙 시행세칙' and related pages. Key entities include specific pages from these documents that outline evaluation criteria, operational efficiency, and academic performance metrics, indicating a structured approach to academic governance.

## Significance of Page 30 in Academic Regulations

Page 30 is a pivotal reference point in two significant academic documents, '2-2-2 대학교육학칙 시행세칙' and '한성대학교 학칙'. In the former, it includes Chapter 16, while in the latter, it contains supplementary provisions and Chapter 18. This duality highlights the importance of this page in understanding the regulatory framework governing academic practices. The content on this page is essential for compliance and operational guidelines within the university, affecting both faculty and student engagement in academic processes. [Data: Entities (5464, 8551); Relationships (8256)]

## Role of Page 29 in Evaluation Criteria

Page 29 serves as a critical reference for evaluation criteria related to academic and thesis guidance, as outlined in the '2-2-2 대학교육학칙 시행세칙'. It includes evaluation metrics from various documents, emphasizing its importance in shaping academic policies. The information on this page is vital for ensuring that academic standards are met and that students receive appropriate guidance throughout their academic journey. This page's content is integral to the university's regulatory framework, influencing both academic performance and student satisfaction. [Data: Entities (1190); Relationships (1704, 14024)]

## Academic Thesis Presentation Metrics

The '학위논문 학회발표 비율' entity represents a metric that evaluates the proportion of academic theses presented at conferences. This metric is crucial for assessing the dissemination of research and the recognition of scholarly work, as it includes publications in SCI-level journals and achievements in national competitions. The emphasis on this metric reflects the university's commitment to promoting research excellence and enhancing its academic reputation. [Data: Entities (8457); Relationships (14023, 14152)]

## Operational Efficiency Evaluation Criteria

The '운영 효율성' entity encompasses criteria for evaluating operational efficiency, particularly in securing external research funding and development funds. This focus on operational efficiency is essential for the sustainability of academic programs and the overall financial health of the institution. The criteria outlined in this entity guide the university in optimizing resource allocation and enhancing its research capabilities. [Data: Entities (8551); Relationships (14150)]

## Post-Evaluation Standards in Academic Programs

The '제 26 장 제 119 조' entity outlines post-evaluation standards for academic programs, including the timing and criteria for evaluations. This structured approach ensures that academic departments are held accountable for their performance and that continuous improvement is prioritized. The standards set forth in this entity are critical for maintaining high educational quality and ensuring that programs meet the evolving needs of students and the academic community. [Data: Entities (8552); Relationships (14141, 14142)]",7.5
68,Lifelong Education and Institutional Management Community,0.009681881051175657,"# Lifelong Education and Institutional Management Community

This community encompasses various entities involved in lifelong education and institutional management, including the 부설기관, 국가평생교육진흥원, and their associated programs. The relationships among these entities highlight their collaborative efforts in educational management, regulatory compliance, and operational oversight.

## 부설기관 as a central entity

The 부설기관 serves as a central entity within this community, overseeing various educational initiatives, including the 콘텐츠디자인칼리지 and 학점은행제 과정 교육 운영. Its role is crucial as it manages the delegation of authority and ensures compliance with educational regulations. The relationships it maintains with other entities, such as the 캠퍼스타운 사업단 and various educational programs, indicate its significant influence on the community's operations and effectiveness. This centrality suggests that any changes or issues within the 부설기관 could have widespread implications for the educational landscape it governs. [Data: Entities (2044, 2048, 9422); Relationships (2671, 2674, 2676, 2673, 15688, +more)]

## Regulatory framework of 제 46 조

The entity 제 46 조 encompasses important regulations related to military reserve duties and educational personnel management, including data protection protocols. This framework is essential for ensuring that educational institutions comply with legal standards, particularly regarding the handling of personal information and the reinstatement of teachers on leave. The comprehensive nature of 제 46 조 indicates its critical role in maintaining operational integrity and protecting stakeholders' rights within the educational system. [Data: Entities (345); Relationships (12770, 491)]

## Collaboration with 국가평생교육진흥원

The 국가평생교육진흥원 plays a vital role in managing various educational applications, including learner registration and credit recognition. Its collaboration with other entities, such as the 비학위과정 교육 운영, highlights the interconnectedness of educational management within this community. This collaboration is crucial for ensuring that educational processes are streamlined and effectively managed, which can significantly impact learners' experiences and outcomes. [Data: Entities (2050, 2049); Relationships (2676)]

## Educational management of 비학위과정

The 비학위과정 교육 운영 entity is responsible for establishing operational plans for non-degree programs, which are essential for providing diverse educational opportunities. Its relationship with the 평생교육 사업 계획 indicates a strategic approach to lifelong education, ensuring that non-degree offerings align with broader educational goals. This focus on non-degree programs reflects the community's commitment to catering to various learner needs and enhancing educational accessibility. [Data: Entities (2049, 2052); Relationships (2678)]

## Impact of 캠퍼스타운 사업단

The 캠퍼스타운 사업단 is involved in entrepreneurship and local revitalization initiatives, which are critical for fostering community engagement and economic development. Its connection to the 부설기관 suggests that educational institutions are not only focused on academic outcomes but also on contributing to the local economy and community well-being. This dual focus can enhance the overall impact of educational programs by integrating them with community needs and resources. [Data: Entities (9422); Relationships (15688)]",6.5
369,Intellectual Property and Open Source Community,0.008298755186721992,"# Intellectual Property and Open Source Community

The community focuses on the interconnections between intellectual property rights, open-source software activities, patents, and new technologies. Key entities are related through their roles in innovation, certification, and legal rights, highlighting the importance of compliance and recognition in the tech landscape.

## Intellectual Property Rights as a foundational element

The entity '지적재산권' (intellectual property rights) serves as a foundational element in this community, encompassing various legal rights associated with creations of the mind. This includes rights derived from registered patents and new technologies, which are essential for protecting innovations. The evaluation criteria for these rights are detailed in a specific document, emphasizing the importance of legal compliance in the tech industry. The interconnectedness of intellectual property rights with other entities highlights its significance in fostering innovation and protecting creators' rights. [Data: Entities (4143); Relationships (5881, 6289, 6290)]

## Open Source Software Activities' contribution to innovation

'오픈소스 SW활동' (open-source software activities) plays a crucial role in the community by promoting collaborative development and innovation. The recognition of significant contributions, such as GitHub projects with over 1000 stars, underscores the value placed on community engagement and technical excellence. The evaluation criteria for these activities are also outlined, indicating a structured approach to assessing contributions in the open-source domain. This relationship with intellectual property rights suggests that open-source projects can coexist with patent protections, fostering a diverse technological ecosystem. [Data: Entities (4144); Relationships (5909)]

## Patents as a key component of technological advancement

The entity '특허' (patents) is vital for protecting inventions and encouraging innovation. It encompasses both international and domestic patents, each with distinct acquisition criteria. The relationship between patents and new technologies indicates that securing patent rights is essential for commercialization and market entry. This highlights the importance of understanding patent laws and regulations for inventors and businesses aiming to protect their innovations. [Data: Entities (4181); Relationships (5910, 6289)]

## New Technologies and Government Certification

'신기술' (new technologies) refers to technologies that have received government certification, indicating compliance with specific conditions necessary for commercialization. This certification process is crucial for ensuring that new technologies meet market standards and can be successfully introduced. The relationship between new technologies and intellectual property rights emphasizes the need for legal protections to support innovation and commercialization efforts. [Data: Entities (4182); Relationships (5910)]

## Product Certification and Market Readiness

'제품인증' (product certification) is another critical aspect of the community, referring to products that have received government certification for commercialization. This ensures that products adhere to established standards, similar to those of new technologies. The relationship between product certification and intellectual property rights highlights the importance of legal compliance in bringing products to market, ensuring that they are both innovative and safe for consumers. [Data: Entities (4183); Relationships (6290)]",7.5
1188,IPP Scholarship Community,0.0027662517289073307,"# IPP Scholarship Community

The IPP Scholarship Community is centered around the IPP 일학습병행 장학금, which is scheduled for disbursement on May 9, 2024. This community includes various entities that represent students participating in different programs and activities that are evaluated for scholarship eligibility, highlighting the interconnectedness of academic performance and scholarship opportunities.

## Central role of the IPP Scholarship

The IPP 일학습병행 장학금 is the central entity in this community, representing a significant financial opportunity for students involved in various programs. Scheduled for disbursement on May 9, 2024, this scholarship is tied to specific criteria that students must meet to qualify. The scholarship's importance is underscored by its role in supporting students' educational pursuits and enhancing their career prospects. The relationships established with various student categories indicate a structured evaluation process that emphasizes academic and extracurricular involvement. [Data: Entities (3853); Relationships (5404)]

## Diverse student categories linked to the scholarship

The community includes several categories of students, such as IPP형 일학습병행제 성실 수행자, IPP 현장실습 성실 수행자, and 한성 현장실습 성실 수행자, all of whom are evaluated based on their participation in specific programs. These categories reflect the scholarship's criteria, which assess students' commitment and performance in their respective fields. The inclusion of diverse student roles highlights the scholarship's broad impact on various academic and practical training programs, fostering a culture of diligence and achievement among participants. [Data: Entities (3855, 3856, 3857); Relationships (5406, 5407, 5408)]

## Importance of peer counseling and club activities

Entities such as 한성 또래상담자 and 동아리봉사 emphasize the significance of peer support and extracurricular involvement in the scholarship evaluation process. These roles not only contribute to the students' personal development but also enhance their applications for the scholarship. The emphasis on peer counseling and club activities indicates a holistic approach to student evaluation, recognizing the value of interpersonal skills and community engagement in academic success. [Data: Entities (3858, 3859); Relationships (5409, 5410)]

## Role of promotional ambassadors

The 홍보대사봉사 entity represents students who engage in promotional activities for school events and admissions. This role is crucial as it showcases students' leadership and communication skills, which are likely considered in the scholarship evaluation process. By participating in promotional activities, these students not only contribute to their school community but also enhance their profiles for scholarship consideration, reflecting the scholarship's emphasis on well-rounded candidates. [Data: Entities (3860); Relationships (5411)]",7.5
374,Contractual Regulations for University Faculty,0.0027662517289073307,"# Contractual Regulations for University Faculty

This community focuses on the contractual regulations governing the appointment of contract-based faculty members at a university. The key entities are various sections of the university's regulations that outline the roles, responsibilities, and terms of employment for these faculty members, all of which are interconnected and provide a comprehensive framework for faculty appointments.

## Centrality of Section 19 in Faculty Appointments

Section 19 outlines the regulations for the appointment of contract-based faculty members, serving as the foundational document for this community. It is referenced by multiple other sections, indicating its importance in establishing the framework for faculty roles and responsibilities. The interconnectedness of these sections suggests that any changes to Section 19 could significantly impact the entire faculty appointment process. [Data: Entities (2776); Relationships (3765, 3766, 3767, 3768)]

## Role of Section 64 in Defining Faculty Duties

Section 64 specifies the duties and achievements expected from full-time faculty members, including a minimum teaching requirement. This section is crucial as it sets the performance standards for faculty, which can influence hiring practices and faculty evaluations. The relationship between Section 64 and Section 19 highlights how the duties of faculty are directly tied to the appointment regulations, emphasizing the need for compliance with these standards. [Data: Entities (2778); Relationships (3765)]

## Definition and Application in Section 64-1

Section 64-1 provides definitions and applications related to the appointment regulations for contract-based faculty. This section is essential for clarifying the terms used in the appointment process, ensuring that all parties have a common understanding of the regulations. Its connection to Section 19 reinforces the importance of clear definitions in maintaining the integrity of the faculty appointment process. [Data: Entities (2779); Relationships (3766)]

## Appointment Duration as per Section 65

Section 65 outlines the duration of appointments for contract-based faculty, typically set at two years, along with provisions for reappointment notifications. This section is significant as it directly affects faculty job security and planning. The relationship between this section and Section 19 indicates that the terms of appointment are closely monitored and regulated, which can impact faculty retention and satisfaction. [Data: Entities (2780); Relationships (3767)]

## Contract Requirements in Section 66

Section 66 details the requirements for drafting appointment contracts, including stipulations on rank, duration, salary, and working conditions. This section is vital for ensuring that all contractual agreements are comprehensive and legally sound. Its connection to Section 19 emphasizes the necessity of adhering to these requirements to avoid disputes and ensure fair treatment of faculty members. [Data: Entities (2781); Relationships (3768)]",6.5
1225,3-3-14 교원업적평가기준 시행세칙 Community,0.0027662517289073307,"# 3-3-14 교원업적평가기준 시행세칙 Community

The community centers around the '3-3-14 교원업적평가기준 시행세칙', which outlines the evaluation criteria for educators. This document is interconnected with various fields, payment of fees, and the deletion of specific items, indicating a structured approach to educational assessment.

## Centrality of the 3-3-14 교원업적평가기준 시행세칙

The '3-3-14 교원업적평가기준 시행세칙' serves as the foundational document in this community, detailing the standards for evaluating educators. Its significance lies in its comprehensive nature, covering various aspects of educational performance. The document's influence extends to multiple fields, which suggests that it plays a critical role in shaping educational policies and practices. The relationships it maintains with other entities highlight its centrality in the community's structure. [Data: Entities (4466); Relationships (6335, 6340, 6342)]

## Interconnection with various fields

The evaluation criteria encompass multiple fields, indicating a broad scope of assessment. This interconnection suggests that the criteria are designed to be applicable across different educational disciplines, which could enhance the overall quality of education. The relationship between the evaluation criteria and various fields emphasizes the importance of a standardized approach to educator assessment, potentially leading to improved educational outcomes. [Data: Entities (3482); Relationships (6335)]

## Financial implications of the evaluation criteria

The document includes provisions related to the payment of fees associated with the evaluation process. This aspect is crucial as it may affect the accessibility and implementation of the evaluation criteria. Understanding the financial implications can help stakeholders assess the feasibility of adhering to these standards, which could impact the overall effectiveness of the evaluation system. [Data: Entities (4468); Relationships (6340)]

## Impact of deletions on the evaluation criteria

The mention of specific deletions within the evaluation criteria indicates a dynamic nature of the document, where updates and revisions are made to reflect current educational needs. This adaptability is essential for maintaining relevance in a rapidly changing educational landscape. The relationship with the deletion entity suggests that stakeholders must stay informed about changes to ensure compliance and effectiveness in evaluation practices. [Data: Entities (4469); Relationships (6342)]",6.5
1585,Youth Employment Support Programs,0.0027662517289073307,"# Youth Employment Support Programs

The community focuses on youth employment support through specialized programs, particularly the operation of targeted programs and the provision of job information and work experience connections. The entities are interconnected, with the Regional Youth Employment Team overseeing the specialized program operations, which are closely related to job information and experience initiatives.

## Regional Youth Employment Team's oversight

The Regional Youth Employment Team plays a crucial role in managing various support initiatives, including the operation of specialized programs aimed at enhancing youth employment opportunities. This team is responsible for implementing strategies that directly impact the local youth workforce, making their role vital in addressing employment challenges. The connection between the team and the specialized program operation indicates a structured approach to tackling youth unemployment issues in the region. [Data: Entities (1068); Relationships (1568)]

## Specialized program operations

The entity '거점형 특화프로그램 운영' refers to the operation of specialized programs designed to target specific employment needs. This entity is essential for the community as it outlines the management and execution of programs that are tailored to improve job readiness and employment outcomes for youth. The detailed description of these programs suggests a focused effort to address the unique challenges faced by young job seekers, which is critical for fostering a skilled workforce. [Data: Entities (1068)]

## Job information and experience linkage

The program '취업정보 제공 및 일경험 연계' is dedicated to providing job information and linking work experiences, which is vital for youth entering the job market. This initiative complements the specialized programs by ensuring that young individuals have access to necessary resources and opportunities that enhance their employability. The relationship between this program and the specialized program operations highlights a comprehensive approach to youth employment support, addressing both information dissemination and practical experience. [Data: Entities (1078); Relationships (1577)]

## Interconnectedness of employment initiatives

The relationship between the specialized program operations and the job information and experience linkage indicates a strategic alignment of efforts to support youth employment. This interconnectedness suggests that the community is not only focused on providing targeted programs but also on ensuring that these programs are supported by relevant job information and practical experiences. Such a holistic approach is essential for maximizing the impact of employment initiatives on youth. [Data: Relationships (1568, 1577)]",6.0
1328,Financial Management Matters,0.0027662517289073307,"# Financial Management Matters

The community focuses on key financial management aspects, specifically accounting and receipts. The entities '회계 및 결산에 관한 사항' and '수납에 관한 사항' are interconnected, highlighting the importance of both accounting and receipt management in maintaining a balanced financial system.

## Importance of Accounting and Financial Statements

The entity '회계 및 결산에 관한 사항' encompasses various responsibilities related to accounting and financial statements, including the reporting of monthly execution details and the preparation of year-end financial statements. This entity is crucial for ensuring transparency and accountability in financial reporting, which is essential for effective financial management. The details are derived from specific documents that outline these tasks, indicating a structured approach to financial oversight. [Data: Entities (1778); Relationships (2355)]

## Role of Receipts in Financial Management

'수납에 관한 사항' deals with matters related to receipts, including tuition fees and other income processing. This entity is vital for managing the inflow of funds, which is a key component of financial health. The relationship between receipts and expenditures is critical, as both elements must be managed effectively to maintain a balanced financial system. The information is extracted from the same regulatory documents that govern financial management practices. [Data: Entities (1779); Relationships (2358)]

## Interconnection of Receipts and Expenditures

The relationship between '수납에 관한 사항' and '지출에 관한 사항' illustrates the interconnected nature of financial management. These two entities represent critical aspects of financial oversight, where effective management of receipts is essential for planning expenditures. This relationship emphasizes the importance of a holistic approach to financial management, ensuring that both inflows and outflows are aligned for optimal financial health. [Data: Relationships (2358)]

## Regulatory Framework for Financial Management

The entities are governed by the 3-1-4 delegation of authority regulations, which provide a structured framework for financial management tasks. This regulatory context is essential for understanding the responsibilities and processes involved in accounting and receipts. The specific references to pages in the documents indicate a detailed and formalized approach to financial oversight, which is crucial for compliance and effective management. [Data: Entities (1778, 1779); Relationships (2355, 2358)]",6.0
673,조사심의위원회 and 조사위원,0.0027662517289073307,"# 조사심의위원회 and 조사위원

The community is centered around the 조사심의위원회 (Investigation Review Committee) and its relationship with 조사위원 (Investigators). The committee consists of five members, including external members, and oversees the investigation process, with the investigators participating in committee meetings.

## Structure of the Investigation Review Committee

The 조사심의위원회 is composed of five members, appointed by the university president based on the chair's recommendations, and must include at least one external member. This structure is crucial for ensuring diverse perspectives in the review process, which can enhance the credibility and effectiveness of investigations. The presence of external members is particularly important as it helps to mitigate potential biases and conflicts of interest within the committee. [Data: Entities (9644); Relationships (16074)]

## Role of Investigators in the Committee

The 조사위원 are staff members of the center responsible for conducting investigations and participating in the meetings of the 조사심의위원회. Their involvement is essential for the operational effectiveness of the committee, as they bring firsthand knowledge of the cases being reviewed. This relationship underscores the collaborative nature of the investigation process, where investigators provide insights and data that inform the committee's decisions. [Data: Entities (9646); Relationships (16082)]

## Significance of Page 3 in Documentation

The content related to the 조사심의위원회 is specifically located on page 3 of the relevant documentation. This highlights the importance of precise documentation in governance processes, as it ensures that all members and stakeholders can access critical information regarding the committee's structure and functions. The clarity of documentation is vital for transparency and accountability in the investigation process. [Data: Relationships (16074)]",4.0
395,Sexual Harassment and Violence Reporting Community,0.0013831258644536654,"# Sexual Harassment and Violence Reporting Community

This community focuses on the processes and regulations surrounding the reporting and handling of sexual harassment and violence incidents. Key entities include the Sexual Harassment and Violence Incident Handling, Cyber Reporting Center, and associated procedures aimed at prevention and resolution.

## Central role of Sexual Harassment and Violence Incident Handling

The Sexual Harassment and Violence Incident Handling entity is crucial in this community, as it encompasses the procedures for receiving, investigating, and addressing complaints related to sexual harassment and violence. This entity serves as the primary point of contact for individuals seeking assistance, highlighting its importance in ensuring that victims have access to necessary support and resources. The effectiveness of this entity can significantly influence the community's overall response to such incidents, impacting public trust and safety. [Data: Entities (4051); Relationships (5729)]

## Function of the Cyber Reporting Center

The Cyber Reporting Center plays a vital role in enabling individuals to report incidents of sexual harassment and violence online. This accessibility is essential in today's digital age, where many individuals may feel more comfortable reporting incidents anonymously or without facing immediate confrontation. The center's regulations, as outlined in the relevant documents, ensure that reports are handled appropriately and contribute to the development of preventive measures against recurrence. [Data: Entities (4053); Relationships (5732, 5733)]

## Preventive measures against recurrence

The entity focused on establishing and implementing preventive measures against the recurrence of sexual harassment and violence incidents is critical for long-term community safety. By addressing the root causes and creating strategies to mitigate risks, this entity aims to foster a safer environment. The relationship between this entity and the Cyber Reporting Center indicates a collaborative approach to not only handle incidents but also to prevent them from happening in the first place. [Data: Entities (4054); Relationships (5732)]

## Procedures for handling complaints

The procedures for handling complaints related to sexual harassment and violence are essential for ensuring that victims receive fair treatment and that their cases are processed efficiently. This entity outlines the steps involved in addressing complaints, which is crucial for maintaining transparency and accountability within the community. The relationship with the Cyber Reporting Center suggests that these procedures are integrated into the online reporting system, enhancing accessibility for victims. [Data: Entities (4055); Relationships (5733)]",7.5
1171,3-2-1 교원임용규정 Community,0.0013831258644536654,"# 3-2-1 교원임용규정 Community

The community is centered around the 3-2-1 교원임용규정, which outlines the regulations for teacher appointments, including qualifications, calculation of experience, re-employment of retired teachers, and the procedures involved. The entities are interconnected through their references to the main regulation document, indicating a structured approach to teacher hiring processes.

## Centrality of 3-2-1 교원임용규정

The 3-2-1 교원임용규정 serves as the foundational document for the community, detailing essential regulations regarding teacher appointments. This document encompasses various aspects such as qualifications, experience calculations, and hiring procedures, making it a critical reference for educational institutions. The interconnectedness of the other entities with this regulation highlights its significance in guiding the hiring practices within the educational sector. [Data: Entities (3970); Relationships (5592, 5594, 5596, 5598)]

## Importance of Qualification Requirements

The qualification requirements outlined in 제 9 조 are crucial for ensuring that only qualified individuals are considered for teaching positions. This section of the regulation emphasizes the standards that must be met, which directly impacts the quality of education provided. By establishing clear criteria, the regulation aims to maintain a high standard of teaching professionals, thereby influencing the overall educational landscape. [Data: Entities (3970); Relationships (5592)]

## Experience Calculation Methodology

The methodology for calculating educational and research experience, as described in 제 10 조, plays a vital role in determining a candidate's eligibility for teaching positions. This regulation ensures that all relevant experience is accounted for, which can affect hiring decisions significantly. The clarity in how experience is calculated helps to standardize the evaluation process across different institutions, promoting fairness and transparency in teacher appointments. [Data: Entities (3967, 3970); Relationships (5594)]

## Re-employment of Retired Teachers

The provisions for the re-employment of retired teachers, as stated in 제 11 조, are significant for addressing staffing shortages and leveraging experienced educators. This regulation stipulates conditions under which retired teachers can be rehired, ensuring that the integrity of the hiring process is maintained. By allowing for the re-employment of qualified individuals, the regulation helps to retain valuable expertise within the educational system. [Data: Entities (3968, 3970); Relationships (5596)]

## Procedures and Methods for New Hiring

The procedures and methods for new hiring, outlined in 제 12 조, provide a structured approach to the recruitment process. This section details the steps that institutions must follow to ensure compliance with the regulations, thereby enhancing the efficiency and effectiveness of teacher recruitment. By standardizing these procedures, the regulation aims to streamline the hiring process and reduce potential discrepancies in how candidates are evaluated. [Data: Entities (3969, 3970); Relationships (5598)]",6.5
973,Student Support Programs and Operations,0.0013831258644536654,"# Student Support Programs and Operations

The community focuses on various student support programs and operational aspects related to student life, including international student programs, counseling services, and language proficiency testing. The entities are interconnected through their shared goal of enhancing student experiences and support.

## Centrality of Page 58 in student operations

Page 58 serves as a central document that encompasses various operational aspects related to student support services. It includes critical information on certificate issuance, program management, and counseling services, indicating its importance in the overall structure of student support. The relationships established with other entities highlight how this page integrates multiple facets of student life, making it a key resource for understanding the community's operations. [Data: Entities (1703); Relationships (2272, 2279, 2283, 2282, +more)]

## Role of Imagination Base in student space management

Imagination Base is responsible for managing student spaces, which is crucial for fostering a supportive environment for students. The relationship between Imagination Base and Page 58 indicates that operational details regarding space management are documented, which can impact student engagement and satisfaction. This connection emphasizes the importance of physical spaces in enhancing the overall student experience. [Data: Entities (1699); Relationships (2279, 2277)]

## International student program management

The management of extracurricular programs for international students is a significant aspect of the community, as it addresses the unique needs of this demographic. The relationship between the international student program and Page 58 suggests that essential operational details are documented, which can influence the effectiveness of these programs. This focus on international students highlights the community's commitment to inclusivity and support for diverse student populations. [Data: Entities (1702); Relationships (2283, 2280)]

## Korean Language Proficiency Test (TOPIK) administration

The administration of the Korean Language Proficiency Test (TOPIK) is a vital service for students aiming to demonstrate their language skills. The relationship with Page 58 indicates that operational details regarding the test are included, which is essential for students' academic and professional opportunities. This service's presence in the community underscores the importance of language proficiency in the context of student support. [Data: Entities (1701); Relationships (2282)]

## Counseling and crisis management services

The integration of counseling and crisis management services is crucial for student well-being. The relationship between these services and Imagination Base suggests a collaborative approach to student support, where physical spaces are utilized for counseling purposes. This connection highlights the importance of mental health resources in the community and their role in fostering a supportive environment for students. [Data: Entities (1700, 1698); Relationships (2277)]",6.5
39,University Admission Process Overview,0.0013831258644536654,"# University Admission Process Overview

The community focuses on the university admission process, detailing various aspects such as admission criteria, timing, and procedures. The entities are interconnected, with specific regulations governing the admission process, including general and special admissions, eligibility requirements, and timelines.

## Admission Process Structure

The admission process is structured into general and special admissions, as outlined in the regulations. This dual structure allows for flexibility in accommodating different types of applicants, which is essential for maintaining a diverse student body. The regulations specify that applicants must submit required documents and fees by a set deadline, ensuring a standardized process for all candidates. This structure is crucial for the university's operational efficiency and its ability to attract qualified students. [Data: Entities (2639, 2640); Relationships (3597)]

## Eligibility Criteria for Applicants

The eligibility criteria for applicants are clearly defined, ensuring that only qualified candidates can apply for the master's and doctoral programs. For master's programs, candidates must have a bachelor's degree from a recognized institution, while doctoral candidates must hold a master's degree. This rigorous standard helps maintain the academic integrity of the programs offered by the university. Additionally, the regulations specify that university staff are generally prohibited from enrolling in graduate programs, which helps prevent conflicts of interest and maintains fairness in the admission process. [Data: Entities (2638); Relationships (3596)]

## Timing of Admissions

The timing of admissions is strictly regulated, with specific deadlines set for each semester. This ensures that the university can effectively manage its enrollment and prepare for incoming students. The regulations state that admissions must occur within 30 days of the semester's start date, which allows for a timely integration of new students into the academic environment. This structured timing is essential for both the university's planning and the students' academic journeys. [Data: Entities (2636, 2637); Relationships (3592)]

## Interconnectedness of Admission Regulations

The various entities related to the admission process are interconnected, with each aspect influencing the others. For instance, the admission criteria are directly linked to the timing and structure of the admission process. Understanding these relationships is vital for stakeholders, including prospective students and university administrators, as they navigate the complexities of the admission landscape. This interconnectedness highlights the importance of a cohesive approach to managing admissions effectively. [Data: Relationships (3595, 3596)]",6.0
1572,Responsibility Time Adjustment in Education,0.0013831258644536654,"# Responsibility Time Adjustment in Education

This community focuses on the regulations surrounding responsibility time adjustments for educators based on their research and industry collaboration achievements. The entities are interconnected through specific criteria that dictate how responsibility time is adjusted when performance metrics fall below a certain threshold.

## Overview of Responsibility Time Adjustment

The entity '책임시간 조정' outlines the regulations regarding responsibility time adjustments for educators. This entity serves as the central point of reference for understanding how educators' responsibilities are modified based on their performance metrics. The adjustments are crucial for maintaining educational standards and ensuring that educators are held accountable for their contributions. [Data: Entities (3340); Relationships (4563, 4564, 4565)]

## Criteria for Below 60 Points

The entity '60점 미만' specifies the criteria for responsibility time adjustments when an educator's research and industry collaboration achievements fall below 60 points. This threshold is significant as it directly impacts the workload and evaluation of educators, potentially leading to increased scrutiny and pressure to improve performance. [Data: Entities (3341); Relationships (4563)]

## Additional Responsibility Time for Low Achievements

The entity '연간 책임시간 3시간 추가' indicates that educators who score below 60 points will incur an additional three hours of responsibility time. This adjustment serves as a corrective measure aimed at encouraging educators to enhance their performance and meet the required standards. The implications of this additional time can affect educators' overall workload and job satisfaction. [Data: Entities (3342); Relationships (4564)]

## Temporary Additional Responsibility Time

The entity '1.5시간 추가' describes a temporary increase in responsibility time for educators who benefit from a research year but only for one semester. This provision acknowledges the unique circumstances of educators while still holding them accountable for their performance. It reflects a balance between support and accountability within the educational framework. [Data: Entities (3343); Relationships (4565)]",4.0
1594,Hanseong Academy Employment Regulations,0.0013831258644536654,"# Hanseong Academy Employment Regulations

The community is centered around the employment regulations of Hanseong Academy, specifically focusing on the sections that govern staff appointments and related policies. The entities are interconnected, with each section building upon the previous one, indicating a structured approach to employment within the institution.

## Interconnectedness of Employment Regulations

The entities within this community are closely related, with each section of the employment regulations referencing and building upon others. For instance, Section 1, which deals with the appointment of staff, is included within Chapter 6, which encompasses all staff-related regulations. This hierarchical structure suggests that changes or issues in one section could significantly impact the others, highlighting the importance of compliance and clarity in these regulations. [Data: Entities (7771, 7772, 7773); Relationships (12735, 12737)]

## Chapter 6 as a foundational document

Chapter 6 of the employment regulations serves as a foundational document for understanding the broader context of staff management at Hanseong Academy. It includes essential guidelines that govern the employment of staff, which are critical for maintaining order and compliance within the institution. The significance of this chapter is underscored by its inclusion of various subsections that detail specific aspects of employment, such as appointments and promotions. [Data: Entities (7771); Relationships (12735)]

## Section 1's focus on staff appointments

Section 1 specifically addresses the regulations surrounding the appointment of staff, which is a crucial aspect of human resource management. This section outlines the procedures and criteria for hiring, which are vital for ensuring that the institution attracts qualified personnel. The relationship between Section 1 and Chapter 6 indicates that this section is integral to the overall employment framework, emphasizing the need for adherence to these guidelines to avoid potential disputes or issues. [Data: Entities (7772); Relationships (12735)]

## Article 43's implications for staff promotions

Article 43 focuses on the specifics of staff promotions, including new appointments and guarantees of tenure. This article is nested within Section 1, indicating that it is part of the broader framework governing staff appointments. The implications of this article are significant, as it directly affects staff morale and institutional stability. Clear guidelines in this area are essential to prevent misunderstandings and ensure fair treatment of all staff members. [Data: Entities (7773); Relationships (12737)]",4.0
994,운영비관리내규 제 1 조 and 11:40 PM,0.0013831258644536654,"# 운영비관리내규 제 1 조 and 11:40 PM

The community centers around the operational management regulations of the 한성프레스센터, specifically focusing on the purpose outlined in the regulations and the timestamp of their creation. The entities are interconnected through their descriptions and the relationships that define their context.

## Purpose of the operational management regulations

The entity '운영비관리내규 제 1 조' outlines the purpose of the operational management regulations for the 한성프레스센터, which is to efficiently support media activities. This regulation is crucial for ensuring that the press center operates within defined guidelines, thereby promoting accountability and transparency in its financial management. The relationship with the document indicates that this purpose is foundational to the operational framework of the press center. [Data: Entities (9532); Relationships (15865)]

## Timestamp of regulation creation

The entity '11:40 PM' indicates the specific time at which the operational management regulations were drafted. This timestamp is significant as it provides a temporal context for the establishment of the regulations, suggesting a structured approach to governance within the 한성프레스센터. The relationship with the regulation highlights the importance of timely documentation in organizational processes. [Data: Entities (9534); Relationships (15867)]

## Interconnectedness of entities

The two entities, '운영비관리내규 제 1 조' and '11:40 PM', are interconnected through their relationships, which describe the purpose of the regulations and the time of their creation. This interconnectedness illustrates how regulatory documents are not standalone but are part of a broader administrative framework that governs the operations of the 한성프레스센터. Understanding these relationships is essential for comprehending the operational dynamics of the community. [Data: Relationships (15865, 15867)]

## Regulatory framework's role in media activities

The operational management regulations serve as a framework for the 한성프레스센터's media activities, ensuring that resources are managed effectively. This regulatory structure is vital for maintaining the integrity and efficiency of the press center's operations, which can influence public trust and the quality of media output. The emphasis on operational management reflects a commitment to responsible governance in media practices. [Data: Entities (9532)]",2.0
5,Hanseong University Governance and Regulations,1.0,"# Hanseong University Governance and Regulations

The community encompasses various entities and regulations governing the operations, academic structure, and administrative functions of Hanseong University. Key entities include the Operating Committee, various regulatory articles, and support committees, all of which are interconnected through their roles in maintaining compliance and enhancing educational quality.

## Comprehensive Regulatory Framework

The entity '제 1 조' represents a foundational framework of regulations that govern various aspects of Hanseong University's operations, responsibilities, and organizational structure. This framework ensures that the university's activities align with its mission and comply with regulatory requirements. Key components include employment regulations, respect for university honor, naming conventions for centers and committees, and compliance with national educational policies. The regulations also address ethical considerations in human subject research and the management of development funds, reflecting a commitment to maintaining high standards in governance and academic integrity [Data: Entities (2); Relationships (3)].

## Role of the Operating Committee

The '운영위원회' (Operating Committee) is a vital governing body responsible for overseeing various operational aspects within the university. It reviews and submits proposals related to the Micro Degree program and manages the operations of the Future Hansung Research Institute. The committee is composed of faculty members appointed by the university president and plays a crucial role in evaluating matters related to creative convergence education. Its responsibilities include deliberating on essential issues concerning research activities, policies, budgets, and financial statements, thereby ensuring effective governance [Data: Entities (44); Relationships (60)].

## Support for Multicultural Families

The establishment of the '다문화가족 학생 지원위원회' (Committee for Supporting Multicultural Families) highlights the university's commitment to inclusivity and support for diverse student populations. This committee is responsible for developing policies and initiatives aimed at assisting multicultural families and students, ensuring that their unique needs are addressed within the academic environment. The committee's formation is part of a broader strategy to enhance student support services and promote a welcoming atmosphere for all students [Data: Entities (4276); Relationships (6075)].

## Regulations on Faculty Appointments

The regulations outlined in '제 2 조' specify the procedures for appointing foreign faculty members and the recognition of their career experiences. These guidelines ensure that appointments are conducted fairly and transparently, with periodic recruitment processes in place. The regulations also detail the responsibilities of faculty members, emphasizing the importance of maintaining the university's reputation and adhering to ethical standards in their professional conduct [Data: Entities (3); Relationships (5)].

## Evaluation and Assessment Framework

The evaluation framework established under '제 4 조' distinguishes between assessments of academic departments and administrative units, ensuring a thorough review process. Evaluation periods are set for final assessments twice a year, with mid-term evaluations occurring in the ninth week of each semester. This structured approach to evaluation is crucial for maintaining academic standards and accountability within the institution [Data: Entities (106); Relationships (327)].",7.5
243,Hansung University Governance and Regulations,0.966804979253112,"# Hansung University Governance and Regulations

The community encompasses a collection of governance documents and regulations that guide the operations of Hansung University and its affiliated institutions. The entities are interconnected through a comprehensive framework of rules and guidelines that ensure effective management and compliance within the university's operational structure.

## Comprehensive governance framework

The collection of documents known as '페이지 1' serves as a comprehensive governance framework for Hansung University, detailing various operational regulations. This framework includes essential documents that outline the university's governance structure, operational procedures, and compliance requirements. The interconnectedness of these documents highlights the importance of adhering to established guidelines to maintain institutional integrity and operational efficiency. [Data: Entities (13); Relationships (8505, 560, 7830, 1197, 1198, +more)]

## Key regulations impacting university operations

Several key regulations, such as the '운영위원회 제 10 조' and '3-2-36 입학사정관 임용규정', play a significant role in shaping the operational landscape of Hansung University. These regulations govern the establishment and functioning of committees, appointment processes for admission officers, and the management of academic programs. Their implementation is crucial for ensuring that the university operates within legal and ethical boundaries, thereby safeguarding its reputation and operational legitimacy. [Data: Entities (5218, 752, 753, 754); Relationships (7830, 1197, 1198, 1199)]

## Regulations for student support and inclusion

The '장애학생 지원에 관한 규정' outlines the university's commitment to supporting students with disabilities, ensuring their inclusion in academic and campus life. This regulation is vital for promoting diversity and equal opportunities within the university environment. By establishing clear guidelines for support services, the university demonstrates its dedication to fostering an inclusive educational atmosphere, which is essential for student success and well-being. [Data: Entities (3888, 3889); Relationships (5448, 5449)]

## Safety and risk management regulations

The '대학안전관리규정' establishes safety standards and protocols to protect the university community and its assets. This regulation is critical for preventing accidents and managing risks associated with campus activities. By implementing these safety measures, Hansung University aims to create a secure environment for students, faculty, and visitors, which is essential for maintaining trust and confidence in the institution's operations. [Data: Entities (7179, 7180); Relationships (11606, 11607)]

## Regulatory compliance and accountability

The various regulations, including '교원 복무 규정' and '비전임교원 임용규정', emphasize the importance of compliance and accountability among faculty and staff. These regulations outline the responsibilities and ethical obligations of university personnel, ensuring that they adhere to institutional standards and contribute positively to the university's mission. This focus on accountability is crucial for maintaining a high standard of education and governance within the university. [Data: Entities (9871, 9872, 9873, 9874); Relationships (16579, 16580, 16581, 16582)]",7.5
590,Hanseong University Awards and Regulations,0.034578146611341634,"# Hanseong University Awards and Regulations

The community encompasses various awards and regulations associated with Hanseong University, including the 우수봉사상 and 언론활동 우수상, as well as guidelines for managing foreign students. These entities are interconnected through their regulatory frameworks and award systems, highlighting the university's commitment to academic excellence and student management.

## 우수봉사상 and 언론활동 우수상 as key awards

The 우수봉사상 and 언론활동 우수상 are significant awards presented by Hanseong University, recognizing outstanding service and media activities, respectively. These awards not only provide recognition but also include monetary rewards, which can incentivize faculty and staff to excel in their roles. The relationship between these awards and the university underscores the institution's focus on fostering a culture of excellence and accountability among its members. [Data: Entities (6754, 6755); Relationships (10721, 10723)]

## Regulations for managing foreign students

The 외국인 유학생 및 어학연수생 관리규정 outlines the framework for managing foreign students and language trainees at Hanseong University. This regulation is crucial for ensuring that the needs of international students are met, which can enhance the university's reputation and attract more foreign students. The guidelines cover various aspects of student management, ensuring a supportive environment for these individuals during their studies. [Data: Entities (8131); Relationships (13345)]

## Interconnectedness of regulatory documents

The various documents related to academic and administrative operations at Hanseong University are interconnected, as seen in the relationships among different sections of the regulations. For instance, the 제 36 조 보유 범위, 제 37 조 민감정보의 처리 제한, and 제 38 조 개인정보의 안전성 확보 are all part of the same regulatory framework, emphasizing the importance of data protection and privacy within the institution. This interconnectedness highlights the comprehensive nature of the university's regulatory environment. [Data: Entities (326, 327, 328); Relationships (460, 461, 462)]

## Award eligibility and criteria

The eligibility criteria for awards such as the 우수봉사상 and 언론활동 우수상 are detailed in the respective regulations, which specify the qualifications required for recipients. This structured approach ensures that awards are given based on merit, thereby promoting a competitive and high-achieving academic environment. The clarity in criteria also helps in maintaining transparency and fairness in the award process. [Data: Entities (6754, 6755); Relationships (10727)]

## Implementation dates of regulations

The various regulations and amendments have specific implementation dates, which are crucial for compliance and enforcement. For example, the 부 칙 (시행일) documents outline the effective dates for changes in regulations, ensuring that all stakeholders are aware of when new rules come into effect. This systematic approach to regulation updates is essential for maintaining order and clarity within the university's operational framework. [Data: Entities (890, 889); Relationships (1352, 1353)]",6.5
581,Dance Performance Evaluation Community,0.008298755186721992,"# Dance Performance Evaluation Community

The community is centered around the evaluation and regulation of dance performances, with key dates and entities that govern the criteria and processes involved. Significant relationships exist between the evaluation committee, regulatory dates, and the requirements for large-scale exhibitions in the dance field.

## Significance of the date 2021.2.25.

The date 2021.2.25. is pivotal for the dance performance community as it marks the establishment of evaluation criteria for online presentations in dance. This date is also associated with the formation of the committee responsible for these evaluations and amendments to regulations concerning self-evaluation committees. The implications of this date are far-reaching, affecting how dance performances are assessed and recognized, which can influence funding and opportunities for artists. [Data: Entities (3145); Relationships (4190, 6195)]

## Role of the overseeing department (주관부서).

The overseeing department is crucial in managing and operating the development fund and the committee's activities. This department's regulations, established on 2007.2.14., play a significant role in ensuring that the evaluation processes are conducted fairly and effectively. The department's oversight is essential for maintaining standards in the dance performance community, impacting how exhibitions and performances are organized and evaluated. [Data: Entities (662); Relationships (1036, 1037)]

## Criteria for large-scale exhibitions (대규모 기획전).

The large-scale planned exhibition requires participants to meet specific criteria to be recognized as solo exhibitions. This requirement is significant for artists seeking to showcase their work, as it sets a standard for what constitutes a legitimate exhibition in the dance field. The relationship between large-scale exhibitions and the requirements for dance performances highlights the importance of compliance with established criteria for artists' recognition and success. [Data: Entities (4376); Relationships (6192)]

## Importance of dance requirements (무용).

The entity related to dance requirements outlines the conditions that must be met for participation in various dance-related events. This includes compliance with evaluation criteria established on key dates, such as 2021.2.25. The emphasis on meeting these requirements underscores the competitive nature of the dance performance community and the necessity for artists to adhere to regulations to gain recognition and support. [Data: Entities (4377); Relationships (6192, 6195)]

## Regulatory changes on 2007.2.14.

The date 2007.2.14. marks significant regulatory changes concerning the overseeing department, which are crucial for the governance of dance performance evaluations. These changes have likely shaped the current landscape of how dance performances are assessed and the standards that must be met. Understanding these historical changes is essential for stakeholders in the dance community to navigate the regulatory environment effectively. [Data: Entities (667); Relationships (1037)]",6.5
46,Army Student Military School Community,0.006915629322268326,"# Army Student Military School Community

The community centers around the Army Student Military School and its associated entities, including the candidates undergoing military training, the governing committee, and the regulations that guide their training and support. The relationships among these entities highlight the structured approach to military education and the support systems in place for the candidates.

## Role of Army Student Military School

The Army Student Military School is a pivotal institution in this community, where candidates receive military training. This school is responsible for preparing university students to become military officers, which is crucial for maintaining national defense capabilities. The training programs offered are designed to equip candidates with the necessary skills and knowledge to serve effectively in the military. The relationship between the candidates and the school is fundamental, as it directly impacts the quality of military leadership in the future. [Data: Entities (3094, 3093); Relationships (4097)]

## Significance of Military Candidates

The '학군사관후보생' (military candidates) are university students who undergo rigorous military training at the Army Student Military School. Their training is not only a personal commitment but also a national obligation, as they are being prepared to take on leadership roles within the military. The benefits they receive, such as scholarships and priority accommodations, are incentives that encourage participation in this program. The relationship between these candidates and the military training they receive is critical for understanding the future of military leadership in the country. [Data: Entities (3090); Relationships (4091, 4097)]

## Governing Committee's Role

The governing committee, referred to as '구성', plays a crucial role in overseeing the operations and regulations of the Army Student Military School. This committee is responsible for ensuring that the training programs align with national defense strategies and educational standards. The relationship between the committee and the regulations it oversees is vital for maintaining the integrity and effectiveness of the military training provided to candidates. [Data: Entities (3101); Relationships (11590)]

## Regulatory Framework

The '6-0-67 과학기술인재양성 교육혁신 자문위원회 규정' outlines the structure and duties of the governing committee. This regulatory framework is essential for guiding the operations of the Army Student Military School and ensuring that the training provided meets the necessary standards. The relationship between the regulations and the committee's duties highlights the importance of governance in military education. [Data: Entities (7175, 7174); Relationships (11592)]

## Budget Support for Candidates

The budget support for military candidates is a significant aspect of this community, as it reflects the government's commitment to fostering military education. This financial backing is crucial for providing the necessary resources and facilities for the candidates' training. The relationship between the budget support and the candidates indicates the level of investment in future military leadership and the importance of sustaining these educational programs. [Data: Entities (3100); Relationships (4108)]",6.5
1360,Research Fund Settlement Regulations,0.005532503457814661,"# Research Fund Settlement Regulations

The community focuses on the regulations surrounding research fund settlements, particularly the amendments made on significant dates such as November 1, 2011, and November 1, 2012. The entities are interconnected through their relevance to the governance of academic personnel and research administration.

## Research Fund Settlement as a central regulation

The entity '연구비 정산' (Research Fund Settlement) is a crucial regulation that mandates the submission of research fund settlement reports within a month after the results report. This regulation is essential for ensuring proper financial management in academic research, highlighting its significance in the community. The requirement for timely submission emphasizes the importance of accountability and transparency in the use of research funds, which can impact the reputation and operational integrity of academic institutions. [Data: Entities (148); Relationships (196)]

## Significance of the date 2012.11.1

The date '2012.11.1' marks a significant amendment to the research fund settlement regulations. This date is pivotal as it encapsulates various academic and administrative regulations, including criteria for faculty reappointment and promotion, as well as provisions related to sick leave. The implications of this date extend beyond mere compliance; it reflects the evolving governance of academic personnel and the administration of research funds, which are critical for maintaining institutional standards. [Data: Entities (151); Relationships (196)]

## Amendment history of research fund regulations

The relationship between '연구비 정산' and the date '2011.11.1' indicates that this regulation was amended on this earlier date as well. Understanding the historical context of these amendments is vital for comprehending the current regulatory framework. The changes made on these dates may have been responses to previous challenges in research fund management, thus shaping the current landscape of academic governance. [Data: Entities (150); Relationships (195)]

## Interconnectedness of regulations

The relationships between the entities highlight the interconnectedness of various regulations concerning research fund settlements. Each amendment date serves as a reference point for understanding the evolution of these regulations, which are critical for compliance in academic settings. This interconnectedness suggests that changes in one regulation can have cascading effects on others, emphasizing the need for comprehensive understanding and adherence to all related guidelines. [Data: Relationships (195, 196)]",4.0
1241,Community Engagement through Service Learning and Internships,0.0027662517289073307,"# Community Engagement through Service Learning and Internships

This community focuses on educational initiatives that connect students with real-world experiences through service learning, internships, and capstone design projects. The entities are interrelated, emphasizing the importance of practical experience in addressing community and industry needs.

## Service Learning as a foundational program

Service Learning is a key entity in this community, designed to engage students in solving community issues through practical education. This program not only enhances students' learning experiences but also fosters a sense of responsibility and connection to the community. The relationship between Service Learning and other programs like Pre-Internship highlights its role in providing students with essential real-world skills. This interconnectedness suggests that Service Learning is pivotal in shaping the educational landscape within the community. [Data: Entities (4473); Relationships (6353, 6352)]

## Pre-Internship program's role in practical education

The Pre-Internship program serves as a bridge between academic learning and practical experience, allowing students to gain hands-on skills in their respective fields. This program is closely linked with both Service Learning and Capstone Design, indicating a comprehensive approach to student education that emphasizes real-world application. The collaboration among these programs enhances the overall educational experience, preparing students for future employment and community engagement. [Data: Entities (4474); Relationships (6353, 6354)]

## Capstone Design as a collaborative project-based course

Capstone Design is an educational initiative where students work in teams to solve real-world problems, integrating knowledge from their studies. This program's connection with industry through partnerships enhances its relevance and effectiveness, as it allows students to apply their learning in practical settings. The relationship with Pre-Internship further emphasizes the importance of collaborative projects in developing students' skills and preparing them for the workforce. [Data: Entities (4475); Relationships (6354, 6355)]

## Community and Industry Engagement

The participation in community and industry-linked educational programs is crucial for fostering collaboration between students and local organizations. This engagement not only benefits students by providing them with valuable experiences but also supports community development by addressing local needs. The interconnectedness of these programs highlights the importance of practical education in bridging the gap between academia and the community. [Data: Entities (4472); Relationships (6352)]",7.5
481,Certificate Issuance Community,0.0027662517289073307,"# Certificate Issuance Community

The community is centered around various types of certificates issued to students, including enrollment, leave of absence, and graduation certificates. The primary entity, 제 증명서, serves as the foundation for all other certificate types, indicating a structured relationship among them.

## Central role of 제 증명서

The entity 제 증명서 is the primary certificate from which all other types of certificates are derived. This centrality indicates its importance in the academic ecosystem, as it serves as the basis for various official documents that validate a student's status. The relationships established show that all other certificates, such as 재학증명서 (enrollment certificate) and 졸업증명서 (graduation certificate), are categorized under 제 증명서, highlighting its foundational role in the issuance process. [Data: Entities (4663); Relationships (8685, 8686, 8687, 8688, 8689, 8690, 8692)]

## Diversity of certificate types

The community encompasses a variety of certificate types, including 재학증명서, 휴학증명서, and 졸업증명서, each serving specific purposes for students. This diversity allows for tailored documentation that meets the needs of different student circumstances, such as current enrollment, leave of absence, or graduation. The existence of multiple certificate types indicates a comprehensive system designed to support students at various stages of their academic journey. [Data: Entities (5644, 5645, 5646, 5647, 5648, 5649, 5650); Relationships (8685, 8686, 8687, 8688, 8689)]

## Interconnectedness of certificate issuance

The relationships among the certificates indicate a high degree of interconnectedness, where each certificate type is a derivative of 제 증명서. This interconnectedness suggests that the issuance of one type of certificate may influence or require the issuance of another, creating a cohesive system that ensures students can obtain the necessary documentation for their academic and professional needs. [Data: Relationships (8685, 8686, 8687, 8688, 8689)]

## Regulatory compliance and validation

The issuance of these certificates is likely governed by institutional regulations, ensuring that each document is valid and recognized. The structured nature of the relationships implies that there are checks and balances in place to verify the authenticity of the information contained within each certificate, which is crucial for maintaining academic integrity and trust in the educational system. [Data: Entities (4663); Relationships (8685, 8686, 8687, 8688, 8689)]

## Potential impact on students' futures

The certificates issued within this community have significant implications for students' futures, affecting their ability to pursue further education or employment opportunities. The importance of having valid and recognized certificates cannot be overstated, as they serve as proof of a student's academic achievements and status. This impact underscores the necessity for a reliable and efficient certificate issuance process. [Data: Entities (5644, 5645, 5646, 5647, 5648, 5649, 5650); Relationships (8685, 8686, 8687, 8688, 8689)]",7.5
1591,Privacy Regulations and Security Measures,0.0027662517289073307,"# Privacy Regulations and Security Measures

This community focuses on privacy regulations and security measures related to personal data management, specifically outlined in the security management document 3-1-59. The entities are interconnected through their references to specific clauses and their implications for data handling and security.

## Clause 36 on Data Retention Scope

Clause 36 outlines the minimum scope for retaining personal data necessary for performing duties, emphasizing the need for encryption and safety measures when storing personal data files on PCs. This clause is crucial for ensuring that organizations comply with data protection standards and avoid potential breaches. The relationship between this clause and its location on page 7 of the security management document highlights its accessibility and importance in the overall framework of data security regulations [Data: Entities (326); Relationships (460)].

## Clause 37 on Restrictions for Sensitive Information

Clause 37 restricts the processing of sensitive information, such as beliefs, union membership, political views, health, and sexual life, unless specific conditions are met. This regulation is vital for protecting individuals' rights and ensuring that organizations handle sensitive data responsibly. The emphasis on restrictions serves to mitigate risks associated with the mishandling of sensitive information, which could lead to significant legal and reputational consequences for organizations [Data: Entities (327); Relationships (461)].

## Clause 38 on Ensuring Data Security

Clause 38 includes regulations aimed at ensuring the security of personal data. This clause is essential for establishing a framework that organizations must follow to protect personal data from unauthorized access and breaches. The relationship of this clause to its location on page 7 of the security management document indicates its foundational role in the overall data protection strategy [Data: Entities (328); Relationships (462)].

## Chapter 5, Section 2 Overview

Chapter 5, Section 2 encompasses provisions related to the scope of data retention and the security measures required for personal data handling. This section serves as a comprehensive guide for organizations to understand their obligations regarding data security and retention. The inclusion of this chapter in the security management document underscores the importance of having a structured approach to data protection [Data: Entities (325); Relationships (456)].",7.5
1593,5-0-6 콘텐츠디자인칼리지 Regulations,0.0027662517289073307,"# 5-0-6 콘텐츠디자인칼리지 Regulations

The community is centered around the 5-0-6 콘텐츠디자인칼리지 and its regulations regarding degree conferral requirements and procedures. The entities are interconnected, with the degree requirements and procedures being integral to the operational framework of the college.

## Degree Conferral Requirements

The 학위수여 요건 outlines the necessary criteria for students to obtain a degree from the 5-0-6 콘텐츠디자인칼리지. This includes specific academic achievements such as a minimum of 140 credits, including 30 credits in general education and 60 in the major. These requirements ensure that graduates meet a standardized level of education, which is crucial for the institution's credibility and the value of its degrees. The detailed criteria are essential for maintaining academic integrity and ensuring that students are adequately prepared for their future careers. [Data: Entities (4654); Relationships (6722, 6723)]

## Degree Conferral Procedures

The 학위수여 절차 describes the procedural steps that must be followed by students who meet the degree requirements to officially receive their degrees. This process is vital for ensuring that all graduates are recognized formally and that the institution adheres to its own regulations. The clarity of these procedures helps prevent confusion among students and ensures a smooth transition from student to graduate status. [Data: Entities (4655); Relationships (6722, 6725)]

## Regulatory Framework of 5-0-6 콘텐츠디자인칼리지

The 5-0-6 콘텐츠디자인칼리지 규정 serves as the foundational document that encompasses both the degree requirements and procedures. This comprehensive framework is essential for the college's operations, as it outlines not only the academic standards but also the college's purpose and activities. By having a well-defined set of regulations, the college can maintain its educational quality and ensure compliance with broader educational standards. [Data: Entities (4635); Relationships (6723, 6725)]

## Interconnectedness of Requirements and Procedures

The relationships between the degree requirements and the degree conferral procedures highlight the interconnected nature of these elements within the college's regulatory framework. Understanding how these components interact is crucial for students and faculty alike, as it impacts the overall educational experience and the institution's reputation. The clarity in these relationships helps ensure that all stakeholders are aware of the necessary steps to achieve academic success. [Data: Relationships (6722, 6723, 6725)]",6.0
1173,Instructor Appointment Regulations,0.0027662517289073307,"# Instructor Appointment Regulations

The community focuses on the regulations surrounding instructor appointments, including criteria for qualifications, appointment dates, and disqualifications. The entities are interconnected through their implications on the hiring process and the potential consequences of failing to meet the established standards.

## Regulations on Appointment Dates

The entity '임용일 및 임용기간' outlines the regulations regarding the appointment dates and duration for instructors. This regulation is crucial as it sets the framework for when instructors can be officially appointed, which directly affects the hiring process. The specific details are documented in the 3-2-38 강사임용규정, indicating that adherence to these dates is essential for maintaining compliance with institutional policies. Non-compliance could lead to administrative issues or delays in the hiring process. [Data: Entities (6773); Relationships (10770)]

## Criteria for Instructor Qualifications

The '강사 자격기준' entity specifies the qualifications required for instructors, including educational background and experience. This regulation ensures that only qualified individuals are considered for teaching positions, which is vital for maintaining educational standards. The criteria include a minimum of two years of combined research and teaching experience for university graduates, or three years for those with equivalent qualifications. This rigorous standard is designed to uphold the quality of education provided by the institution. [Data: Entities (6772); Relationships (10766)]

## Disqualifications in Appointment Process

The '결격사유' entity addresses the disqualifications that may arise during the instructor appointment process. It is critical to understand that failing to meet the qualifications can lead to disqualification, which directly impacts the hiring process. This regulation serves as a safeguard to ensure that only suitable candidates are appointed, thereby protecting the integrity of the educational institution. The relationship between disqualifications and appointment dates indicates that any disqualifying factors must be resolved before an appointment can be finalized. [Data: Entities (3961); Relationships (10768)]

## Interconnectedness of Regulations

The relationships among the entities highlight the interconnectedness of the appointment regulations. For instance, the appointment dates are directly linked to the qualifications and disqualifications, indicating that all aspects of the hiring process must be considered holistically. This interconnectedness suggests that a failure in one area, such as not meeting the qualification criteria, can have cascading effects on the entire appointment process, potentially leading to legal or administrative challenges. [Data: Relationships (10766, 10768)]",6.0
424,Student Support Services and Disability Center,0.0013831258644536654,"# Student Support Services and Disability Center

The community focuses on various student support services, including the management of student dormitories, student council activities, and the Disability Support Center, which encompasses a wide range of services aimed at enhancing student welfare and academic success.

## Central role of the Disability Support Center

The Disability Support Center is a pivotal entity in this community, addressing the rights and welfare of students with disabilities. It encompasses various aspects of student life, including academic support and welfare services, which are essential for ensuring equal opportunities for all students. The center's comprehensive approach to supporting students with disabilities highlights its importance in fostering an inclusive educational environment. [Data: Entities (9365); Relationships (15558, 15559, 15560, 15561, 15562, +more)]

## Interconnectedness of student support services

The various student support services, such as dormitory management, student council activities, and administrative services, are interconnected with the Disability Support Center. This interconnectedness ensures that students receive holistic support, addressing both academic and personal needs. The relationships among these entities indicate a collaborative effort to enhance student welfare, which is crucial for their overall success. [Data: Entities (9349, 9350, 9351, 9352, 9353, +more); Relationships (15558, 15559, 15560, 15561, 15562, +more)]

## Diverse range of services offered

The community encompasses a diverse range of services, including academic support, financial aid, and extracurricular activities. This variety is essential for catering to the different needs of students, particularly those with disabilities who may require specialized assistance. The breadth of services indicates a commitment to fostering an inclusive and supportive educational environment. [Data: Entities (9354, 9355, 9356, 9357, 9358, +more); Relationships (15563, 15564, 15565, 15566, 15567, +more)]

## Importance of administrative services

Administrative services play a crucial role in the functioning of the community, ensuring that students can access the necessary support efficiently. These services include handling student complaints, managing scholarships, and facilitating student activities. The effectiveness of these administrative functions directly impacts student satisfaction and success, making them a vital component of the community. [Data: Entities (9351, 9355, 9356, 9358, 9360); Relationships (15560, 15564, 15566, 15570, 15571)]",7.5
416,출 품의 Community Overview,0.0013831258644536654,"# 출 품의 Community Overview

The 출 품의 community consists of various types of expenditure and income requests, categorized by their monetary thresholds. The central entity, 출 품의, encompasses several specific types of requests, indicating a structured approach to financial documentation and approval processes.

## Central role of 출 품의

The 출 품의 entity serves as the foundational document for various financial requests, indicating its importance in the community's structure. It outlines the procedures for requesting and approving expenditures, which is critical for maintaining financial integrity within the organization. The relationships with specific expenditure categories highlight how the 출 품의 is integral to the financial operations, ensuring that all requests are documented and processed according to established guidelines. [Data: Entities (934); Relationships (1397, 1398, 1399, 1400, 1401)]

## Diverse expenditure categories

The community includes multiple categories of expenditure requests, such as those for amounts under 100만원, between 500만원 and 1000만원, and over 1000만원. Each category has specific documentation requirements and approval processes, which are essential for financial governance. This diversity allows for tailored approaches to different financial needs, ensuring that smaller requests are handled efficiently while larger expenditures undergo more rigorous scrutiny. [Data: Entities (935, 936, 937, 938, 939); Relationships (1397, 1398, 1399, 1400, 1401)]

## Importance of compliance

Compliance with the 출 품의 regulations is crucial for the community, as improper handling of financial requests can lead to legal and financial repercussions. Each type of expenditure request is governed by specific rules that must be adhered to, ensuring transparency and accountability in financial dealings. The structured nature of these requests helps mitigate risks associated with financial mismanagement. [Data: Entities (934); Relationships (1397, 1398, 1399, 1400, 1401)]

## Interconnectedness of financial requests

The relationships between 출 품의 and its various expenditure categories demonstrate a high degree of interconnectedness within the community. Each specific request type is a subset of the broader 출 품의 framework, indicating that changes or issues in one category could impact others. This interconnectedness necessitates careful monitoring and management to ensure that all financial requests align with organizational policies. [Data: Relationships (1397, 1398, 1399, 1400, 1401)]",6.5
971,Graduate School Faculty Regulations,0.0013831258644536654,"# Graduate School Faculty Regulations

The community is centered around the regulations governing graduate school faculty, specifically focusing on reappointment, restrictions, compensation, and promotion. The entities are interconnected through their references to specific regulations and their implications for faculty management.

## Reappointment regulations for graduate faculty

The regulation regarding reappointment of graduate faculty, outlined in Article 67, specifies the conditions under which a faculty member may not be reappointed. This includes circumstances such as failure to meet contract conditions or the conclusion of external projects. Understanding these conditions is crucial for both faculty and administration as they navigate employment stability and institutional needs. [Data: Entities (2784); Relationships (3774)]

## Restrictions on faculty during contract periods

Article 68 outlines significant restrictions for graduate faculty during their contract periods, including prohibitions on overseas assignments and sabbaticals. These limitations can affect faculty development and research opportunities, which are essential for academic growth and institutional reputation. The implications of these restrictions must be carefully considered by both faculty and administration. [Data: Entities (2785); Relationships (3775)]

## Compensation structure for graduate faculty

According to Article 69, the compensation for graduate faculty is determined by the budget of their affiliated special graduate school and is capped at 80% of the salary of tenured faculty. This regulation is critical for understanding the financial framework within which faculty operate and can influence recruitment and retention strategies. [Data: Entities (2786); Relationships (3776)]

## Interconnection of reappointment and promotion regulations

The regulations regarding reappointment (Article 66-1) and promotion (Article 66-2) are interconnected, as both adhere to the same contractual guidelines for graduate faculty. This relationship highlights the importance of compliance with institutional policies and the potential consequences for faculty career progression. Understanding this connection is vital for faculty planning their career trajectories. [Data: Entities (2782, 2783); Relationships (3770)]",6.5
1003,산학협력 교육혁신위원회,0.0013831258644536654,"# 산학협력 교육혁신위원회

The community is centered around the 산학협력 교육혁신위원회, which aims to enhance the educational linkage between universities and industries. The committee's operations are governed by specific regulations that outline its purpose and functions, establishing a structured approach to fostering collaboration.

## Purpose of the 산학협력 교육혁신위원회

The 산학협력 교육혁신위원회 is established to enhance the educational linkage between universities and industries, as outlined in its operational regulations. This committee plays a crucial role in developing a structured approach to collaboration, which can lead to improved educational outcomes and better alignment with industry needs. The regulations specify the committee's purpose, emphasizing its importance in fostering partnerships that can drive innovation and economic growth in the region. [Data: Entities (3919, 3920, 3921); Relationships (5494, 5495)]

## Functions of the committee

The operational regulations detail the functions of the 산학협력 교육혁신위원회, which are essential for its effective operation. These functions include overseeing initiatives that promote collaboration between educational institutions and industry partners. By clearly defining its roles, the committee can ensure that its activities are aligned with its objectives, thereby maximizing its impact on educational and industrial synergy. [Data: Entities (3920, 3921); Relationships (5494, 5497)]

## Interconnected regulations

The regulations governing the 산학협력 교육혁신위원회 are interconnected, with the first and second articles outlining the committee's purpose and functions, respectively. This interconnectedness ensures that the committee operates cohesively, with a clear understanding of its goals and responsibilities. Such a structured approach is vital for the committee's success in achieving its mission of enhancing educational and industrial collaboration. [Data: Relationships (5494)]

## Impact on local industries

The activities of the 산학협력 교육혁신위원회 have the potential to significantly impact local industries by fostering a skilled workforce that meets industry demands. By enhancing the educational linkage between universities and industries, the committee can help ensure that graduates possess the skills and knowledge required by employers, thereby contributing to economic development and competitiveness in the region. [Data: Entities (3921); Relationships (5495)]",6.0
299,홍보위원회 규정 Community,0.0013831258644536654,"# 홍보위원회 규정 Community

The community is centered around the 홍보위원회 규정 (Public Relations Committee Regulations), which outlines the structure, roles, and functions of the committee. The entities are interrelated through their regulations, detailing the responsibilities and terms of the committee members.

## Regulation 6 outlines meeting procedures

Regulation 6 specifies that meetings of the committee are convened by the chairperson and require a majority of members to be present for decisions to be made. This regulation is crucial for ensuring that the committee operates effectively and that decisions are made democratically. The requirement for a majority presence emphasizes the importance of member participation in the decision-making process, which can impact the committee's effectiveness and accountability. [Data: Entities (693); Relationships (1105)]

## Regulation 4 defines the term of office

Regulation 4 states that the chairperson's term is tied to their tenure in office, while appointed members serve for one year with the possibility of reappointment. This regulation ensures continuity and stability within the committee, as it allows for experienced members to remain in their roles while also providing opportunities for new members to join. The stipulation regarding the term of office is significant for maintaining a balance between experience and fresh perspectives within the committee. [Data: Entities (691); Relationships (1101)]

## Regulation 5 details the chairperson's duties

Regulation 5 outlines the responsibilities of the chairperson, who represents the committee and oversees all matters related to public relations. This regulation is vital as it establishes the leadership role within the committee, ensuring that there is a clear point of authority and accountability. The chairperson's duties include collecting and analyzing information related to public relations, which is essential for the committee's strategic planning and communication efforts. [Data: Entities (692); Relationships (1103)]

## Regulation 3 describes the committee's functions

Regulation 3 defines the committee's functions, including the establishment of internal and external public relations policies, production of promotional materials, and discussion of other important matters. This regulation is fundamental as it sets the scope of the committee's work and its impact on the organization's public image. By outlining these functions, the regulation ensures that the committee remains focused on its objectives and can effectively manage its responsibilities. [Data: Entities (690); Relationships (1099)]

## Interconnections among regulations

The relationships among the various regulations highlight the interconnectedness of the committee's governance structure. For instance, Regulation 4's stipulations about terms are related to the duties outlined in Regulation 5, indicating that the effectiveness of the chairperson is influenced by the stability of the committee's membership. Similarly, the functions described in Regulation 3 are linked to the meeting procedures in Regulation 6, emphasizing the importance of structured meetings for discussing and implementing public relations strategies. These interconnections are crucial for understanding how the committee operates as a cohesive unit. [Data: Relationships (1101, 1099, 1103, 1105)]",4.0
1075,Regulations on Course Registration,0.0013831258644536654,"# Regulations on Course Registration

The community centers around the regulations governing course registration, specifically focusing on Article 14 and its relationship to the rules outlined in the 3-3-2 course registration guidelines and a relevant date, February 29, 2016. These entities are interconnected, highlighting the importance of compliance with registration procedures.

## Article 14 as a key regulatory document

Article 14 outlines the regulations for course registration, serving as a critical reference for students and educational institutions. This document is essential for understanding the rules and procedures that govern the registration process, ensuring that students comply with necessary guidelines. The significance of Article 14 is underscored by its inclusion in the broader context of the 3-3-2 course registration rules, indicating its foundational role in the registration framework. [Data: Entities (7258); Relationships (11759)]

## Connection to the 3-3-2 course registration guidelines

Article 14 is part of the 3-3-2 course registration guidelines, which provide a structured approach to course enrollment. This relationship emphasizes the importance of adhering to these guidelines to facilitate a smooth registration process. The integration of Article 14 within these guidelines suggests that any changes or updates to this article could have significant implications for the overall registration process, potentially affecting many students. [Data: Entities (7258); Relationships (11759)]

## Significance of the date February 29, 2016

The date February 29, 2016, is associated with course registration content, marking a specific point in time relevant to the regulations. This date may represent a deadline or a significant event in the context of course registration, highlighting the temporal aspect of compliance. Understanding the implications of this date is crucial for students and institutions alike, as it may affect registration timelines and procedures. [Data: Entities (7262); Relationships (11762)]

## Interconnectedness of entities

The relationships between Article 14, the 3-3-2 course registration guidelines, and the date February 29, 2016, illustrate a network of regulatory compliance that students must navigate. This interconnectedness indicates that changes in one entity could impact the others, necessitating a comprehensive understanding of all related documents and timelines. Such a network is vital for ensuring that students are well-informed and can successfully complete their course registrations. [Data: Relationships (11759, 11762)]",4.0
717,Admission Regulations and Cancellation Policies,0.0013831258644536654,"# Admission Regulations and Cancellation Policies

This community focuses on the admission regulations of Hanseong University, particularly the cancellation of admission permits due to misconduct. The entities are interconnected through specific regulations and dates that outline the processes involved in admissions and their potential revocation.

## Regulation on Admission Cancellation

The entity '제 16 조의 2' outlines the conditions under which an admission permit can be canceled if a student is found to have committed misconduct. This regulation is crucial for maintaining academic integrity and ensuring that only eligible students are admitted. The potential for cancellation of admission based on misconduct highlights the importance of ethical behavior among students and the university's commitment to upholding its standards. [Data: Entities (5252)]

## Connection to Related Regulations

The relationship between '제 16 조의 2' and '제 19 조' indicates that there are additional regulations concerning the cancellation of admission permits. This interconnectedness suggests a comprehensive framework governing admissions, where multiple regulations work together to address various scenarios related to student eligibility and misconduct. Understanding these relationships is essential for stakeholders involved in the admissions process. [Data: Relationships (7904)]

## Date of Special Admission Regulations

The entity '2011. 3. 2' marks the date related to special admission regulations for graduates of specialized high schools. This date is significant as it may represent a specific policy change or implementation of new criteria for admissions, reflecting the university's adaptability to educational trends and the needs of different student populations. The historical context of this date can provide insights into the evolution of admission policies at Hanseong University. [Data: Entities (5253)]

## Linking Special Admission Regulations to Cancellation Policies

The relationship between '제 16 조의 2' and '2011. 3. 2' indicates that the special admission regulations are directly related to the cancellation policies. This connection emphasizes the importance of understanding how different admission criteria can impact the overall admissions process, particularly in cases where misconduct is involved. It highlights the need for clear communication and understanding of the rules among prospective students. [Data: Relationships (7905)]",4.0
93,Student Regulations and Compliance,0.0013831258644536654,"# Student Regulations and Compliance

The community is centered around the student regulations, specifically focusing on the rules outlined in Chapter 5 and related articles that govern student behavior and participation in external activities. The entities are interconnected, with specific articles detailing the requirements for student conduct and the approval needed for participation in external events.

## Chapter 5 as the foundational regulation

Chapter 5 of the student regulations serves as the foundational document outlining the behavior and norms expected from students. This chapter is crucial as it encompasses various rules that govern student conduct, including participation in external activities. The significance of this chapter is underscored by its connections to other articles, which detail specific restrictions and requirements for students. Non-compliance with these regulations could lead to disciplinary actions, affecting students' academic and extracurricular engagements. [Data: Entities (8850); Relationships (14627, 14628, 14629)]

## Article 30's restrictions on group support

Article 30 explicitly states that students are prohibited from participating in group support for external athletic events without the approval of the university president. This regulation highlights the institution's control over student activities and the need for oversight in external engagements. The relationship between this article and Chapter 5 indicates that it is part of a broader framework aimed at maintaining order and compliance among students. Violations of this article could lead to significant repercussions for students involved in unauthorized group activities. [Data: Entities (8851); Relationships (14627)]

## Article 31's limitations on external participation

Article 31 restricts students from participating as athletes in external organizations without prior approval from the university president. This regulation is critical in ensuring that the institution maintains oversight over student representation in external competitions. The connection to Chapter 5 emphasizes the importance of adhering to institutional guidelines, as failure to comply could result in disciplinary measures. This regulation reflects the institution's commitment to managing student involvement in external activities responsibly. [Data: Entities (8852); Relationships (14628)]

## Article 32's amendment process

Article 32 outlines the process for amending or repealing the regulations, requiring a majority vote from the student advisory committee and subsequent approval from the university president. This article is significant as it establishes a formal mechanism for change within the regulatory framework, ensuring that student voices can be heard in the governance process. The relationship with Chapter 5 indicates that any changes to the regulations must be carefully considered and approved, reflecting the institution's commitment to maintaining a structured approach to governance. [Data: Entities (8853); Relationships (14629)]",4.0
1455,우수교원포상규정 Community,0.0013831258644536654,"# 우수교원포상규정 Community

The community is centered around the 우수교원포상규정, which outlines the regulations for awarding excellent educators. The entities are interconnected through specific regulations and evaluation periods, indicating a structured approach to recognizing educational achievements.

## 우수교원포상규정 제 1 장 as a foundational document

The 우수교원포상규정 제 1 장 serves as the primary document outlining the scope and applicability of the regulations for awarding excellent educators. This foundational document is crucial as it sets the framework for the entire recognition process, detailing who is eligible and the criteria for evaluation. Its significance is underscored by its role in establishing the guidelines that govern the assessment of educational achievements. [Data: Entities (6389); Relationships (10056)]

## Importance of 대상기간 in evaluation

The 대상기간 is a critical component of the evaluation process, specifying the time frame for assessing teaching performance. This period is defined as one year, with evaluations based on the most recent three years of performance. The clarity in defining the evaluation period ensures that the assessment is fair and reflective of the educators' current capabilities, which is essential for maintaining high standards in education. [Data: Entities (6393); Relationships (10064, 10065)]

## 2023. 2. 16 as a key evaluation date

The date 2023. 2. 16 is significant as it marks the evaluation criteria date for assessing teaching performance. This date is pivotal in the context of the 대상기간, as it serves as a reference point for the evaluation of educators' achievements. The establishment of such a date helps in standardizing the evaluation process and ensuring that all educators are assessed based on the same timeline. [Data: Entities (6398); Relationships (10065)]

## Interconnectedness of regulations

The relationships between the entities highlight the interconnectedness of the regulations governing the award process. For instance, the relationship between 우수교원포상규정 제 1 장 and 우수교원포상규정 제 1 조 indicates that the first article is included within the scope of the first chapter. This interconnectedness is vital for understanding how different parts of the regulations work together to form a cohesive framework for recognizing educational excellence. [Data: Relationships (10056)]",4.0
1152,Remote Learning Regulations Overview,0.0013831258644536654,"# Remote Learning Regulations Overview

The community focuses on the regulations governing remote learning courses at the institution, detailing the classification, establishment, and operational guidelines for such courses. The entities are interconnected through their references to the same regulatory document, indicating a structured approach to remote education.

## Classification of Remote Learning Courses

The entity '제 3 조 원격수업 교과목 분류' outlines the classification of remote learning courses into categories such as online classes, blended learning, and flipped learning. This classification is crucial for understanding the different modalities of remote education offered by the institution. By categorizing courses, the institution can better manage and deliver educational content tailored to various learning styles and needs. This structured classification helps in maintaining educational standards and ensuring that students receive appropriate learning experiences. [Data: Entities (8893); Relationships (14720)]

## Establishment of Remote Learning Courses

The entity '제 4 조 개설' specifies that remote courses can be established by faculty members who are currently employed at the institution. This regulation ensures that only qualified educators are responsible for creating and delivering remote learning content, which is essential for maintaining the quality of education. The ability for faculty to establish courses also encourages innovation and responsiveness to student needs, as instructors can adapt their offerings based on current educational trends and student feedback. [Data: Entities (8894); Relationships (14721)]

## Operational Guidelines for Remote Learning

The entity '제 2 장 원격수업 개설 및 운영' encompasses the guidelines for the establishment and operation of remote learning courses. This section is vital as it provides a framework for how remote courses should be conducted, ensuring consistency and quality across different offerings. By having clear operational guidelines, the institution can better support both instructors and students, facilitating a smoother learning experience. This also helps in addressing potential challenges that may arise in remote education settings. [Data: Entities (8892); Relationships (14717)]

## Interconnectedness of Regulatory Entities

The relationships among the entities indicate a well-structured regulatory framework for remote learning. For instance, '제 3 조 원격수업 교과목 분류' is included in '제 2 장 원격수업 개설 및 운영', showing that course classification is a foundational aspect of the operational guidelines. This interconnectedness highlights the importance of each regulation in supporting the overall framework for remote education, ensuring that all aspects of course delivery are aligned with institutional goals. [Data: Relationships (14717)]",4.0
343,Graduation Thesis Regulations Community,0.0013831258644536654,"# Graduation Thesis Regulations Community

The community is centered around the regulations governing graduation theses, which include specific articles outlining the purpose, submission requirements, and alternative submission methods. The entities are interconnected through their shared focus on the graduation thesis regulations, indicating a structured approach to academic requirements.

## Purpose of the Graduation Thesis Regulations

The first article of the graduation thesis regulations outlines the purpose of requiring students to submit a thesis, which is to consolidate knowledge gained from their major courses and develop independent academic research skills. This foundational aspect is crucial for ensuring that students are adequately prepared for their future academic or professional endeavors. The regulations emphasize the importance of academic integrity and the development of critical thinking skills, which are essential in higher education. [Data: Entities (6817); Relationships (10859)]

## Comprehensive Nature of the Regulations

The graduation thesis regulations encompass multiple articles that detail the submission process and requirements. Article 2 specifies that while a thesis is the primary submission method, alternatives such as laboratory reports, comprehensive exams, and practical presentations may also be accepted. This flexibility allows for diverse academic expressions and accommodates different student strengths, which can enhance overall student engagement and success. [Data: Entities (6820, 6818); Relationships (10861)]

## Submission Qualifications

Article 3 of the regulations addresses the qualifications required for students to submit their theses. This article is expected to outline the criteria that students must meet, ensuring that only those who have fulfilled their academic obligations can proceed with their thesis submission. This regulation is vital for maintaining academic standards and ensuring that students are adequately prepared to undertake such significant academic work. [Data: Entities (6819); Relationships (10863)]

## Interconnectedness of Articles

The relationships among the articles of the graduation thesis regulations highlight their interconnectedness, with each article building upon the others to create a comprehensive framework. For instance, the purpose outlined in Article 1 sets the stage for the requirements and alternatives discussed in Articles 2 and 3. This structured approach ensures that students have a clear understanding of the expectations and processes involved in their thesis submissions. [Data: Relationships (10859, 10861, 10863)]",4.0
69,Academic Information Center Regulations and Compliance,0.08298755186721991,"# Academic Information Center Regulations and Compliance

The community is centered around the regulations governing the Academic Information Center (학술정보관) and related documents that outline various operational, administrative, and compliance aspects. Key entities include the Academic Information Center regulations, various procurement and instructor appointment guidelines, and student support policies, all interconnected through their regulatory frameworks.

## Central Role of Academic Information Center Regulations

The '3-1-66 학술정보관 규정' serves as the foundational document for the operation and management of the Academic Information Center. This comprehensive regulation outlines essential guidelines that ensure the effective functioning of the center, covering aspects such as access to resources, management of historical materials, and sanctions for non-compliance. The significance of this document is underscored by its role in establishing a structured environment for academic activities, which is crucial for maintaining educational standards and compliance with institutional policies. [Data: Entities (6986); Relationships (11166, 7003, 7004, 7005, 7006, +more)]

## Interconnectedness of Procurement Regulations

The procurement regulations ('구매규정') are vital for ensuring that the purchasing processes within the institution adhere to established standards. These regulations detail the procedures for purchasing, inspection, and compliance, which are essential for maintaining financial integrity and operational efficiency. The interconnected nature of these regulations with other documents, such as the inspection and acceptance guidelines, highlights the importance of compliance in procurement activities. Non-compliance could lead to financial discrepancies and operational setbacks. [Data: Entities (6843); Relationships (10893, 6877, 6878, 6879, 6880, +more)]

## Instructor Appointment Guidelines

The '3-2-38 강사임용규정' outlines the regulations regarding the appointment of instructors, detailing their responsibilities and the procedures for hiring. This document is crucial for ensuring that qualified personnel are appointed, which directly impacts the quality of education provided. The guidelines also include provisions for leave and other employment conditions, emphasizing the need for a structured approach to faculty management. The adherence to these regulations is essential for maintaining academic standards and ensuring a competent teaching staff. [Data: Entities (6785); Relationships (10794, 10796)]

## Student Support and Scholarship Regulations

The scholarship regulations ('장학제도') provide essential guidelines for the distribution of financial aid to students, which is critical for supporting their academic pursuits. These regulations specify the types of scholarships available and the criteria for eligibility, ensuring that financial support is allocated fairly and transparently. The connection between these regulations and the broader academic framework highlights the importance of financial assistance in promoting student success and retention. [Data: Entities (7091); Relationships (11390)]

## Compliance with Human Rights Regulations

The '3-1-87 한성인권센터 규정' addresses the reporting and investigation of human rights violations, underscoring the institution's commitment to maintaining a safe and equitable environment. This regulation is crucial for protecting the rights of individuals within the academic community and ensuring that any incidents of discrimination or harassment are addressed promptly and effectively. The existence of such regulations reflects the institution's dedication to fostering a supportive and inclusive academic atmosphere. [Data: Entities (9643); Relationships (16063)]",6.5
1555,Admissions Governance Community,0.006915629322268326,"# Admissions Governance Community

The community is centered around the governance of admissions processes within an educational institution, primarily involving the 입학처장 (Director of Admissions), the 학생부전형운영위원회 (Student Evaluation Operation Committee), and the 학생부종합전형재심위원회 (Comprehensive Student Record Review Committee). These entities are interconnected through their roles in overseeing admissions evaluations, appeals, and workplace safety policies.

## Role of the 입학처장 in governance

The 입학처장 (Director of Admissions) plays a pivotal role in the governance of the educational institution, acting as the chairperson of the 자체영향평가위원회 (Self-Assessment Committee) and a member of the 직장방위협의회 (Workplace Defense Council). This position allows the 입학처장 to influence both the evaluation processes related to institutional performance and workplace safety policies. The interconnectedness of these roles highlights the importance of the 입학처장 in maintaining the integrity and safety of the institution. [Data: Entities (3623); Relationships (5110)]

## Function of the 학생부전형운영위원회

The 학생부전형운영위원회 (Student Evaluation Operation Committee) is responsible for reviewing and making decisions regarding appeals related to student admissions. This committee plays a crucial role in the verification and deliberation of candidates who pass through the various stages of the student comprehensive evaluation process. Its decisions can significantly impact students' academic futures, making its function critical within the admissions governance framework. [Data: Entities (3931); Relationships (5527)]

## Importance of the 학생부종합전형재심위원회

The 학생부종합전형재심위원회 (Comprehensive Student Record Review Committee) is tasked with conducting re-evaluations in response to appeals. This committee's oversight of the re-examination process is vital for ensuring fairness in admissions decisions. The chairperson of this committee is also the chair of the student evaluation operation committee, indicating a strong link between these governance structures. This relationship underscores the importance of thorough and fair evaluations in maintaining institutional integrity. [Data: Entities (3941); Relationships (5544)]

## Appeal process and its implications

The 이의신청 (appeal process) is a critical component of the admissions governance structure, allowing candidates to contest decisions made during the evaluation process. The 학생부전형운영위원회 has the authority to decide on these appeals, which can significantly affect the outcomes for students. The existence of a formal appeal process is essential for upholding fairness and transparency in admissions, thereby enhancing the institution's credibility. [Data: Entities (3940); Relationships (5542)]",6.5
814,Graduate Student Rights and Basic Principles,0.005532503457814661,"# Graduate Student Rights and Basic Principles

The community focuses on the rights and responsibilities of graduate students and educators within an academic environment, emphasizing the importance of a supportive atmosphere free from violence. Key entities include the Basic Principles, Graduate Students, and their Rights, which are interconnected through their shared focus on respect and safety in academia.

## Basic Principles as a foundational document

The Basic Principles serve as a foundational document outlining the rights and responsibilities of educators and graduate students. It emphasizes that educators can engage in entrepreneurial activities without compromising their educational duties, while also ensuring that graduate students are respected members of the academic community. This dual focus is crucial for fostering a supportive environment that promotes both academic integrity and personal safety. The principles are derived from the document titled '교원창업에 관한 규정' (Regulations on Faculty Entrepreneurship) and '대학원생 권리 및 의무장전' (Rights and Responsibilities of Graduate Students) [Data: Entities (594); Relationships (919)].

## Graduate Students' rights and responsibilities

Graduate students, referred to as '대학원생', are recognized as integral members of the academic community with specific rights. They are entitled to respect and a safe environment for their studies and research. This recognition is essential for their academic success and personal development, as it ensures they can pursue their education without fear of violence or discrimination. The relationship between graduate students and the Basic Principles highlights the importance of these rights in maintaining a healthy academic environment [Data: Entities (4526); Relationships (7545)].

## Self-determination as a key right

The right to self-determination is a significant aspect of graduate students' rights, ensuring that their personal freedoms are respected. This right asserts that students' academic pursuits should not infringe upon their personal lives, including health, safety, and family matters. This principle is vital for promoting a balanced and respectful academic environment, allowing students to thrive both personally and academically. The inclusion of self-determination within the broader context of graduate students' rights underscores its importance [Data: Entities (5076); Relationships (7548)].

## Interconnectedness of rights and principles

The interconnectedness of the Basic Principles, Graduate Students, and their Rights illustrates a comprehensive framework for academic conduct. Each entity supports the others, creating a cohesive understanding of the rights and responsibilities within the academic community. This relationship is essential for ensuring that both educators and students can operate within a framework that promotes respect, safety, and academic integrity. The combined degrees of these entities reflect their significance in the academic landscape [Data: Relationships (7545, 7548)].",7.5
2,Academic Grading System and Distribution Ratios,0.004149377593360996,"# Academic Grading System and Distribution Ratios

The community focuses on the academic grading system, detailing various grade designations and their corresponding distribution ratios. Key entities include grades A⁺, B⁺, C⁺, D⁺, and F, all of which are interconnected through the regulations governing their distribution and criteria.

## Grading Designations and Their Importance

The community is centered around various grading designations, including A⁺, B⁺, C⁺, D⁺, and F, each representing different levels of academic achievement. These grades are critical in evaluating student performance and determining academic outcomes. The A⁺ grade, for instance, signifies exceptional performance with a score range of 95 to 100 points, translating to a GPA of 4.5. The significance of these grades is further emphasized by their distribution ratios, which are regulated to maintain academic standards. [Data: Entities (2149, 2151, 2153, 2155, 2157); Relationships (2847, 2849, 2851, 2853, 2855)]

## Distribution Ratios and Academic Regulations

The distribution ratios for each grade designation are outlined in the community's regulations, which are essential for maintaining fairness and consistency in academic evaluations. For example, the distribution ratio for A⁺ grades is noted to be significant, indicating that such high grades are awarded sparingly. This regulation helps to ensure that the grading system remains competitive and reflective of true academic performance. The relationships between the grading designations and their respective distribution ratios highlight the structured approach to academic assessment. [Data: Entities (2148, 7100); Relationships (2847, 2849, 2851, 2853, 2855)]

## Impact of Grading Standards on Student Outcomes

The grading standards established within this community have a direct impact on student outcomes and institutional reputation. High standards, such as those associated with the A⁺ grade, can motivate students to achieve excellence, while lower grades like D⁺ and F may indicate areas needing improvement. The implications of these grades extend beyond individual performance, affecting overall academic integrity and the institution's standing. [Data: Entities (2155, 2157); Relationships (11405, 11404)]

## Regulatory Framework for Academic Evaluation

The community is governed by a regulatory framework that outlines the criteria for each grade designation. This framework is crucial for ensuring that academic evaluations are conducted fairly and transparently. For instance, the criteria for receiving an A grade (90-94 points) and its corresponding GPA of 4.0 are clearly defined, which helps in maintaining consistency across evaluations. Such regulations are vital for upholding the credibility of the academic institution. [Data: Entities (7101, 7102, 7103, 7104); Relationships (11406, 11408, 11410, 11412)]

## Time Stamping of Grading Criteria Documentation

The community includes a timestamp for when the grading criteria documentation was created, specifically noted as 11:28. This detail is significant as it provides context for the currency and relevance of the grading standards. Timely updates to grading criteria are essential for adapting to educational changes and ensuring that the grading system remains aligned with current academic expectations. [Data: Entities (2158); Relationships (2857)]",6.5
40,Educational Administration and Operations Community,0.004149377593360996,"# Educational Administration and Operations Community

The community encompasses various entities involved in the management and operation of educational programs, including course management, electronic attendance systems, and financial aspects related to teaching and learning. The entities are interconnected through their operational dependencies, indicating a structured approach to educational administration.

## Interconnectedness of Educational Operations

The entities within this community are highly interconnected, with each entity playing a crucial role in the overall educational administration framework. For instance, the '수업 운영 및 시험 관리' (Course Operation and Exam Management) is directly related to the '전자출결시스템 운영' (Electronic Attendance System Operation), indicating that effective course management relies on the proper functioning of the attendance system. This interconnectedness suggests that issues in one area could have cascading effects on others, highlighting the importance of robust management practices. [Data: Entities (1253, 1254); Relationships (1773)]

## Role of Electronic Attendance System

The '전자출결시스템 운영' (Electronic Attendance System Operation) is a pivotal entity that supports various aspects of educational administration, including financial settlements related to teaching fees. This system's effective operation is essential for maintaining accurate attendance records, which are critical for both academic integrity and financial accountability. The relationship between the attendance system and the '강의료 지급' (Teaching Fee Payment) underscores the financial implications of attendance management, making it a key area for oversight. [Data: Entities (1254, 1255); Relationships (1774)]

## Financial Oversight in Educational Operations

Entities such as '강의료 지급' (Teaching Fee Payment) and '실험실습비 지출 승인' (Approval of Laboratory Practice Fees) highlight the financial aspects of educational operations. The approval processes for expenditures related to teaching and laboratory practices are critical for ensuring that funds are allocated appropriately and that financial regulations are adhered to. The interconnectedness of these entities suggests that financial mismanagement in one area could impact the overall educational budget and resource allocation. [Data: Entities (1255, 1258); Relationships (1774, 1777)]

## Importance of Long-term Space Management

The '중장기 공간운영계획' (Long-term Space Management Plan) is essential for the strategic planning of educational facilities. This entity's relationship with '실험실습비 지출 승인' indicates that space management is closely tied to the financial aspects of laboratory operations. Effective space management ensures that educational resources are utilized efficiently, which is vital for maintaining a conducive learning environment. [Data: Entities (1257, 1258); Relationships (1777)]

## Seasonal and Special Program Management

The '계절학기 운영' (Seasonal Semester Management) and '내가그린학기 총괄' (Overall Management of the 'I Draw Semester' Program) demonstrate the community's focus on diverse educational offerings. These programs require careful planning and execution to meet student needs and institutional goals. The relationship between these entities indicates a structured approach to managing different academic schedules, which is crucial for maximizing student engagement and resource allocation. [Data: Entities (1251, 1252); Relationships (1771, 1772)]",6.5
352,Hanseong Scholarship Community,0.004149377593360996,"# Hanseong Scholarship Community

The Hanseong Scholarship Community is centered around various scholarship programs aimed at supporting students, particularly those facing economic hardships and disabilities. The community is structured around different types of scholarships, including the Hanseong Welfare Scholarship and academic merit scholarships, with established criteria and relationships that define their distribution and eligibility.

## Diverse scholarship offerings

The Hanseong Scholarship Community encompasses a variety of scholarship types, including the Hanseong Welfare Scholarship, academic merit scholarships, and legally designated scholarships. Each of these scholarships serves different student needs, from financial assistance for economically disadvantaged students to support for specific groups such as North Korean defectors. This diversity ensures that a wide range of students can access educational opportunities, which is crucial for fostering inclusivity and equity in education. [Data: Entities (3653, 3654, 3656, 3657); Relationships (5162, 5163, 5165)]

## Importance of the Hanseong Welfare Scholarship

The Hanseong Welfare Scholarship is specifically designed to assist students facing economic hardships and those with disabilities. This scholarship plays a vital role in ensuring that these vulnerable groups have access to education, which can significantly impact their future opportunities. The establishment of this scholarship reflects a commitment to social responsibility and support for those in need, highlighting the community's focus on inclusivity. [Data: Entities (3657); Relationships (5165)]

## Legal framework for scholarships

The community includes legally designated scholarships, such as the 법정 장학금, which are established under specific legal provisions to support targeted groups. This legal framework not only legitimizes the scholarships but also ensures that they are allocated fairly and transparently. The presence of such scholarships indicates a structured approach to educational funding, which can enhance trust in the system among potential applicants. [Data: Entities (3656); Relationships (5178)]

## Criteria establishment date

The date 2016.12.1 marks the establishment of criteria for various scholarships within the community. This date is significant as it serves as a reference point for eligibility and distribution of funds, ensuring that all scholarships adhere to a standardized set of guidelines. The clarity provided by this date helps maintain consistency in scholarship administration and can be crucial for students seeking financial aid. [Data: Entities (3668); Relationships (5389)]

## Interconnected scholarship types

The relationships among different scholarship types, such as the connection between 교내 장학금 and 등록금지원 장학금, illustrate how various funding sources are interlinked. This interconnectedness allows for a more comprehensive support system for students, as they may qualify for multiple scholarships based on their circumstances. Understanding these relationships can help students navigate their options more effectively. [Data: Relationships (5162, 5163, 5165)]",6.5
1586,Employment Counseling and Career Development,0.004149377593360996,"# Employment Counseling and Career Development

The community focuses on employment counseling and career development services, primarily represented by the entities '취업상담 및 인재 추천' and '진로개발 진단검사 운영 및 해석'. These entities are interconnected, with the former providing comprehensive support for job seekers and the latter offering diagnostic assessments related to career development.

## Central role of 취업상담 및 인재 추천

The entity '취업상담 및 인재 추천' plays a pivotal role in this community by offering services related to employment counseling and talent recommendation. This entity is dedicated to improving the job search process for individuals seeking employment opportunities, thereby enhancing the overall experience for both candidates and employers. Its initiatives are crucial for connecting job seekers with potential employers, which can significantly impact the local job market and workforce dynamics. [Data: Entities (1050)]

## Importance of 진로개발 진단검사 운영 및 해석

'진로개발 진단검사 운영 및 해석' is another key entity that focuses on the operation and interpretation of career development diagnostic tests. This entity complements the services provided by '취업상담 및 인재 추천' by offering assessments that help individuals understand their career paths and make informed decisions. The insights gained from these diagnostic tests can guide job seekers in their employment journey, making this entity essential for effective career development. [Data: Entities (1051)]

## Interconnection between entities

The relationship between '취업상담 및 인재 추천' and '진로개발 진단검사 운영 및 해석' highlights the interconnected nature of employment counseling and career assessment. This relationship indicates that employment counseling services are enhanced by the insights provided through career diagnostic tests, creating a more holistic approach to career development. The combined efforts of these entities can lead to better outcomes for job seekers, as they receive both guidance and assessment to navigate their career paths effectively. [Data: Relationships (1543)]

## Impact on local job market

The community's focus on employment counseling and career development has a significant impact on the local job market. By facilitating connections between job seekers and employers, the entities within this community contribute to reducing unemployment rates and improving workforce quality. The services offered can lead to a more skilled and prepared workforce, which is beneficial for local businesses seeking qualified talent. This positive influence on the job market underscores the importance of the community's initiatives. [Data: Entities (1050, 1051); Relationships (1543)]",6.0
365,산학협력교육 Community Overview,0.0027662517289073307,"# 산학협력교육 Community Overview

The 산학협력교육 community is centered around the mandatory Industry-Academic Cooperation Education course, which is essential for students' major requirements. The entities within this community are interconnected through various academic pathways and credit recognition criteria, highlighting the course's significance in the academic structure.

## Mandatory nature of 산학협력교육

The 산학협력교육 course is a mandatory requirement for students, which underscores its critical role in the academic curriculum. This course is essential for students to fulfill their major requirements, indicating that non-compliance could hinder their academic progression. The course's mandatory status is supported by multiple data references, emphasizing its importance in the educational framework. [Data: Entities (4228, 4573); Relationships (6531)]

## Multiple pathways for course completion

Students have various options to complete the 산학협력교육 course, including it being classified as a major requirement, elective, or part of a double major. This flexibility allows students to integrate the course into their academic plans in a way that best suits their educational goals. The relationships between the course and its classifications highlight the diverse academic pathways available to students. [Data: Entities (4228, 4574, 4575, 4576); Relationships (6532, 6533, 6534)]

## Credit recognition based on completion hours

The 산학협력교육 course has specific credit recognition criteria based on the number of hours completed, which ranges from 3 to 15 credits depending on the total hours of participation. This structured approach to credit allocation ensures that students are rewarded appropriately for their engagement in the course, which is crucial for their academic standing. The detailed criteria are outlined in the program documentation, reinforcing the course's structured nature. [Data: Entities (4578, 4579, 4580, 4581, 4582); Relationships (6537, 6538, 6539, 6540, 6541)]

## Integration with other academic programs

The 산학협력교육 course is designed to integrate with other academic programs, allowing students to take additional subjects while fulfilling their credit requirements. This integration is beneficial for students pursuing multiple disciplines, as it provides them with the opportunity to broaden their academic experience while still meeting essential course requirements. The relationships indicate how this course interacts with other academic offerings. [Data: Entities (4583); Relationships (6542)]",7.5
968,Career Support and Development Programs,0.0027662517289073307,"# Career Support and Development Programs

The community focuses on various career support and development programs, including planning, evaluation, and financial support initiatives. The entities are interconnected, emphasizing the importance of collaboration in enhancing career guidance and employment support.

## Interconnectedness of Career Support Programs

The entities within this community are closely related, highlighting the interconnected nature of career support programs. For instance, the planning and operation of career support programs are intricately linked to the evaluation and feedback processes of career-related courses. This relationship emphasizes that effective program planning is essential for the development and implementation of career-related courses and programs, which rely heavily on ongoing assessment and the incorporation of feedback to enhance their effectiveness. [Data: Entities (1014, 1015); Relationships (1499, 1497)]

## Role of Evaluation in Program Development

The evaluation of career-related courses and programs is crucial for their success. The relationship between the evaluation processes and financial support initiatives indicates that ongoing assessment is necessary to ensure that these programs meet the needs of the community. This interaction suggests that without proper evaluation, the effectiveness of financial support initiatives may be compromised, potentially impacting the overall success of career development efforts. [Data: Entities (1015, 1016); Relationships (1501)]

## Financial Support Initiatives

Financial support initiatives are a significant aspect of this community, as they are designed to enhance career development and employment support. The planning and development of these initiatives are closely related to the overall career support framework, indicating that financial resources are essential for the successful implementation of career guidance programs. This relationship underscores the importance of securing adequate funding to support these initiatives effectively. [Data: Entities (1016, 1025); Relationships (1503, 1526)]

## Career Development and Job Matching Services

Career development efforts are closely linked to job matching services, which play a vital role in connecting job seekers with employment opportunities. The relationship between career development and job matching indicates that effective career support programs must include mechanisms for job placement and matching to ensure that individuals can successfully transition into the workforce. This highlights the need for comprehensive support systems that address both development and placement. [Data: Entities (1017); Relationships (1505)]

## Importance of Local Collaboration

The community emphasizes the importance of local collaboration in developing and implementing career support programs. The relationships between various entities suggest that successful career guidance initiatives require input and cooperation from multiple stakeholders, including educational institutions, local businesses, and community organizations. This collaborative approach can enhance the effectiveness of programs and ensure they are tailored to meet the specific needs of the local workforce. [Data: Entities (1014, 1016); Relationships (1501, 1503)]",7.5
836,Campus Network Management Community,0.0027662517289073307,"# Campus Network Management Community

The community focuses on the management and operation of the campus network, encompassing various entities responsible for telephone, communication systems, and network security. The relationships among these entities highlight their interdependence in maintaining a robust network infrastructure.

## Central role of Campus Network Management

The entity '교내 네트워크 관리' (Campus Network Management) serves as the central hub for all network-related operations within the institution. It oversees the management of various systems, including telephone and communication services, which are essential for daily operations. The interconnectedness of this entity with others indicates its pivotal role in ensuring that all network services function smoothly. Any disruption in this management could lead to significant operational challenges, affecting communication and connectivity across the campus. [Data: Entities (1867); Relationships (2459, 2456, 2457, 2458)]

## Integration of Telephone and Communication Management

'전화, 통신 운영 및 관리' (Telephone and Communication Management) is closely linked to the Campus Network Management, highlighting the importance of integrated communication systems. This entity is responsible for the administration and oversight of telephone services, which are crucial for effective communication within the institution. The relationship with the central network management entity suggests that any issues in communication systems could directly impact overall network performance, emphasizing the need for coordinated management efforts. [Data: Entities (1877); Relationships (2459)]

## Addressing Network Equipment Issues

'네트워크 장비 불량 및 A/S 문제처리' (Network Equipment Malfunction and A/S Problem Handling) plays a vital role in maintaining the integrity of the campus network. This entity is responsible for addressing equipment failures and service issues, which are critical for ensuring that network services remain operational. The relationship with the Campus Network Management indicates that effective problem resolution in this area is essential for minimizing downtime and maintaining service quality across the institution. [Data: Entities (1868); Relationships (2456)]

## Network Security Equipment Management

'네트워크 보안장비 운영관리/모니터링' (Network Security Equipment Operation Management/Monitoring) is crucial for safeguarding the campus network against potential threats. This entity's responsibilities include the operation and monitoring of security devices, which are essential for protecting sensitive information and maintaining the integrity of network services. Its relationship with the Campus Network Management underscores the importance of security in the overall network management strategy, as vulnerabilities could lead to significant risks for the institution. [Data: Entities (1869); Relationships (2457)]

## Management of Wired and Wireless Equipment

'유무선장비 운영관리/모니터링' (Wired and Wireless Equipment Operation Management/Monitoring) is responsible for overseeing both wired and wireless network devices. This entity's role is critical in ensuring that all forms of connectivity are maintained, which is essential for the institution's operational efficiency. The relationship with the Campus Network Management highlights the need for comprehensive oversight of all network components to prevent service interruptions and ensure seamless communication across the campus. [Data: Entities (1870); Relationships (2458)]",7.5
118,Honorary Graduation Regulations at Hansung University,0.0027662517289073307,"# Honorary Graduation Regulations at Hansung University

The community is centered around the regulations governing honorary graduation at Hansung University, detailing the criteria, management, and potential cancellation of honorary degrees. The entities are interconnected through their roles in the regulatory framework, which outlines the processes and implications of honorary graduation.

## Comprehensive guidelines on honorary graduation

The '명예졸업에 관한 규정' (Regulations on Honorary Graduation) provides a detailed framework for honorary graduation at Hansung University. This document outlines the criteria for eligibility, the process for nomination, and the format for recommendation letters. The regulations are crucial for maintaining the integrity of the honorary graduation process and ensuring that it aligns with the university's standards. The guidelines are derived from the document titled '3-3-70 명예졸업에 관한 규정,' which serves as the foundational text for these regulations [Data: Entities (6254); Relationships (9814)].

## Management of honorary graduates

The entity '명예졸업자 관리' (Management of Honorary Graduates) details the responsibilities associated with the oversight of honorary graduates. According to the regulations, honorary graduates are to be managed through a dedicated registry, ensuring that their status is recorded without altering existing academic records. This management is essential for tracking honorary graduates and maintaining the university's standards. The information is extracted from the same foundational document, emphasizing the importance of proper management in upholding the university's reputation [Data: Entities (6255); Relationships (9821)].

## Cancellation of honorary graduation recognition

The regulations include provisions for the cancellation of honorary graduation recognition under specific circumstances, such as actions that may tarnish the university's reputation. This clause empowers the university's president to revoke honorary degrees if necessary, highlighting the institution's commitment to maintaining its integrity. This aspect of the regulations is critical as it establishes accountability and the potential consequences for honorary graduates, which could impact the university's public image [Data: Entities (6256); Relationships (9824)].

## Recommendation letter format for honorary graduates

The '명예졸업대상자 추천서' (Recommendation Letter for Honorary Graduates) outlines the required format for submitting nominations for honorary graduation. This includes essential information such as the candidate's academic track, student ID, name, and date of birth. The structured format ensures consistency and clarity in the nomination process, which is vital for the fair evaluation of candidates. This document is part of the broader regulatory framework that governs honorary graduation at the university [Data: Entities (6257); Relationships (9827)].

## Interconnectedness of regulatory components

The various entities related to honorary graduation regulations are interconnected, with each component playing a specific role in the overall framework. For instance, the management of honorary graduates is directly linked to the guidelines and the recommendation process, creating a cohesive system that governs honorary graduation. Understanding these relationships is essential for comprehending how the university administers honorary degrees and the implications of these processes on its reputation and operations [Data: Relationships (9814, 9821, 9824, 9827)].",6.5
26,Research Promotion and Management Community,0.0027662517289073307,"# Research Promotion and Management Community

The community focuses on the management and promotion of research within academic and industry-academic settings. Key entities include various aspects of research support, ethical considerations, and management of research funds, all interconnected through their relationships that emphasize collaboration and oversight in research activities.

## Central role of 페이지 43 in research management

페이지 43 serves as a comprehensive overview of research promotion and management within academic institutions. It encompasses various aspects such as planning for research promotion, support for academic activities, and management of internal research funds. The entity's significance is underscored by its connections to multiple other entities, indicating its central role in the community's structure. The relationships it maintains with other entities highlight the importance of coordinated efforts in managing research activities and ensuring ethical compliance. [Data: Entities (1418); Relationships (1919, 1938, 1941, 1924, 1926, +more)]

## Interconnectedness of research support activities

The community's entities are highly interconnected, with various aspects of research support, such as academic and industry-academic activities, being closely related. For instance, the relationship between 학술·연구·산학활동 지원에 관한 사항 and 교내 연구비 관리 및 정산에 관한 사항 illustrates how support for research activities is linked to the management of internal research funds. This interconnectedness emphasizes the need for a cohesive approach to research management, as failures in one area can impact others. [Data: Entities (1420, 1421); Relationships (1926, 1928)]

## Ethical considerations in research

The community places significant emphasis on ethical considerations surrounding faculty research, as highlighted by the entity 교원의 연구윤리에 관한 사항. This entity is crucial for ensuring that research activities adhere to ethical standards, which is vital for maintaining the integrity of academic research. The relationships with other entities, such as those evaluating research achievements, further underscore the importance of ethical oversight in research management. [Data: Entities (1422); Relationships (1928, 1930)]

## Evaluation of research achievements

The evaluation of research achievements is a key component of the community, as indicated by the entity 교원의 연구업적 및 산학교육 활동 평가에 관한 사항. This entity focuses on assessing the performance of faculty in research and education, which is essential for promoting accountability and excellence in academic settings. The relationships with statistical management entities highlight the importance of data-driven evaluations in understanding research impact. [Data: Entities (1423); Relationships (1930, 1932)]

## Management of research spaces

The management of research and educational spaces is another critical aspect of the community, as seen in the entities related to 연구 공간 관리에 관한 사항 and 산학교육 공간 관리에 관한 사항. Effective management of these spaces is essential for fostering collaboration and innovation in research activities. The interconnected relationships between these entities indicate a comprehensive approach to space management, which is vital for supporting research initiatives. [Data: Entities (1427, 1428); Relationships (1939, 1941)]",6.5
1422,Security Regulations and Confidentiality Management,0.0013831258644536654,"# Security Regulations and Confidentiality Management

This community is centered around various regulations concerning the classification, handling, and management of confidential information, as outlined in the security operations document 3-1-59. The entities are interrelated through their focus on confidentiality and security protocols, indicating a structured approach to managing sensitive information.

## Interconnectedness of confidentiality regulations

The entities within this community are closely interconnected, with each regulation addressing different aspects of confidentiality management. For instance, '비밀의 분류 및 재분류 제 11 조' (Article 11 on Classification and Reclassification of Secrets) is linked to the overarching document '3-1-59 보안업무규정' (Security Operations Regulation), indicating that it is part of a larger framework for managing confidential information. This interconnectedness suggests that changes or violations in one area could have cascading effects on others, highlighting the importance of compliance across all regulations. [Data: Entities (274); Relationships (373)]

## Role of Article 9 in handling confidential information

'비밀의 담당 제 9 조' (Article 9 on Responsibility for Secrets) plays a crucial role in defining the responsibilities of personnel in managing confidential information. This article emphasizes the importance of designated security officers and their duties, which are essential for maintaining the integrity of sensitive data. The relationship between Article 9 and Article 10 ('비밀의 취급 제 10 조') further illustrates how responsibilities are structured within the community, ensuring that there are clear lines of accountability. [Data: Entities (272); Relationships (368)]

## Significance of Article 10 in confidentiality management

Article 10 ('비밀의 취급 제 10 조') outlines the procedures for handling confidential information, which is critical for ensuring that sensitive data is managed appropriately. This article's connection to both Article 9 and Article 11 indicates that it serves as a bridge between the responsibilities of personnel and the classification of information. The emphasis on proper handling procedures is vital for preventing unauthorized access or breaches, making this article a cornerstone of the community's regulatory framework. [Data: Entities (273); Relationships (370)]

## Foundational nature of Article 1 in confidentiality protocols

Article 1 ('비밀의 취급 제 1 절') serves as the foundational guideline for the handling of confidential information, establishing the basic principles that govern all subsequent regulations. Its relationship with Article 9 highlights how foundational principles inform specific responsibilities, creating a comprehensive approach to confidentiality management. This foundational nature underscores the importance of adhering to these guidelines to maintain security and compliance within the community. [Data: Entities (271); Relationships (364)]",7.5
467,Facility Management and Environmental Oversight Community,0.0013831258644536654,"# Facility Management and Environmental Oversight Community

This community encompasses various entities related to facility management, equipment registration, and environmental maintenance within an organization. The entities are interconnected through a series of regulations and operational guidelines that govern their functions, indicating a structured approach to asset management and environmental care.

## Interconnectedness of Facility Management Regulations

The entities within this community are closely linked through a series of regulations that govern facility management and environmental oversight. For instance, the 'Facility Space Committee Operation Support' is related to various operational aspects, indicating that effective management of facilities is crucial for overall organizational efficiency. This interconnectedness suggests that any changes or issues in one area could significantly impact others, highlighting the importance of compliance and operational integrity. [Data: Entities (1817); Relationships (2412)]

## Importance of Equipment Registration and Management

The 'Equipment and Supplies Registration' entity plays a vital role in the community by ensuring that all equipment is properly registered and managed. This process is essential for maintaining an accurate inventory and facilitating the procurement of necessary supplies. The relationship between equipment registration and the 'Equipment and Supplies Purchase Application' indicates a continuous process that is critical for effective asset management. Any lapses in this area could lead to operational inefficiencies or compliance issues. [Data: Entities (1811, 1812); Relationships (2406)]

## Environmental Maintenance and Staff Management

The 'Campus Environmental Maintenance Management' entity is crucial for ensuring that both internal and external environments are well-maintained. This entity is closely related to the 'Environmental Maintenance Staff Management,' which oversees the personnel responsible for these tasks. The relationship between these entities underscores the importance of having a well-managed team to maintain environmental standards, which is essential for compliance and operational effectiveness. [Data: Entities (1813, 1814); Relationships (2408)]

## Waste Management Regulations

The 'Waste Treatment and Payment' entity is significant in the context of environmental compliance, as it governs the processes related to waste management. This entity is linked to the 'Cleaning Supplies Purchase and Management,' indicating that effective waste management is part of a broader environmental strategy. The relationship suggests that proper handling of waste is not only a regulatory requirement but also a critical aspect of maintaining a clean and safe environment. [Data: Entities (1816, 1815); Relationships (2410)]

## Asset Investigation and Compliance

The 'Asset Investigation' entity is essential for ensuring that all equipment and supplies are accounted for and compliant with regulations. This entity is related to the 'Equipment and Supplies Registration,' indicating that regular audits and investigations are necessary to maintain asset integrity. The relationship highlights the importance of thorough investigations in preventing mismanagement and ensuring compliance with organizational policies. [Data: Entities (1810); Relationships (2405)]",6.5
577,Creative Convergence Education Community,0.0013831258644536654,"# Creative Convergence Education Community

The community focuses on the development and support of creative convergence education programs, with key entities involved in research, curriculum development, and operational support. The interconnectedness of these entities highlights a collaborative effort to enhance educational offerings in this domain.

## Interconnected research and development efforts

The entities within this community are closely linked through their focus on creative convergence education. For instance, the research on creative convergence curricula is directly related to the development of educational models, indicating a systematic approach to enhancing educational practices. This interconnectedness suggests that advancements in one area could significantly impact others, fostering a comprehensive educational framework. [Data: Entities (1307, 1308); Relationships (1815)]

## Focus on micro-credentialing through Micro Degree programs

The development and operation of Micro Degree programs are a critical aspect of this community, aimed at providing specialized skills that align with industry needs. This initiative is linked to the broader curriculum development efforts, emphasizing the community's commitment to creating relevant and practical educational pathways. The relationship between Micro Degree programs and corporate-linked courses indicates a strategic alignment with workforce demands, enhancing the employability of graduates. [Data: Entities (1310, 1311); Relationships (1818, 1819)]

## Support for core liberal education integration

The community also emphasizes the development of integrated liberal education courses, which are designed to complement the creative convergence curriculum. This integration is crucial for fostering a well-rounded educational experience that prepares students for diverse challenges. The connection between corporate-linked courses and core liberal education highlights the community's holistic approach to education, ensuring that students gain both specialized and general skills. [Data: Entities (1312); Relationships (1820)]

## Collaborative curriculum development

The collaborative nature of curriculum development among the entities suggests a strong commitment to innovation in education. Each entity contributes unique insights and expertise, which enhances the overall quality and relevance of the educational offerings. This collaborative effort is essential for adapting to the rapidly changing educational landscape and ensuring that programs remain aligned with current and future industry needs. [Data: Relationships (1817)]

## Potential for significant educational impact

The collective efforts of these entities in developing and supporting creative convergence education programs have the potential to significantly influence educational practices and outcomes. By focusing on innovative teaching methods and relevant curriculum, the community is positioned to play a pivotal role in shaping the future of education, particularly in fields that require creative and critical thinking skills. [Data: Entities (1309); Relationships (1818)]",6.5
507,Teacher Performance Evaluation Regulations Community,0.0013831258644536654,"# Teacher Performance Evaluation Regulations Community

The community is centered around the Teacher Performance Evaluation Regulations, which includes various tables and sections that outline the criteria for teaching evaluations and student counseling. The entities are interconnected through their references to specific evaluation criteria and their placement within the regulatory document.

## Centrality of the Teacher Performance Evaluation Regulations

The Teacher Performance Evaluation Regulations serve as the foundational document for the community, outlining the standards and criteria for evaluating teacher performance. This document is crucial as it dictates how educators are assessed, which can significantly influence teaching quality and student outcomes. The regulations include specific sections that detail the evaluation process, making it a key reference point for all related entities. [Data: Entities (4297, 4298, 4299); Relationships (6107)]

## Importance of Evaluation Criteria Tables

Tables 1-3 and 1-4 are essential components of the evaluation regulations, providing specific criteria for class evaluations and student counseling. These tables are referenced within the regulations, indicating their significance in the overall evaluation framework. The detailed criteria help ensure that evaluations are standardized and transparent, which is vital for maintaining educational integrity. [Data: Entities (4300, 4301); Relationships (6110, 6112)]

## Interconnectedness of Regulatory Sections

The relationships between different sections of the Teacher Performance Evaluation Regulations highlight the interconnected nature of the evaluation criteria. For instance, Section 4 is directly linked to Section 2, indicating that the evaluation of teaching performance is built upon the foundational regulations. This interconnectedness suggests that changes in one section could impact the overall evaluation process, emphasizing the need for careful consideration in any amendments. [Data: Relationships (6107)]

## Role of Specific Evaluation Standards

The specific standards outlined in Tables 1-3 and 1-4 provide clarity on what is expected from educators during evaluations. These standards are not only critical for the assessment process but also serve as a guide for teachers to understand how their performance will be measured. This transparency can lead to improved teaching practices as educators align their methods with the established criteria. [Data: Entities (4300, 4301); Relationships (6110, 6112)]

## Potential Impact on Educational Outcomes

The regulations and their associated criteria have a direct impact on educational outcomes, as they dictate how teachers are evaluated and subsequently how they perform in the classroom. Effective evaluation processes can lead to enhanced teaching quality, which ultimately benefits students. Therefore, the community's focus on these regulations is crucial for fostering a positive educational environment. [Data: Entities (4297, 4298, 4299); Relationships (6107)]",4.5
1348,Global Competency Enhancement Programs,0.0013831258644536654,"# Global Competency Enhancement Programs

The community focuses on the development and operation of programs aimed at enhancing global competencies, particularly through foreign language education and international camps. The entities are interconnected, with the foreign camp being part of a broader initiative to strengthen global capabilities.

## Foreign Language Education as a Core Component

The entity focused on foreign language education is crucial for enhancing global competencies. This program aims to develop and operate educational initiatives that improve language skills, which are essential for international communication and collaboration. The success of this program can significantly influence the effectiveness of global engagement strategies. [Data: Entities (1604)]

## International Camp Operations

The international camp operations entity provides detailed information about the management of foreign guest camps. These camps serve as a platform for cultural exchange and learning, contributing to the overall goal of enhancing global competencies. The relationship between the camp operations and language education programs indicates a strategic approach to fostering international understanding and cooperation. [Data: Entities (1603)]

## Interconnection of Programs

The relationship between the international camp operations and the foreign language education program highlights a comprehensive strategy for global competency enhancement. The camp is designed as part of a broader initiative to support language education, suggesting that participants will benefit from both structured learning and immersive experiences. This interconnectedness is vital for achieving the desired outcomes of the programs. [Data: Relationships (2183)]

## Potential for Cultural Exchange

The international camp operations not only focus on education but also facilitate cultural exchange among participants. This aspect is essential for fostering mutual understanding and respect among diverse cultures, which is a key objective of global competency programs. The success of these camps can lead to long-term benefits in international relations and cooperation. [Data: Entities (1603)]

## Strategic Importance of Global Competency

Enhancing global competencies through these programs is strategically important for individuals and organizations aiming to thrive in an increasingly interconnected world. The focus on language education and international experiences prepares participants to navigate global challenges effectively, making these initiatives critical for future success. [Data: Entities (1604, 1603); Relationships (2183)]",4.0
1520,Financial Support Programs for Admissions,0.0013831258644536654,"# Financial Support Programs for Admissions

The community focuses on financial support programs related to admissions, specifically the planning and management of government-supported projects. The entities are interconnected, with the admission-related financial support program serving as the primary initiative that encompasses both the planning and operational aspects of government-supported projects.

## Central role of admission-related financial support programs

The entity '입학 관련 재정지원사업 기획·운영에 관한 사항' (Planning and Operation of Financial Support Programs for Admissions) is the central focus of this community. It is responsible for the planning and operation of financial support initiatives aimed at facilitating access to education. This entity's significance is underscored by its relationships with other entities that are part of government-supported projects, indicating its pivotal role in shaping educational funding strategies. [Data: Entities (1557); Relationships (2114, 2115)]

## Interconnection with government-supported projects

The relationships between the admission-related financial support program and the entities '국고지원사업 기획 및 수주' (Planning and Contracting of Government Support Projects) and '국고지원사업 운영 및 관리' (Operation and Management of Government Support Projects) highlight the interconnected nature of these initiatives. The admission-related program is designed as part of the broader government support framework, which suggests that changes in one area could significantly impact the others. This interconnectedness is crucial for understanding the overall effectiveness and reach of financial support initiatives. [Data: Entities (1558, 1559); Relationships (2114, 2115)]

## Planning and contracting of government support projects

The entity '국고지원사업 기획 및 수주' plays a vital role in the planning and contracting of government support projects. This entity's activities are essential for securing funding and resources necessary for the successful implementation of financial support programs. Its relationship with the admission-related financial support program indicates that it is a key player in ensuring that educational initiatives receive the necessary governmental backing. [Data: Entities (1558); Relationships (2114)]

## Operational management of government support projects

The entity '국고지원사업 운영 및 관리' is responsible for the operational management of government support projects. This includes overseeing the implementation of financial support initiatives and ensuring that they are executed effectively. The relationship with the admission-related financial support program suggests that this entity is crucial for maintaining the integrity and efficiency of the funding processes that support educational access. [Data: Entities (1559); Relationships (2115)]",4.0
742,Graduate Program Regulations and Curriculum Development Committee,0.0013831258644536654,"# Graduate Program Regulations and Curriculum Development Committee

The community is centered around the regulations governing graduate programs, specifically the 3-3-37 Graduate Contract Department Regulations, which includes the Curriculum Development and Operation Committee and various operational guidelines. The entities are interconnected through their roles in establishing and managing educational standards and practices.

## Curriculum Development and Operation Committee's role

The Curriculum Development and Operation Committee, as outlined in Article 14, plays a crucial role in ensuring the appropriate structuring and flexible operation of curricula. This committee is composed of relevant professors and experts, which indicates a collaborative approach to curriculum management. The committee's decisions can significantly influence the educational offerings and quality within the graduate programs, making it a pivotal entity in this community. [Data: Entities (3532), Relationships (4942)]

## 3-3-37 Graduate Contract Department Regulations as a foundational document

The 3-3-37 Graduate Contract Department Regulations serve as the foundational document that encompasses various operational guidelines, including those related to curriculum development, facilities, and teaching methods. This document is essential for maintaining consistency and compliance across graduate programs, and its provisions directly impact how educational services are delivered. The interconnectedness of the entities with this regulation highlights its importance in the community. [Data: Entities (3535), Relationships (4942, 4944, 4946)]

## Facilities guidelines and their implications

Article 15 outlines the guidelines regarding facilities for contract departments, stating that facilities should primarily be established within the school but may also include those owned or leased from industry partners. This flexibility can enhance the learning environment but also raises questions about the quality and accessibility of educational resources. The relationship between this guideline and the overarching regulations indicates a strategic approach to resource management in graduate education. [Data: Entities (3533), Relationships (4944)]

## Diverse teaching methods outlined in regulations

Article 16 specifies that classes can be conducted in various formats, including in-person, field, and remote classes. This diversity in teaching methods is crucial for accommodating different learning styles and circumstances, especially in a post-pandemic educational landscape. The ability to adapt teaching methods is a significant strength of the graduate programs, reflecting a commitment to innovative educational practices. [Data: Entities (3534), Relationships (4946)]",4.0
1006,HanSeong University Talent Certification Regulations,0.0013831258644536654,"# HanSeong University Talent Certification Regulations

The community is centered around the HanSeong University Talent Certification Regulations, which consist of various articles and sections that define the purpose, terminology, and committee structure related to talent certification. The entities are interconnected, with each article referencing the foundational principles outlined in the regulations.

## Purpose of the Talent Certification Regulations

The HanSeong University Talent Certification Regulations are designed to establish the necessary guidelines for talent certification within the university. This foundational document outlines the objectives and scope of the certification process, ensuring that all stakeholders understand the requirements and procedures involved. The regulations are crucial for maintaining academic standards and ensuring that the certification process is transparent and fair. [Data: Entities (7409, 7408); Relationships (12086)]

## Definitions of Terms in the Regulations

Article 2 of the regulations provides definitions for key terms used throughout the document. This section is essential for clarity and understanding, as it ensures that all parties involved in the certification process have a common understanding of the terminology. Clear definitions help prevent misinterpretations and ensure that the regulations are applied consistently. [Data: Entities (7410); Relationships (12087)]

## Committee Structure for Talent Certification

Article 3 outlines the structure and responsibilities of the Talent Certification Committee. This committee plays a vital role in overseeing the certification process, making decisions regarding applications, and ensuring compliance with the established regulations. The existence of a dedicated committee underscores the importance of governance in the certification process and helps maintain the integrity of the university's standards. [Data: Entities (7411); Relationships (12088)]

## Interconnections Between Articles

The regulations are structured in a way that each article is interconnected, with Article 1 being included in the overarching principles outlined in Chapter 1. This hierarchical structure emphasizes the importance of each section and how they collectively contribute to the overall framework of the talent certification process. Understanding these relationships is crucial for stakeholders who need to navigate the regulations effectively. [Data: Entities (7409, 7408); Relationships (12082)]",4.0
295,Hanseong Pre-Center Operational Regulations,0.0013831258644536654,"# Hanseong Pre-Center Operational Regulations

The community is centered around the operational regulations of the Hanseong Pre-Center, specifically focusing on Articles 8, 9, and 10, which outline procurement, meeting expense documentation, and miscellaneous provisions. These articles are interrelated and provide a framework for the center's operational compliance.

## Interconnectedness of Operational Articles

The operational regulations of the Hanseong Pre-Center are interconnected, particularly Articles 8, 9, and 10. Article 8 mandates that all purchases must undergo inspection before payment, ensuring quality control and accountability in procurement processes. Article 9 requires detailed documentation of meeting expenses, which is crucial for transparency and financial oversight. Article 10 addresses miscellaneous provisions, indicating that any unmentioned matters will be determined by the operational committee, which adds a layer of governance. The relationships among these articles highlight the importance of compliance in maintaining operational integrity. [Data: Entities (9540, 9541, 9542); Relationships (15877, 15879)]

## Importance of Article 8 in Procurement

Article 8 of the Hanseong Pre-Center regulations emphasizes the necessity of inspecting goods before payment. This regulation is vital for ensuring that the center receives quality products and services, thereby safeguarding its financial resources. The requirement for inspection helps prevent fraud and mismanagement, which can have significant repercussions for the center's operations. The relationship between Article 8 and Article 9 further underscores the importance of thorough documentation and verification processes in the center's procurement activities. [Data: Entities (9540); Relationships (15877)]

## Significance of Meeting Expense Documentation in Article 9

Article 9 outlines the requirements for documenting meeting expenses, which include details such as the purpose, date, location, participants, and content of the meeting. This regulation is essential for maintaining transparency and accountability within the organization. By mandating detailed records, the center can ensure that funds are used appropriately and that there is a clear audit trail for financial transactions. This not only promotes responsible financial management but also enhances the center's credibility and trustworthiness. [Data: Entities (9541); Relationships (15879)]

## Miscellaneous Provisions in Article 10

Article 10 provides a catch-all provision for any matters not explicitly covered in the previous articles, allowing the operational committee to make determinations as needed. This flexibility is crucial for adapting to unforeseen circumstances or changes in operational needs. It reflects a proactive approach to governance, ensuring that the center can respond effectively to new challenges while maintaining compliance with its overarching regulations. [Data: Entities (9542); Relationships (15881)]",4.0
501,Regulatory Framework of Educational Governance,0.6182572614107884,"# Regulatory Framework of Educational Governance

The community is centered around various regulations and guidelines governing educational operations, including student rights, faculty appointments, and institutional governance. Key entities include specific regulations such as the '3-4-6 고시반 운영에 관한 규정' and '진로탐색학점제 운영 규정', which are interconnected through their references to pages and sections detailing operational procedures.

## Interconnectedness of Regulations

The regulations within this community are highly interconnected, with many entities referencing each other across various documents. For instance, the '3-4-6 고시반 운영에 관한 규정' is linked to multiple sections on page 2, indicating a comprehensive framework that governs the operational aspects of educational programs. This interconnectedness suggests that changes or updates in one regulation could significantly impact others, highlighting the importance of maintaining consistency and clarity across all documents. [Data: Entities (5192, 9024, 9025, 2305, 43); Relationships (7780, 15016, 15017, 5554, 9219)]

## Regulations on Student Rights and Support

Several regulations focus on student rights and support mechanisms, such as the '장애학생 지원에 관한 규정', which outlines the application process for support for students with disabilities. This regulation emphasizes the institution's commitment to inclusivity and the provision of necessary resources for all students. The detailed procedures for application and evaluation ensure that students are aware of their rights and the support available to them, which is crucial for fostering an equitable educational environment. [Data: Entities (3909, 3910); Relationships (5479, 5480)]

## Faculty Appointment and Governance

The community includes specific regulations regarding faculty appointments, such as the '교원임용규정', which details the procedures and qualifications for hiring faculty members. This regulation is essential for maintaining high standards in educational institutions, ensuring that only qualified individuals are appointed to teaching positions. The clarity in the appointment process helps in establishing a transparent governance structure, which is vital for institutional integrity and accountability. [Data: Entities (3972, 3973, 3974); Relationships (5604, 5605, 5606)]

## Financial Management Regulations

Financial management is a critical aspect of educational governance, as outlined in various regulations such as '제13조 재정 및 회계' and '연구소 운영 규정'. These documents provide guidelines on the financial operations of educational institutions, including budgeting, funding sources, and financial accountability. Proper financial management is essential for the sustainability of educational programs and the effective allocation of resources, which directly impacts the quality of education provided. [Data: Entities (546, 548); Relationships (850, 5694, 5695, 5696)]

## Operational Committee Structures

The regulations also define the structures and functions of operational committees, such as the '운영위원회' outlined in '제 6 조 운영위원회'. These committees play a crucial role in decision-making processes within educational institutions, ensuring that various stakeholders are represented and that decisions are made collaboratively. The effectiveness of these committees can significantly influence the governance and operational efficiency of the institution. [Data: Entities (6184, 6185); Relationships (9710, 9711)]",6.5
1468,Regulations and Governance Framework of Hanseong University,0.6113416320885201,"# Regulations and Governance Framework of Hanseong University

The community is centered around the various regulations and governance documents of Hanseong University, detailing operational procedures, student rights, and institutional governance. The entities are interconnected through their references to specific articles and provisions, indicating a comprehensive framework for managing university operations and student affairs.

## Comprehensive Governance Framework

The community encompasses a wide range of regulations that govern various aspects of university operations, including student rights, faculty responsibilities, and financial management. These documents collectively form a governance framework that is essential for the smooth functioning of the university. For instance, the '3-4-6 고시반 운영에 관한 규정' outlines specific rules for student admission and withdrawal, while the '장애학생 지원에 관한 규정' addresses support mechanisms for students with disabilities, highlighting the university's commitment to inclusivity and governance [Data: Entities (5192, 3909, 3910); Relationships (7780, 9219)].

## Interconnected Regulations

Many of the regulations are interlinked, indicating a structured approach to governance. For example, the '업무주관 제 9 조' specifies that the General Affairs Office oversees reward-related tasks, while the '포상결격자 제 8 조' outlines disqualifications for rewards, showing how different regulations interact to ensure fair practices within the university [Data: Entities (3210, 3211); Relationships (4340, 4342)].

## Focus on Student Rights

Several documents emphasize the rights and responsibilities of students, such as the '대학원생 권리 및 의무' and the '장애학생 지원에 관한 규정'. These regulations ensure that students are aware of their rights and the support available to them, which is crucial for fostering a positive educational environment. The '장애학생 지원에 관한 규정' specifically outlines the application process for support, ensuring that students with disabilities receive the necessary assistance [Data: Entities (3909, 3910); Relationships (5479, 5480)].

## Operational Procedures and Financial Management

The community includes regulations that govern financial management and operational procedures, such as the '7-0-19 공학컨설팅센터 규정' and the '산학협력규정'. These documents provide guidelines for financial accountability and resource allocation, which are vital for the university's sustainability and operational efficiency [Data: Entities (43, 6470); Relationships (10225)].

## Regulatory Compliance and Oversight

The regulations also establish compliance mechanisms and oversight structures, such as the '3-1-1 규정류관리규정', which details the management of regulatory documents. This ensures that the university adheres to legal and institutional standards, thereby maintaining its integrity and reputation [Data: Entities (3463); Relationships (13047)].",6.5
10,Hansung University Industry-Academic Cooperation Community,0.29737206085753803,"# Hansung University Industry-Academic Cooperation Community

The community is centered around the Industry-Academic Cooperation Foundation (산학협력단) at Hansung University, which facilitates collaboration between academia and industry. Key entities include various regulations and programs that support entrepreneurship, research, and academic integrity, all interconnected through their operational frameworks and objectives.

## Central Role of the Industry-Academic Cooperation Foundation

The Industry-Academic Cooperation Foundation (산학협력단) is a pivotal entity within Hansung University, responsible for managing collaborations between academia and industry. This foundation oversees various functions, including technology transfer, research funding acquisition, and the management of industry-academic cooperation contracts. It is structured to include teams such as the Industry-Academic Strategy Team and Research Support Team, which facilitate the execution of projects aimed at enhancing academic and industrial synergy. The foundation's comprehensive approach to fostering collaboration is crucial for the university's growth and the practical application of research outcomes [Data: Entities (417); Relationships (7359, 668, 7416, 7417, 7420, +more)].

## Regulatory Framework Supporting Operations

The community is governed by a series of regulations that outline the operational standards and responsibilities of various entities. For instance, the regulations from the 산학협력단 detail the obligations of staff and the management of research notes, ensuring compliance with academic and ethical standards. These regulations are essential for maintaining the integrity of the university's operations and ensuring that all activities align with the institution's goals. The structured regulatory framework helps in managing the complexities of industry-academic partnerships and supports the effective execution of related programs [Data: Entities (5854, 5855, 5856, 5857, 7724, +more); Relationships (12631, 12632, 12633, 7184, 7419, +more)].

## Entrepreneurship Support Programs

The community includes various programs aimed at supporting entrepreneurship among students and faculty. The 창업지원단 (Startup Support Center) plays a crucial role in this regard, offering resources and guidance for individuals interested in starting their own businesses. This initiative encompasses activities such as planning and managing entrepreneurship-related courses, providing mentorship, and facilitating connections with industry partners. The focus on entrepreneurship is vital for fostering innovation and equipping students with practical skills necessary for their future careers [Data: Entities (4978, 5030, 5032, 5033, 5034, +more); Relationships (7359, 7416, 7450, 7452, 7453, +more)].

## Impact of Regulatory Changes on Academic Operations

Significant regulatory changes are set to take effect on January 25, 2024, impacting various academic and administrative operations within the university. These changes include the establishment of new evaluation criteria for faculty and the implementation of updated guidelines for industry-academic cooperation. The timing of these changes is critical, as they coincide with the university's strategic goals for enhancing its educational offerings and improving collaboration with industry partners. The community's adaptability to these changes will be essential for maintaining its relevance and effectiveness [Data: Entities (390); Relationships (565)].

## Collaboration with Local Businesses

The 산학협력단 actively collaborates with local businesses, particularly family-run enterprises, to strengthen community ties and enhance practical learning opportunities for students. This collaboration involves agreements that facilitate joint projects and internships, allowing students to gain hands-on experience while contributing to the local economy. Such partnerships are beneficial for both the university and the businesses involved, fostering a mutually beneficial relationship that supports local development and innovation [Data: Entities (5011, 7420); Relationships (7420, 7417)].",7.5
169,Student Entrepreneurship Support Community,0.019363762102351315,"# Student Entrepreneurship Support Community

The community focuses on fostering student entrepreneurship through various programs and initiatives, including mentoring, startup support, and collaboration with relevant organizations. Key entities such as 창업 멘토링 and 학생 창업기업 발굴 및 육성 play significant roles in guiding and nurturing student-led ventures, while the 창업지원센터 serves as a central support hub.

## Central Role of 창업지원센터

The 창업지원센터 (Startup Support Center) is a pivotal entity in this community, providing essential services such as 창업 멘토링 (entrepreneurship mentoring) and support for student startups. This center acts as a hub for various entrepreneurial initiatives, facilitating connections between students and resources necessary for their ventures. The effectiveness of the center is evaluated through various metrics, including the number of mentoring sessions and the success of student startups, which are detailed in the 3-2-33 산학협력점검원 인사규정 document [Data: Entities (4448, 4449, 4447); Relationships (7333, 7334, 7335)].

## Diverse Programs Supporting Student Entrepreneurs

The community encompasses a range of programs aimed at supporting student entrepreneurs, including 창업 멘토링, 학생 창업기업 발굴 및 육성, and 창업현장 실습 지도. These initiatives provide structured guidance and practical experiences, helping students navigate the challenges of starting and running a business. The programs are evaluated based on specific criteria, such as the number of mentoring sessions and the performance of student startups, ensuring accountability and effectiveness in fostering entrepreneurship [Data: Entities (4448, 4449, 4450); Relationships (6313, 6314)].

## Collaboration with External Organizations

The 유관기관 연계 창업프로그램 운영 (collaborative startup program) highlights the community's efforts to partner with external organizations like 테크노파크 (TP) and 창조경제혁신센터 (Creative Economy Innovation Center). These collaborations enhance the resources available to student entrepreneurs, providing access to additional support and expertise. The involvement of these organizations is crucial for fostering innovation and entrepreneurship within the community [Data: Entities (4963, 4980); Relationships (7495, 7496)].

## Focus on Performance Metrics

The community places a strong emphasis on performance metrics to evaluate the success of its initiatives. Programs like 학생 창업기업 성과 창출 (student startup performance generation) utilize scoring systems based on revenue and employment outcomes to assess the effectiveness of student-led ventures. This focus on measurable outcomes ensures that the community remains accountable and continuously improves its support for student entrepreneurs [Data: Entities (4968, 4957); Relationships (7323, 7308)].

## Student Involvement and Evaluation

Students are actively involved in various entrepreneurial programs and are evaluated based on their participation and performance. Initiatives like 창업강좌 개발 및 운영 (development and operation of entrepreneurship courses) and 실습형 창업강좌 운영 (operation of practical entrepreneurship courses) provide students with opportunities to engage in hands-on learning experiences. This involvement not only enhances their skills but also contributes to their overall evaluation within the community [Data: Entities (4961, 4962); Relationships (7325, 7310)].",7.5
1289,Academic Evaluation Framework,0.006915629322268326,"# Academic Evaluation Framework

The community centers around the academic evaluation framework, particularly focusing on the Major Evaluation Form and its relationship with faculty appointment processes. Key entities include the significant date of regulatory changes, the Major Evaluation Form, and various evaluation criteria that are interconnected, highlighting the importance of compliance and quality assessment in academic appointments.

## Significance of the date 2020.5.28

The date 2020.5.28 marks a pivotal moment in the regulatory landscape, as it is associated with significant amendments to committee composition regulations and evaluation criteria. This date is crucial for understanding the timeline of changes that affect academic evaluations and faculty appointments. The removal of certain provisions and the amendment of regulations on this date indicate a shift in the academic evaluation process, which could have lasting implications for how candidates are assessed and appointed. [Data: Entities (647), Relationships (1016)]

## Role of the Major Evaluation Form

The Major Evaluation Form is a comprehensive tool established to assess candidates in academic fields, ensuring that they meet necessary criteria for positions. This form includes various sections that evaluate the suitability of the major, research achievements, and creative works. Its establishment underlines the importance of structured evaluations in maintaining academic standards and ensuring that only qualified candidates are appointed. The form's connection to the New Faculty Appointment Implementation Regulations emphasizes its role in the broader context of faculty hiring processes. [Data: Entities (9744), Relationships (16296)]

## Interconnectedness of evaluation criteria

The Major Evaluation Form includes several critical evaluation criteria, such as the quality of research achievements and the level of creative works. These interconnected criteria are essential for a holistic assessment of candidates, ensuring that all aspects of their qualifications are considered. The inclusion of these criteria in the evaluation form highlights the complexity of academic assessments and the need for comprehensive evaluation tools to uphold academic integrity. [Data: Entities (9744, 9747, 9748), Relationships (16298, 16299)]

## Total score calculation in evaluations

The total score derived from the Major Evaluation Form is a crucial element in the evaluation process, as it aggregates various assessment components into a single metric. This total score plays a significant role in determining the suitability of candidates for academic positions, making it a focal point in the evaluation framework. Understanding how this score is calculated and its implications for candidate selection is vital for stakeholders involved in faculty appointments. [Data: Entities (9749), Relationships (16300)]

## Regulatory updates and their implications

The updates to the Major Evaluation Form on 2010.11.1 and the subsequent changes on 2020.5.28 reflect ongoing efforts to refine the academic evaluation process. These updates indicate a responsive approach to evolving academic standards and the need for continuous improvement in evaluation practices. Stakeholders must stay informed about these changes to ensure compliance and adapt to new evaluation criteria effectively. [Data: Entities (9750), Relationships (16303)]",6.5
640,공유협력지원단 and 제 4 조,0.005532503457814661,"# 공유협력지원단 and 제 4 조

The community is centered around the '공유협력지원단', an organization under the university president that focuses on supporting sharing and collaboration activities, and '장 제 4 조', which outlines the establishment and roles of this organization. The relationship between these entities highlights the structured approach to managing collaborative efforts within the university.

## Role of 공유협력지원단 in the university

The '공유협력지원단' is a pivotal organization that operates directly under the university president, focusing on enhancing sharing and collaboration activities. This organization is crucial for the efficient management of various departmental projects and educational programs, ensuring that resources are utilized effectively. Its funding through national subsidies and university funds indicates a strong institutional backing, which enhances its operational capabilities. The organization’s responsibilities include coordinating with partner institutions and overseeing the outcomes of collaborative projects, making it a central figure in the university's academic ecosystem. [Data: Entities (7368)]

## Importance of 장 제 4 조

The '장 제 4 조' outlines the establishment of the '공유협력지원단' and specifies the roles of various departments in supporting collaborative activities. This document serves as a foundational guideline for the organization, ensuring that all departments understand their responsibilities in promoting efficient operations. The structured approach detailed in this section is essential for maintaining clarity and accountability within the university's collaborative efforts. The relationship between '장 제 4 조' and '공유협력지원단' emphasizes the importance of formal documentation in guiding organizational functions. [Data: Entities (7373); Relationships (11973)]

## Interconnectedness of organizational documents

The relationship between '공유협력지원단' and '장 제 2 장' indicates that the organization is discussed in multiple sections of the governing documents. This interconnectedness suggests that the organization’s role is not only defined in isolation but is part of a broader framework of policies and guidelines that govern university operations. Such a structure can enhance the effectiveness of the organization by ensuring that its objectives align with the overall mission of the university. [Data: Relationships (11969)]

## Funding and resource management

The funding model for '공유협력지원단', which includes national subsidies and university funds, highlights the importance of financial support in facilitating its activities. This funding structure allows the organization to undertake various projects and initiatives aimed at improving collaboration and educational outcomes. The reliance on both national and institutional funding also indicates a commitment to fostering a collaborative environment within the university, which can lead to enhanced academic performance and innovation. [Data: Entities (7368)]",6.0
143,Evaluation Criteria for Full Professors,0.004149377593360996,"# Evaluation Criteria for Full Professors

The community focuses on the evaluation criteria for full professors, primarily outlined in the entity '제 4 장 제21조', which integrates standards for research, education, and service. The relationships among various semesters' evaluation data highlight the ongoing application of these criteria across multiple academic periods.

## Central framework for professor evaluations

'제 4 장 제21조' serves as the foundational framework for evaluating full professors, detailing the criteria based on research, education, and service. This entity is crucial as it consolidates various standards derived from two primary documents, ensuring a comprehensive approach to faculty assessment. The integration of these criteria is essential for maintaining academic standards and accountability within the institution. [Data: Entities (3367); Relationships (4628)]

## Historical evaluation data

The entities representing evaluation criteria for different semesters (2012 1학기, 2012 2학기, etc.) provide historical context for how the evaluation standards have been applied over time. Each semester's data reflects the ongoing adherence to the criteria set forth in '제 4 장 제21조', indicating a consistent application of standards across academic years. This historical perspective is vital for understanding trends in faculty performance and institutional expectations. [Data: Entities (3376, 3377, 3378, 3379, 3380); Relationships (4629, 4630, 4631, 4632, 4633)]

## Comprehensive evaluation criteria

The evaluation criteria outlined in '제 4 장 제21조' encompass multiple dimensions of academic performance, including research output, educational contributions, and service to the academic community. This multifaceted approach ensures that evaluations are not solely based on research but also consider teaching effectiveness and community engagement, which are critical for a well-rounded academic profile. [Data: Entities (3367); Relationships (4628)]

## Impact of evaluation criteria on faculty careers

The criteria established in '제 4 장 제21조' have significant implications for faculty careers, influencing promotions, tenure decisions, and overall job security. The rigorous standards set forth can motivate faculty to enhance their performance across all evaluated areas, thereby improving the institution's academic reputation. However, they may also create pressure and stress among faculty members striving to meet these expectations. [Data: Entities (3367); Relationships (4629, 4630, 4631, 4632, 4633)]

## Integration of multiple documents

The evaluation criteria are derived from two key documents: the 교원업적평가규정 and the 3-3-13 document, which provide detailed guidelines for assessing faculty achievements. This integration ensures that the evaluation process is grounded in established standards, promoting fairness and transparency in faculty assessments. The reliance on these documents underscores the importance of having a structured approach to academic evaluations. [Data: Entities (3367); Relationships (4628)]",6.5
1109,3-3-60 Curriculum Planning and Regulations,0.0027662517289073307,"# 3-3-60 Curriculum Planning and Regulations

The community is centered around the 3-3-60 curriculum planning and operation regulations, which include various articles outlining the procedures and principles for curriculum development at the university. The entities are interconnected through their roles in establishing and managing the curriculum, with each article contributing to the overall framework.

## Centrality of 3-3-60 Curriculum Regulations

The 3-3-60 curriculum planning and operation regulations serve as the foundational document for curriculum development at the university. This document outlines the principles and procedures that guide the creation and implementation of the curriculum, making it a critical component of the educational framework. The regulations ensure that the curriculum aligns with the university's educational goals and standards, thereby influencing the quality of education provided. The interconnectedness of the articles within this document highlights its comprehensive nature and the importance of adhering to these guidelines for effective curriculum management. [Data: Entities (3495); Relationships (4866, 4862, 4864)]

## Role of Article 4 in Curriculum Planning

Article 4 of the 3-3-60 regulations outlines the responsibilities of the Dean of Academic Affairs and the Director of Educational Innovation in analyzing curriculum outcomes and proposing improvements. This article emphasizes the importance of continuous evaluation and adaptation of the curriculum based on educational demands and outcomes. The involvement of these key figures ensures that the curriculum remains relevant and effective in meeting the needs of students and the educational environment. The approval process by the Curriculum Committee further underscores the collaborative effort required in curriculum planning. [Data: Entities (3494); Relationships (4866)]

## Principles of Curriculum Development

Article 2 of the regulations establishes the principles for developing a competency-based curriculum that aligns with the university's educational objectives. This article is crucial as it sets the foundation for how courses and programs are structured to foster the desired competencies in students. By focusing on outcomes and competencies, the university aims to produce graduates who are well-equipped for their future careers. The principles outlined in this article guide the curriculum design process, ensuring that it meets both academic standards and industry expectations. [Data: Entities (3492); Relationships (4862)]

## Classification of Curriculum Components

Article 3 categorizes the curriculum into core and non-core components, detailing the types of activities that contribute to students' educational experiences. This classification is essential for understanding how different elements of the curriculum work together to provide a comprehensive education. Core components include major courses and general education, while non-core components encompass extracurricular activities that enhance learning. This dual approach allows for a well-rounded educational experience, promoting both academic and personal development among students. [Data: Entities (3493); Relationships (4864)]",6.5
1214,Degree Application Community,0.0027662517289073307,"# Degree Application Community

The community focuses on the process of applying for academic degrees, including bachelor's and associate degrees, and the relevant regulations governing credit recognition. The entities are interconnected through their relationships, which outline the types of degrees available and the legal framework that supports the application process.

## Diverse degree options available

The community encompasses various degree options, including bachelor's and associate degrees, which are critical for applicants seeking higher education. The presence of multiple degree types indicates a structured educational framework that allows for specialization and advancement in various fields. The relationships between '신청학위' (degree application) and '학사' (bachelor's degree) and '전문학사' (associate degree) highlight the pathways available for students. This diversity is essential for catering to different educational needs and career aspirations. [Data: Entities (4705, 4706, 4707); Relationships (6811, 6812)]

## Importance of major selection

The entity '전공' (major) plays a crucial role in the degree application process, as it specifies the field of study an applicant intends to pursue. This selection is vital for aligning educational goals with career opportunities. The relationship between '신청학위' (degree application) and '전공' indicates that the type of degree one can apply for may vary based on the chosen major. This relationship underscores the significance of informed decision-making in the application process, as it can impact future academic and professional trajectories. [Data: Entities (4705, 4687); Relationships (6813)]

## Legal framework governing degree applications

The entity '학점인정 등에 관한 법률' (law regarding credit recognition) establishes the legal context within which degree applications are processed. This law is essential for ensuring that applicants understand the requirements and regulations that govern their applications. The relationship between '신청학위' and this law indicates that degree applications must comply with legal standards, which can affect the eligibility and recognition of credits earned. Understanding this legal framework is crucial for applicants to navigate the complexities of the educational system effectively. [Data: Entities (4711); Relationships (6814)]

## Interconnectedness of degree types and regulations

The relationships among the entities reveal a complex web of interdependencies that define the degree application process. For instance, the connections between '신청학위', '학사', '전문학사', '전공', and '학점인정 등에 관한 법률' illustrate how degree types are influenced by legal regulations and academic choices. This interconnectedness highlights the importance of a holistic understanding of the educational landscape, as changes in one area (such as legal regulations) can have cascading effects on degree applications and student choices. [Data: Relationships (6811, 6812, 6813, 6814)]",6.0
809,Amendments to Regulatory Changes,0.0027662517289073307,"# Amendments to Regulatory Changes

This community revolves around three amendments related to the revised regulations concerning the selection committee for written works. The amendments are interconnected, with specific effective dates and shared content regarding the implementation of changes.

## Interconnectedness of the amendments

The three amendments, 부 칙 (2024.8.30.), 부 칙 (2024.6.24.), and 부 칙 (2024.10.18.), are closely related as they all pertain to the revised regulations for the selection committee. Specifically, 부 칙 (2024.8.30.) serves as a central reference point, indicating that it is positioned on page 1 of the relevant regulatory document. This interconnectedness suggests that changes in one amendment may influence the others, highlighting the importance of understanding their relationships. [Data: Entities (3235, 8636, 8637); Relationships (4387, 14271, 14272)]

## Effective dates of the amendments

Each amendment has a specific effective date, which is crucial for compliance and operational planning. For instance, 부 칙 (2024.8.30.) will take effect on July 15, 2024, while 부 칙 (2024.6.24.) is effective from June 1, 2024, and 부 칙 (2024.10.18.) will be implemented on October 18, 2024. These dates are significant as they dictate when the revised regulations will be enforced, impacting the stakeholders involved in the selection committee. [Data: Entities (3235, 8636, 8637)]

## Regulatory compliance implications

The amendments are designed to revise the regulations concerning the selection committee, which implies that organizations and individuals involved must ensure compliance with the new rules. The potential for confusion or misinterpretation of the amendments could lead to compliance issues, making it essential for stakeholders to stay informed about the changes and their implications. [Data: Entities (3235); Relationships (14271, 14272)]

## Content overlap among amendments

The amendments share content regarding the implementation of changes, particularly between 부 칙 (2024.8.30.) and the other two amendments. This overlap indicates that stakeholders should pay close attention to the details in each amendment to fully understand the regulatory landscape and avoid potential conflicts or misunderstandings. [Data: Relationships (14271, 14272)]",4.0
446,Regulations on Rewards and Disciplinary Actions,0.0027662517289073307,"# Regulations on Rewards and Disciplinary Actions

This community focuses on the regulations outlined in the 3-2-4 직원인사규정 document, specifically addressing rewards and disciplinary actions. The key entities include sections that detail commendations and penalties, which are interconnected through their references to each other and the document's specific page.

## Centrality of 제 7 장 상 벌

The section titled '제 7 장 상 벌' serves as the central entity in this community, encompassing the regulations regarding rewards and disciplinary actions. It is crucial as it links to both 제 29 조 포상 and 제 30 조 징계, indicating that these sections are part of a broader framework for managing employee conduct. The significance of this section lies in its role in establishing the guidelines for commendations and penalties, which can directly affect employee morale and organizational culture. [Data: Entities (6298), Relationships (9917, 9918, 9919)]

## Interconnection with 제 29 조 포상

The entity '제 29 조 포상' specifically addresses matters related to rewards, indicating that it is governed by separate regulations. Its inclusion under the broader section of 제 7 장 상 벌 highlights the structured approach to employee recognition within the organization. This section's relationship with the central entity suggests that the organization values commendations as a means to motivate employees, which can enhance productivity and job satisfaction. [Data: Entities (6299), Relationships (9918)]

## Interconnection with 제 30 조 징계

The entity '제 30 조 징계' pertains to disciplinary actions, indicating that it is also governed by separate regulations. Its relationship with the central entity 제 7 장 상 벌 emphasizes the importance of having clear guidelines for both rewards and penalties. This dual approach is essential for maintaining order and accountability within the organization, as it provides a framework for addressing misconduct while also recognizing positive contributions. [Data: Entities (6300), Relationships (9919)]

## Location of regulations in the document

All key entities are located on page 4 of the 3-2-4 직원인사규정 document, which consolidates the information regarding rewards and disciplinary actions. This specific location indicates that the regulations are easily accessible for reference by employees and management alike, which is vital for ensuring compliance and understanding of the policies. The clarity and accessibility of these regulations can significantly influence their effectiveness in practice. [Data: Entities (6298, 6299, 6300), Relationships (9917)]",4.0
1378,Security Management Regulations Community,0.0013831258644536654,"# Security Management Regulations Community

The community is centered around the security management regulations, specifically the 3-1-59 Security Management Regulations document and its associated articles. The entities are interconnected through their inclusion in the overarching security management framework, highlighting the importance of compliance and procedural integrity in managing confidential information.

## Centrality of the 3-1-59 Security Management Regulations

The 3-1-59 Security Management Regulations serve as the foundational document for the community, encompassing various articles that dictate the management of confidential information. This document outlines essential procedures for maintaining security, including the creation and maintenance of a confidential management record. The interconnectedness of the articles under this regulation emphasizes the importance of adhering to these guidelines to ensure the protection of sensitive data. The regulations are designed to mitigate risks associated with information breaches and ensure compliance with legal standards. [Data: Entities (291); Relationships (399, 401, 403)]

## Article 18 on Confidential Management Records

Article 18 of the regulations mandates the creation and maintenance of a confidential management record, which is crucial for tracking the handling of sensitive information. This article specifies that all management activities related to confidential materials must be documented, ensuring accountability and traceability. The requirement to retain these records for five years further underscores the importance of long-term compliance and oversight in security management practices. Failure to adhere to this article could lead to significant security vulnerabilities and legal repercussions. [Data: Entities (288); Relationships (399)]

## Article 19 on Confidential Management Number Assignment

Article 19 outlines the procedures for assigning confidential management numbers based on the classification of the information. This systematic approach ensures that sensitive data is handled appropriately according to its level of confidentiality. The stipulation that confidential materials must be reviewed and approved by security officials before assignment of management numbers highlights the rigorous oversight required in the management of sensitive information. This process is vital for maintaining the integrity of security protocols and preventing unauthorized access. [Data: Entities (289); Relationships (401)]

## Article 20 on Security Measures for External Data Provision

Article 20 addresses the security measures necessary when providing external data, emphasizing the need for prior review and approval by designated security personnel. This article is critical in safeguarding sensitive information from potential leaks or misuse during external communications. The requirement for thorough vetting of important data before sharing reflects a proactive approach to security management, ensuring that all external interactions are conducted with the utmost caution. Non-compliance with this article could expose the organization to significant risks, including data breaches and reputational damage. [Data: Entities (290); Relationships (403)]",7.5
1524,Graduate Degree Procedures and Regulations,0.0013831258644536654,"# Graduate Degree Procedures and Regulations

This community encompasses the entities related to the procedures and regulations governing graduate degree programs, including master's and doctoral degrees, as well as the associated forms and guidelines. The relationships among these entities highlight the structured process for degree issuance and compliance with academic regulations.

## Central role of the Graduate School Regulations

The '2-2-1 대학원 학칙' (Graduate School Regulations) serves as the foundational document governing the issuance of degrees for both master's and doctoral programs. This document outlines the necessary procedures and requirements for students to obtain their degrees, making it a critical component of the academic framework. The relationships with the degree issuance processes indicate that adherence to these regulations is essential for maintaining academic integrity and ensuring that students meet the necessary criteria for graduation. [Data: Entities (3041); Relationships (4006, 4007, 4008, 4009, 4010)]

## Master's and Doctoral Degree Issuance Procedures

The entities '학위기(석사학위과정)' (Master's Degree Issuance) and '학위기(박사학위과정)' (Doctoral Degree Issuance) detail the specific procedures for awarding degrees upon completion of the respective programs. These entities are directly linked to the Graduate School Regulations, indicating that they must comply with the outlined rules to ensure that students receive their degrees appropriately. The structured nature of these processes is vital for maintaining the credibility of the academic institution and ensuring that graduates meet the expected standards. [Data: Entities (3039, 3040); Relationships (4006, 4007)]

## Forms associated with Degree Issuance

The forms '별지서식 제1-1호' (Form for Master's Degree), '별지서식 제1-2호' (Form for Doctoral Degree), and '별지서식 제1-3호' (Additional Form for Graduate Regulations) are essential for the formalization of the degree issuance process. These forms provide the necessary documentation required for students to apply for their degrees and ensure that all procedural requirements are met. The existence of these forms highlights the administrative aspect of degree issuance and the importance of proper documentation in academic processes. [Data: Entities (3042, 3043, 3044); Relationships (4008, 4009, 4010)]

## Interconnectedness of Degree Programs

The relationships among the entities indicate a high degree of interconnectedness between the master's and doctoral programs, as both are governed by the same set of regulations. This interconnectedness suggests that changes or updates to the Graduate School Regulations could have widespread implications for both degree programs, affecting how students progress through their academic journeys. Understanding these relationships is crucial for stakeholders involved in academic administration and policy-making. [Data: Relationships (4006, 4007, 4008, 4009, 4010)]",6.5
35,Regulatory Amendments and Implementation Dates,0.0013831258644536654,"# Regulatory Amendments and Implementation Dates

This community is centered around a series of regulatory amendments, each with specific implementation dates. The entities are interconnected through their effective dates and the relationships that describe how these regulations relate to one another, indicating a structured evolution of regulatory compliance over time.

## Chronological evolution of regulations

The community consists of various amendments that have been implemented over the years, starting from 2015 and continuing through 2022. Each amendment is linked to its predecessor, indicating a structured approach to regulatory changes. For instance, the amendment effective from September 1, 2015, is related to the one that took effect on December 1, 2016, showing a clear timeline of regulatory evolution [Data: Entities (3714, 3715); Relationships (5242)].

## Significant amendments and their implications

Key amendments, such as those implemented on March 1, 2022, and December 1, 2016, are crucial as they represent significant shifts in regulatory compliance. The 2022 amendment is particularly noteworthy as it builds upon previous regulations, indicating a continuous refinement of the regulatory framework. This could have implications for organizations that need to adapt to these changes [Data: Entities (3728, 3715); Relationships (5256)].

## Interconnectedness of regulations

The relationships between the amendments highlight their interconnectedness, where each new regulation often references or builds upon previous ones. For example, the amendment effective from March 2, 2017, is directly related to the one from December 1, 2016, suggesting that organizations must consider the cumulative effect of these regulations when ensuring compliance [Data: Relationships (5243, 5244)].

## Potential compliance challenges

With multiple amendments coming into effect over a short period, organizations may face challenges in ensuring compliance with the latest regulations. The overlapping nature of these amendments could lead to confusion or misinterpretation, necessitating clear communication and training within organizations to navigate these changes effectively [Data: Relationships (5245, 5246)].

## Historical context of regulatory changes

The historical context of these amendments provides insight into the regulatory landscape and the reasons behind these changes. For instance, the amendments from 2018 reflect a response to evolving needs within the regulatory framework, indicating that organizations must stay informed about the historical context to understand current compliance requirements [Data: Entities (3720, 3721); Relationships (5248, 5249)].",6.5
737,Student Counseling Regulations Community,0.0013831258644536654,"# Student Counseling Regulations Community

The community is centered around the regulations governing student counseling, specifically the guidelines outlined in the 3-3-53 document. The entities are interconnected through their references to specific counseling methods, designated counseling times, and the need for professional counseling referrals, all of which are crucial for effective student support.

## Regulation on Counseling Methods

The regulation titled '제 12 조 평생지도교수 상담 방법' outlines the principle of one-on-one counseling for students, which is essential for personalized support. This regulation emphasizes the importance of direct interaction between students and counselors, ensuring that students receive tailored guidance. The provision of non-academic points for participation further incentivizes student engagement in counseling sessions, which can enhance their overall educational experience. This regulation is a key component of the community's framework, as it sets the standard for how counseling should be conducted. [Data: Entities (7162); Relationships (11551)]

## Designated Counseling Times

The regulation '제 13 조 상담시간 지정 운영' mandates that counselors must specify their available days and times for student consultations. This structured approach is vital for ensuring that students can access counseling services when needed. By providing clear schedules, the regulation helps to eliminate confusion and encourages students to seek help proactively. The relationship between this regulation and the counseling methods highlights the importance of accessibility in effective student support systems. [Data: Entities (7163); Relationships (11552)]

## Referral to Professional Counseling

The regulation '제 14 조 전문상담 연계' addresses the necessity for counselors to refer students to specialized services when additional support is required. This regulation is crucial for ensuring that students receive comprehensive care, particularly in cases where their needs exceed the scope of general counseling. The ability to connect students with professional resources can significantly impact their mental health and academic performance, making this regulation a critical aspect of the community's overall effectiveness. [Data: Entities (7164); Relationships (11553)]

## Comprehensive Counseling Framework

The overarching regulation '제 4 장 평생지도교수 상담' encompasses the various aspects of student counseling, including methods, operational guidelines, and the integration of specialized services. This comprehensive framework is essential for maintaining a consistent and effective counseling approach across the institution. By linking the specific regulations to this broader context, the community can ensure that all counseling practices align with established standards, ultimately benefiting student outcomes. [Data: Entities (7161); Relationships (11547)]",6.5
1429,Student Success Programs Overview,0.0013831258644536654,"# Student Success Programs Overview

The community focuses on two key entities: the 중도탈락 예방 총괄 (Dropout Prevention Program) and the 학생 성공을 위한 비교과 교육과정 총괄 (Extracurricular Curriculum for Student Success). These entities are interconnected, both aimed at enhancing student success through program planning and support.

## 중도탈락 예방 총괄 as a central program

The 중도탈락 예방 총괄 (Dropout Prevention Program) is a central entity in this community, focusing on planning, development, and support to prevent student dropouts. This program is crucial as it directly addresses the challenges faced by students at risk of leaving their educational paths. The program's significance is highlighted by its inclusion in the 27-page document, which outlines its operational framework and objectives. The effectiveness of this program can have a substantial impact on overall student retention rates and success, making it a key player in the educational landscape. [Data: Entities (1170); Relationships (1683)]

## 학생 성공을 위한 비교과 교육과정 총괄's role in student success

The 학생 성공을 위한 비교과 교육과정 총괄 (Extracurricular Curriculum for Student Success) is another vital entity that complements the dropout prevention efforts. This program focuses on the planning and support of extracurricular activities aimed at enhancing student success. The relationship between this program and the 중도탈락 예방 총괄 indicates a collaborative approach to improving student outcomes. By integrating extracurricular initiatives with dropout prevention strategies, the community aims to create a more supportive environment for students, which can lead to higher engagement and retention rates. [Data: Entities (1169); Relationships (1681)]

## Interconnectedness of programs

The relationship between the 중도탈락 예방 총괄 and the 학생 성공을 위한 비교과 교육과정 총괄 highlights the interconnectedness of these programs. Both entities are designed to work in tandem to address the multifaceted challenges students face. This collaboration suggests a holistic approach to student success, where academic support is complemented by extracurricular opportunities. Such integration is essential for fostering an environment that not only prevents dropouts but also promotes overall student well-being and achievement. [Data: Relationships (1681)]

## Focus on planning and development

Both entities emphasize planning and development as core components of their strategies. The 중도탈락 예방 총괄 is responsible for the comprehensive planning and operational support necessary to implement effective dropout prevention measures. Similarly, the 학생 성공을 위한 비교과 교육과정 총괄 focuses on developing extracurricular programs that align with student success goals. This focus on structured planning is critical for ensuring that both programs are effective and responsive to the needs of students. [Data: Entities (1170, 1169)]

## Potential impact on student retention

The combined efforts of the 중도탈락 예방 총괄 and the 학생 성공을 위한 비교과 교육과정 총괄 have the potential to significantly impact student retention rates. By addressing both academic and extracurricular needs, these programs can create a more engaging and supportive educational environment. This dual focus is likely to lead to improved student satisfaction and success, ultimately reducing dropout rates and enhancing the overall educational experience. [Data: Relationships (1681, 1683)]",6.0
879,Student Group Activity Safety Regulations,0.0013831258644536654,"# Student Group Activity Safety Regulations

The community is centered around the safety regulations and application procedures for student group activities. The key entities include the safety management regulations and the application process, which are interrelated and essential for ensuring the safety of student activities.

## Importance of Safety Management Regulations

The '학생 집단 활동 안전 관리 규정' (Student Group Activity Safety Management Regulations) is a crucial entity in this community, outlining the safety protocols necessary for student activities. This regulation is designed to prevent accidents and ensure a safe environment for students participating in group activities. The inclusion of accident investigation and reporting procedures in Article 5 highlights the regulation's comprehensive approach to safety management. This is vital for maintaining a secure atmosphere during student events and activities, thereby reducing the risk of incidents that could harm students. [Data: Entities (7131); Relationships (11474)]

## Application Procedures for Student Activities

The '학생 집단 활동 신청 절차' (Student Group Activity Application Procedure) is another key entity that outlines the steps required for students to apply for group activities. This procedure is essential for ensuring that all activities are vetted and approved in accordance with safety regulations. By requiring applicants to submit relevant documents, the procedure helps to maintain oversight and accountability, which is crucial for the safety of all participants. The relationship between this application process and the safety management regulations indicates a structured approach to managing student activities, ensuring that safety is prioritized. [Data: Entities (7133); Relationships (11476)]

## Interconnection of Safety Regulations and Application Procedures

The relationship between the safety management regulations and the application procedures illustrates a cohesive framework for managing student activities. The application process is explicitly stated to be governed by the safety regulations, which ensures that all activities adhere to established safety standards. This interconnectedness is vital for creating a systematic approach to student group activities, where safety is not an afterthought but a foundational element. Such a framework is essential for fostering a culture of safety within educational institutions. [Data: Relationships (11476)]

## Potential Risks Without Compliance

Failure to comply with the safety management regulations and application procedures could lead to significant risks during student activities. Without proper oversight and adherence to safety protocols, the likelihood of accidents increases, which could result in injuries or worse. This underscores the importance of these regulations and procedures in safeguarding students. The community's focus on these elements reflects a proactive stance towards risk management in educational settings, emphasizing the need for compliance to mitigate potential dangers. [Data: Entities (7131, 7133); Relationships (11474, 11476)]",6.0
218,Facility Usage Regulations and Compliance,0.0013831258644536654,"# Facility Usage Regulations and Compliance

The community is centered around the facility usage regulations, specifically focusing on compliance requirements and fee structures. Key entities include specific regulations and their relationships to facilities and dates that define their applicability.

## Regulation 5 outlines compliance requirements

Regulation 5 specifies the compliance requirements for using facilities, including the necessity of wearing appropriate footwear and the prohibition of food and drink unless approved. This regulation is crucial for maintaining the integrity of the facilities and ensuring user safety. Non-compliance can lead to restrictions on facility usage, which could impact community activities and events. The relationship between this regulation and specific facilities, such as 낙산관, highlights its importance in the operational framework of the community [Data: Entities (3636); Relationships (5132)].

## Regulation 4 addresses usage fees

Regulation 4 details the fee structure for facility usage, indicating that fees are waived for official events and reduced for community members. This regulation is significant as it encourages community engagement by making facilities more accessible. The relationship between Regulation 4 and Regulation 5 indicates that both regulations work together to govern facility usage comprehensively, ensuring that both compliance and financial considerations are addressed [Data: Entities (3635); Relationships (5129)].

## Date of regulation applicability

The date mentioned in the regulations, November 1, 2017, serves as a reference point for the applicability of the fee structure and compliance requirements. This date is critical for understanding the historical context of the regulations and any potential changes that may have occurred since then. The relationship between Regulation 4 and this date emphasizes the importance of temporal context in regulatory compliance [Data: Entities (3638); Relationships (5130)].

## Interconnectedness of regulations

The interconnectedness of Regulation 4 and Regulation 5 illustrates how different aspects of facility usage are governed by a cohesive set of rules. This relationship ensures that users are aware of both the financial implications and the compliance requirements when utilizing facilities. Understanding these connections is vital for effective management and adherence to the regulations within the community [Data: Relationships (5129)].

## Potential consequences of non-compliance

Failure to adhere to the compliance requirements outlined in Regulation 5 can lead to restrictions on facility usage, which may disrupt community events and activities. This potential for disruption underscores the importance of these regulations in maintaining order and safety within the community. The implications of non-compliance highlight the need for effective communication and enforcement of these regulations [Data: Entities (3636); Relationships (5132)].",6.0
1490,3-1-66 Academic Information Center Regulations,0.0013831258644536654,"# 3-1-66 Academic Information Center Regulations

The community is centered around the 3-1-66 Academic Information Center regulations, which outline the development plans and procedures for material selection and acquisition. The regulations are interconnected, with specific articles referencing each other to form a comprehensive framework for the center's operations.

## Interconnectedness of the regulations

The regulations of the 3-1-66 Academic Information Center are highly interconnected, with specific articles referencing one another. For instance, Article 11 outlines the development plan, which is included in the broader framework of Article 4. This interconnectedness suggests that changes or issues in one regulation could significantly impact the others, highlighting the importance of compliance and adherence to these regulations. [Data: Entities (6989, 6991); Relationships (11155)]

## Development plan requirements

Article 11 of the regulations specifies the requirement for establishing a development plan for the academic information center, which must be reviewed by a committee. This requirement underscores the importance of structured planning and oversight in the management of academic resources, ensuring that the center aligns with national library promotion laws. The adherence to these guidelines is crucial for maintaining the center's operational integrity. [Data: Entities (6989); Relationships (11155)]

## Material selection and acquisition procedures

Article 12 details the procedures for selecting and acquiring materials for the academic information center. This regulation is vital for ensuring that the center maintains a relevant and up-to-date collection that meets the needs of its users. The procedures outlined in this article are essential for the center's ability to provide quality resources and support academic endeavors. [Data: Entities (6990); Relationships (11157)]

## Role of Article 4 as a framework

Article 4 serves as a foundational framework for the other regulations, encompassing both the development plan and the material selection processes. Its central role in the regulatory structure indicates that compliance with Article 4 is critical for the overall effectiveness of the academic information center. Any deficiencies in this article could lead to broader implications for the center's operations. [Data: Entities (6991); Relationships (11155, 11157)]",4.0
1120,5-0-3 Social Science Research Institute Regulations,0.0013831258644536654,"# 5-0-3 Social Science Research Institute Regulations

The community is centered around the regulations of the 5-0-3 Social Science Research Institute, specifically focusing on the organizational structure as outlined in its governing documents. The key entities include specific regulations that detail the institute's framework and their interrelations, which are crucial for understanding the institute's operational guidelines.

## Regulation 5 outlines organizational structure

Regulation 5 of the 5-0-3 Social Science Research Institute provides detailed information about the institute's organizational structure. This regulation is critical as it lays the foundation for how the institute operates and is structured, which is essential for compliance and governance. The relationship between this regulation and its placement on page 1 indicates its primary importance in the document hierarchy. [Data: Entities (5214); Relationships (7822)]

## Regulation 2 discusses organizational regulations

Regulation 2 of the 5-0-3 Social Science Research Institute focuses on the rules governing the organization and its entities. This regulation complements Regulation 5 by providing additional context and guidelines that are necessary for the effective functioning of the institute. The connection between Regulation 2 and Regulation 5 highlights the interdependence of these regulations in establishing a comprehensive governance framework. [Data: Entities (5213); Relationships (7820)]

## Interrelation of regulations enhances governance

The interrelation between Regulation 2 and Regulation 5 enhances the governance structure of the 5-0-3 Social Science Research Institute. By outlining how these regulations interact, it becomes clear that a thorough understanding of both is necessary for compliance and effective management. This interconnectedness is vital for ensuring that the institute adheres to its own established guidelines and maintains operational integrity. [Data: Relationships (7820)]

## Page 1 as a critical reference point

Page 1 of the 5-0-3 Social Science Research Institute regulations serves as a critical reference point for understanding the foundational aspects of the institute's governance. The placement of Regulation 5 on this page signifies its importance and suggests that it is likely the first point of reference for anyone reviewing the regulations. This highlights the need for clarity and accessibility in regulatory documents to ensure that all stakeholders can easily navigate the governance framework. [Data: Relationships (7822)]",3.0
969,Career Support and Employment Guidance Community,0.019363762102351315,"# Career Support and Employment Guidance Community

The community focuses on various aspects of career support and employment guidance, encompassing entities that provide resources, regulations, and services aimed at enhancing job placement and career development for students and graduates. The interconnectedness of these entities highlights a comprehensive approach to addressing employment challenges.

## Central role of 페이지 17

The entity '페이지 17' serves as a foundational document that encompasses various regulations and guidelines relevant to academic and administrative operations. It includes critical sections on the duties of administrative staff, scholarship types, faculty appointment regulations, and counseling services. This document is pivotal for understanding the operational framework within the institution, as it outlines the responsibilities and processes that govern academic integrity and support services. The relationships with other entities indicate that '페이지 17' is integral to the community's structure, influencing various aspects of career support and employment guidance [Data: Entities (1012); Relationships (1483, 1519, 3779, +more)].

## Focus on career support for graduates and youth

Entities such as '미취업 졸업생 및 지역청년에 대한 취업지원 시스템 구축 및 서비스 강화' and '일경험, 일자리 발굴 및 매칭 서비스' emphasize the community's commitment to providing tailored support for unemployed graduates and local youth. These entities are designed to enhance job placement and career development through various services, including job matching and skills development. The interconnected relationships among these entities suggest a coordinated effort to address employment challenges, which is crucial for fostering economic stability and growth in the community [Data: Entities (1019, 1018); Relationships (1507, 1509, +more)].

## Regulatory framework for academic governance

The community includes entities that focus on the regulatory aspects of academic governance, such as '학칙개정안 발의 제 70 조' and '학칙개정절차 제 20 장'. These entities outline the procedures for proposing and announcing amendments to academic regulations, ensuring transparency and accountability within the institution. The presence of these regulations is essential for maintaining academic integrity and fostering a supportive environment for students and faculty alike. Their relationship with '페이지 17' indicates that these governance structures are well-integrated into the community's operational framework [Data: Entities (2788, 2787); Relationships (3779, 3777, +more)].

## Collaboration among local stakeholders

The entity '지역 기업체, 자치단체, 대학 및 기타 유관기관 간 협력체계 구축으로 청년 고용 문제 공동 대응' highlights the importance of collaboration among local businesses, government entities, and educational institutions. This collaborative approach is vital for addressing youth employment issues, as it leverages resources and expertise from various sectors to create effective solutions. The relationships with other entities in the community suggest a comprehensive strategy to tackle employment challenges through shared initiatives and support systems [Data: Entities (1022); Relationships (1513, +more)].

## Diverse services for career development

The community encompasses a range of services aimed at career development, including '직업탐색, 역량개발, 취업지원, 사후 관리와 같은 단계적 맞춤형 서비스 체계 확립'. This entity focuses on establishing a tailored service system that addresses various stages of career development, from job exploration to post-employment support. The interconnectedness with other entities indicates a holistic approach to career guidance, ensuring that individuals receive comprehensive support throughout their career journey [Data: Entities (1020); Relationships (1509, 1511, +more)].",7.5
1218,Convergence Module Educational Community,0.005532503457814661,"# Convergence Module Educational Community

The community focuses on the establishment and implementation of convergence modules in education, with key entities including the convergence selection module and the convergence module establishment. These entities are interrelated, emphasizing the role of specific professors in overseeing the educational programs.

## Convergence Selection Module's Role

The convergence selection module is a crucial entity in this community, defined as an elective subject or module for convergence education. It is designed to foster convergent thinking among students, which is essential for interdisciplinary learning. The module's evaluation criteria, based on a 10-point scale per hour, indicate a structured approach to assessing student performance. This structured evaluation is vital for ensuring that students meet the educational objectives set forth in the curriculum. [Data: Entities (4502)]

## Establishment of Convergence Modules

The entity '융합모듈 개설' refers to the establishment of convergence module educational programs, highlighting the importance of a designated professor responsible for overseeing these programs. This role is critical as it ensures that the curriculum is developed and implemented effectively, aligning with educational standards and objectives. The responsibilities of the professor, detailed in the document, underscore the significance of leadership in educational settings, particularly in innovative programs like convergence modules. [Data: Entities (4486)]

## Interconnectedness of Entities

The relationships between the convergence selection module and the convergence module establishment indicate a strong interconnectedness within the community. The convergence selection module is directly related to the establishment of convergence modules, suggesting that the success of one is dependent on the other. This relationship emphasizes the collaborative nature of educational program development, where different components must work together to achieve desired outcomes. [Data: Relationships (6379)]

## Convergence Selection's Educational Impact

The convergence selection entity is designed to cultivate convergent thinking, which is increasingly important in today's interdisciplinary educational landscape. By offering elective subjects that promote this type of thinking, the community aims to enhance students' problem-solving skills and creativity. This focus on developing critical thinking abilities is essential for preparing students for complex real-world challenges. [Data: Entities (4485); Relationships (6361)]",4.5
1035,Support for North Korean Defectors,0.004149377593360996,"# Support for North Korean Defectors

This community focuses on the legal and institutional support for North Korean defectors in South Korea, primarily through the North Korean Defector Protection and Settlement Support Act, the Department of Korean Language and Literature, and the National Veterans Affairs Office. The entities are interconnected through scholarship support and legal frameworks aimed at assisting defectors.

## Legal Framework for Defector Support

The North Korean Defector Protection and Settlement Support Act serves as the primary legal framework for supporting North Korean defectors in South Korea. This law outlines the necessary provisions for their protection and settlement, ensuring that defectors receive the assistance they need to integrate into society. The existence of such a law indicates a structured approach to addressing the challenges faced by defectors, which is crucial for their successful transition. [Data: Entities (3867); Relationships (5421)]

## Role of the Department of Korean Language and Literature

The Department of Korean Language and Literature plays a significant role in providing educational support to North Korean defectors through scholarship programs. This department not only focuses on the academic study of the Korean language and literature but also manages financial assistance for students, which is vital for defectors who may face economic hardships. The relationship between the department and the legal framework highlights the collaborative efforts to support defectors' educational needs. [Data: Entities (3869); Relationships (5421)]

## Professor Lee Seok-joo's Involvement

Professor Lee Seok-joo is responsible for managing scholarship-related matters within the Department of Korean Language and Literature. His role is critical in ensuring that defectors have access to the necessary financial resources to pursue their studies. This involvement underscores the importance of academic support in the integration process for North Korean defectors, as education is a key factor in their successful settlement in South Korea. [Data: Entities (3868); Relationships (5422)]

## National Veterans Affairs Office's Oversight

The National Veterans Affairs Office oversees the legal regulations related to scholarships for North Korean defectors. This governmental body ensures that the provisions outlined in the North Korean Defector Protection and Settlement Support Act are implemented effectively. Their role is essential in maintaining compliance with the law and ensuring that defectors receive the support they are entitled to, which is crucial for their successful integration into South Korean society. [Data: Entities (3866); Relationships (5420)]",6.5
1264,Hanseong Love Scholarships Community,0.004149377593360996,"# Hanseong Love Scholarships Community

The community centers around the Hanseong Love Scholarships A and B, which provide financial support to graduates of the institution. These scholarships are linked to specific dates that determine their eligibility and payment criteria, highlighting their importance in the educational funding landscape.

## Hanseong Love Scholarship A's financial support structure

Hanseong Love Scholarship A offers full tuition coverage for graduates entering master's programs at general graduate schools. This scholarship is crucial for students seeking further education, as it alleviates financial burdens associated with graduate studies. The scholarship's criteria, established on October 27, 2015, and reaffirmed on November 5, 2018, indicate its ongoing relevance in supporting students' academic pursuits. The relationship between this scholarship and its payment criteria underscores its role in facilitating access to higher education for graduates [Data: Entities (8254); Relationships (13552, 13553)].

## Hanseong Love Scholarship B's tuition assistance

Hanseong Love Scholarship B provides up to 10% of tuition fees to graduates of the institution. This financial aid is significant for students who may face challenges in funding their education. The payment criteria for this scholarship are set for January 25, 2024, indicating a structured timeline for disbursement. The scholarship's design reflects a commitment to supporting alumni in their educational endeavors, thereby enhancing the institution's reputation and fostering a supportive alumni network [Data: Entities (8255); Relationships (13554)].

## Significance of the date November 5, 2018

The date November 5, 2018, is pivotal as it marks the reference date for the Hanseong Love Scholarship A, linking it to specific regulatory changes in educational funding. This date signifies the establishment of criteria that govern the scholarship's operation, making it a critical point of reference for both the institution and its graduates. Understanding this date's implications helps in assessing the scholarship's impact on students and the institution's compliance with educational policies [Data: Entities (8174); Relationships (13553)].

## Interconnectedness of scholarship criteria and payment dates

The relationships between the scholarships and their respective payment dates illustrate a structured approach to financial aid within the community. Each scholarship has specific criteria that are tied to designated dates, which are essential for ensuring that students receive timely support. This interconnectedness highlights the importance of regulatory compliance and the need for clear communication regarding scholarship availability and eligibility [Data: Relationships (13552, 13553, 13554)].",6.5
394,Grievance Counseling and Prevention of Sexual Harassment and Violence,0.0027662517289073307,"# Grievance Counseling and Prevention of Sexual Harassment and Violence

The community focuses on the establishment and operation of grievance counseling centers aimed at preventing and addressing issues related to sexual harassment and sexual violence. Key entities include the grievance counseling center, designated counselors, and various prevention and support activities, all interconnected to provide comprehensive support and education.

## Central role of the Grievance Counseling Center

The Grievance Counseling Center is the primary entity in this community, responsible for handling cases related to sexual harassment and violence. It serves as the hub for all related activities, including counseling and prevention efforts. The center's operations are crucial for providing support to victims and ensuring that issues are addressed effectively. Its establishment is mandated by regulations aimed at preventing sexual harassment and violence, highlighting its importance in fostering a safe environment. [Data: Entities (4046); Relationships (5724, 5725, 5726)]

## Role of Designated Counselors

Designated counselors are essential to the functioning of the Grievance Counseling Center, as they are responsible for providing support and handling cases of sexual harassment and violence. The requirement for a balanced team, including both male and female counselors, ensures a comprehensive approach to addressing sensitive issues. This diversity is vital for creating a safe space for victims to come forward and seek help. The counselors' training and expertise directly impact the effectiveness of the center's operations. [Data: Entities (4047); Relationships (5724, 5727)]

## Prevention Activities and Education

The community emphasizes the importance of prevention activities and education regarding sexual harassment and violence. The Grievance Counseling Center conducts training and promotional activities aimed at raising awareness and preventing incidents. These educational efforts are crucial for fostering a culture of respect and safety within organizations. By proactively addressing these issues, the community aims to reduce the occurrence of harassment and violence, thereby enhancing overall well-being. [Data: Entities (4052); Relationships (5731)]

## Support for Victims of Sexual Harassment and Violence

The Grievance Counseling Center provides vital support services for victims of sexual harassment and violence. This includes counseling and assistance in navigating the reporting process. The availability of such support is essential for encouraging victims to come forward and seek help, which can lead to better outcomes for individuals affected by these issues. The center's commitment to providing comprehensive support is a key aspect of its mission. [Data: Entities (4049, 4050); Relationships (5726, 5728)]

## Interconnectedness of Entities

The entities within this community are highly interconnected, with each playing a specific role in the overall mission of preventing and addressing sexual harassment and violence. The relationships between the Grievance Counseling Center, designated counselors, and prevention activities create a cohesive framework for addressing these critical issues. This interconnectedness enhances the community's ability to respond effectively to incidents and support victims. [Data: Relationships (5724, 5725, 5726, 5727, 5731)]",7.5
838,Information and Computer Center Regulations,0.0027662517289073307,"# Information and Computer Center Regulations

The community is centered around the Information and Computer Center, with key entities including various regulations and operational guidelines. These entities are interconnected through their focus on the management and delegation of authority within the center, highlighting the importance of regulatory compliance and operational efficiency.

## Page 68 as a regulatory cornerstone

Page 68 serves as a crucial document that outlines regulations related to the Information and Computer Center's operations and delegation of authority. This document is essential for ensuring that the center operates within the legal framework and adheres to established protocols. The information contained in Page 68 is vital for the management of the campus network and related tasks, making it a foundational element of the community's regulatory structure. [Data: Entities (1882); Relationships (2460, 2470)]

## Delegation of authority regulations

The '위임전결규정 3-1-4' (Delegation of Authority Regulation 3-1-4) is a significant entity that outlines the delegation of authority within the Information and Computer Center. This regulation is critical for defining the responsibilities and powers of various committees and personnel, ensuring that operations are conducted efficiently and in compliance with institutional policies. The relationship between this regulation and Page 68 emphasizes its importance in the overall governance of the center. [Data: Entities (1886); Relationships (2467, 2470)]

## Committee operations related to the Information Center

The '정보전산원 관련 위원회 운영' (Committee Operations Related to the Information Center) is another key entity that supports the operational framework of the Information and Computer Center. This entity is derived from the regulations outlined in Page 68 and is essential for the effective functioning of committees that oversee various aspects of the center's operations. The interconnectedness of this entity with the delegation of authority regulations highlights the structured approach to governance within the community. [Data: Entities (1884); Relationships (2467)]

## Laptop rental and maintenance procedures

The '대여노트북 고장 / AS 처리 업무' (Laptop Rental and Maintenance Procedures) is an operational guideline that addresses the handling of issues related to rented laptops. This entity is part of the broader delegation of authority regulations, indicating that the management of technology resources is a critical aspect of the Information and Computer Center's operations. Proper handling of these procedures is essential for maintaining service quality and user satisfaction within the community. [Data: Entities (1883); Relationships (2466)]

## Additional operational requirements

The '기타 정보전산원의 목적 수행에 필요한 사항' (Other Requirements for the Information and Computer Center's Objectives) encompasses various additional needs that support the center's mission. This entity is also linked to the delegation of authority regulations, indicating that a comprehensive understanding of operational requirements is necessary for effective governance. The inclusion of this entity highlights the multifaceted nature of the center's operations and the importance of adhering to established guidelines. [Data: Entities (1885); Relationships (2468)]",6.5
1343,External Cooperation and Community Engagement,0.0027662517289073307,"# External Cooperation and Community Engagement

The community focuses on external cooperation and engagement with various stakeholders, including alumni, local communities, and external organizations. The central entity, '대외협력에 관한 사항', encompasses a range of activities and relationships that facilitate collaboration and support for community initiatives.

## Central role of 대외협력에 관한 사항

The entity '대외협력에 관한 사항' serves as the cornerstone of this community, encapsulating various aspects of external cooperation. This entity is responsible for overseeing a wide range of activities, including collaboration with external organizations, community engagement, and alumni relations. Its comprehensive nature indicates a significant role in shaping the community's outreach and engagement strategies. The relationships it maintains with other entities highlight its importance in coordinating efforts across different sectors, which can lead to enhanced community support and resource mobilization. [Data: Entities (1562); Relationships (2129, 2130, 2131, 2132, 2133, +more)]

## Diverse activities under 대외협력에 관한 사항

The entity encompasses a variety of activities, including fundraising, alumni management, and community collaboration. Each of these activities plays a crucial role in fostering relationships and enhancing the community's outreach. For instance, the fundraising efforts are vital for securing resources that support various initiatives, while alumni management helps maintain connections with former members, potentially leading to increased support and engagement. The diversity of these activities indicates a well-rounded approach to community engagement, which can significantly impact the community's effectiveness and reputation. [Data: Entities (1565, 1566, 1567, 1570, 1571, +more)]

## Importance of fundraising activities

Fundraising is a critical component of the community's operations, as indicated by the entities related to fundraising planning and management. These activities are essential for generating the necessary financial support to sustain various programs and initiatives. The planning and management of fundraising events not only provide financial resources but also enhance community visibility and engagement. Effective fundraising strategies can lead to increased donor support and community involvement, which are crucial for the long-term sustainability of the community's efforts. [Data: Entities (1571, 1572, 1573); Relationships (2135, 2136, 2137)]

## Collaboration with external organizations

The community's engagement with external organizations is facilitated through various agreements and partnerships. This collaboration is vital for expanding the community's reach and resources. By establishing agreements with universities, public institutions, and industries, the community can leverage additional support and expertise, enhancing its overall effectiveness. These partnerships can also lead to innovative projects and initiatives that benefit both the community and its partners, fostering a collaborative environment that encourages shared goals and mutual benefits. [Data: Entities (1570); Relationships (2134)]

## Media and public relations efforts

The community places significant emphasis on media relations and public outreach, as evidenced by the entities focused on media production and public relations planning. These efforts are crucial for shaping public perception and increasing awareness of the community's initiatives. By effectively managing media relations, the community can enhance its visibility and attract support from various stakeholders. The strategic planning and execution of public relations campaigns can significantly influence how the community is perceived, impacting its ability to engage with the public and secure necessary resources. [Data: Entities (1579, 1580); Relationships (2141, 2142)]",6.5
1562,Academic Status Regulations and Key Dates,0.0027662517289073307,"# Academic Status Regulations and Key Dates

This community focuses on the academic status regulations, particularly the provisions for registration and changes in department and major. The entities are interconnected through specific articles and significant dates that outline the rules governing academic procedures.

## Centrality of Academic Status Regulations

The entity '학적변동' serves as the central framework for understanding the academic status regulations. It encompasses various articles that dictate the rules for registration and changes in academic programs. This entity is crucial for students as it outlines their rights and responsibilities regarding their academic journey. The regulations are designed to ensure that students adhere to specific timelines and procedures, which are essential for maintaining their academic standing. Non-compliance with these regulations can lead to significant academic consequences, including the inability to register for classes or changes in their academic program. [Data: Entities (2678), Relationships (3642)]

## Importance of Article 17 on Registration

Article 17, or '학적변동 제 17 조', details the registration process that students must follow each semester. It emphasizes the necessity for students to pay their fees and complete registration by specified deadlines. This regulation is critical as it directly impacts students' ability to enroll in courses and progress in their academic programs. The relationship between this article and the overarching academic status regulations highlights the structured approach to managing student registrations, which is vital for institutional order and student success. [Data: Entities (2679), Relationships (3642)]

## Significance of Article 18 on Changes in Department and Major

Article 18, or '학적변동 제 18 조', outlines the conditions under which students may change their department or major. This provision allows for flexibility in academic pursuits but is limited to one change per student, requiring approval from the respective graduate school dean. The relationship between this article and the significant date of '2020.5.20.' indicates the procedural deadlines that students must adhere to for such changes. Understanding this article is essential for students considering a shift in their academic focus, as it provides a clear framework for making such decisions. [Data: Entities (2680, 2683), Relationships (3645)]

## Key Dates Impacting Academic Procedures

The date '2020.5.20.' is pivotal as it marks the deadline for submitting early graduation applications and requests for changes in department and major. This date is directly linked to Article 18, emphasizing the importance of timely action by students to avoid missing critical opportunities. The relationship between this date and the academic regulations underscores the structured timeline that governs student actions, which is essential for maintaining academic progress and compliance. [Data: Entities (2683), Relationships (3645)]

## Historical Context of Article 17

The date '2015.12.10.' is associated with Article 17 and provides historical context for the regulations surrounding registration. This date signifies when specific rules regarding course duration and permanent completion were established. Understanding the historical background of these regulations can help students and academic staff appreciate the evolution of academic policies and their implications for current practices. [Data: Entities (2681), Relationships (3644)]",6.5
972,Administrative Processes and Document Management,0.0027662517289073307,"# Administrative Processes and Document Management

This community encompasses various administrative processes related to document management, including lost item reporting, academic verification requests, and issuance of certificates. The entities are interconnected through their focus on administrative efficiency and support for students and staff.

## Lost Item Reporting as a central process

The entity 'Lost Item Reporting' is a key component of the community, focusing on the management of lost and found items. This process is crucial for maintaining trust and accountability within the institution, as it directly impacts students and staff who may lose personal belongings. The relationship between this entity and the document management processes highlights the importance of effective communication and operational efficiency in handling such matters. [Data: Entities (1694); Relationships (2273)]

## Academic Verification Requests

The entity 'Academic Verification Requests' plays a significant role in validating the academic credentials of students and alumni. This process is essential for ensuring that the institution's records are accurate and reliable, which is vital for both current students seeking employment and alumni pursuing further education. The connection between this entity and the issuance of identification cards emphasizes the importance of proper documentation in academic and professional settings. [Data: Entities (1697); Relationships (2276, 2274)]

## Certificate Issuance Support

The 'Certificate Issuance Support' entity is responsible for assisting members of the institution in obtaining necessary certificates. This function is critical for students and staff who require official documentation for various purposes, such as job applications or further studies. The relationship between this entity and the lost item reporting process indicates a broader focus on administrative support and efficiency within the community. [Data: Entities (1696); Relationships (2270)]

## ID Card Issuance

The 'ID Card Issuance' entity is vital for providing identification to members of the institution. This process is not only important for security and access control but also serves as a key component in various administrative functions, such as academic verification. The interconnections with other entities highlight the importance of having a streamlined process for issuing identification to enhance operational efficiency. [Data: Entities (1695); Relationships (2274)]

## Administrative Improvement Initiatives

The entity focused on 'Administrative Improvement Initiatives' aims to gather and analyze information to enhance support for individual students. This proactive approach is essential for identifying areas of improvement within the institution's administrative processes, ensuring that the needs of students are met effectively. The relationship with certificate issuance indicates a commitment to continuous improvement in administrative functions. [Data: Entities (1692); Relationships (2267)]",6.5
1466,Scholarship Regulations Community,0.0027662517289073307,"# Scholarship Regulations Community

The community is centered around the scholarship regulations, specifically Articles 4, 14, 15, and 16, which outline the allocation and selection processes for scholarship recipients. These articles are interconnected through various relationships, including significant dates and procedural guidelines.

## Interconnectedness of Scholarship Articles

The scholarship regulations consist of several articles that are interrelated, particularly Articles 4, 14, 15, and 16. Article 14 outlines the allocation of scholarship recipients, while Article 15 details the selection process. Article 4 serves as a foundational document that encompasses both allocation and selection procedures, indicating a structured approach to scholarship management. The relationships between these articles highlight their collective importance in ensuring fair and efficient scholarship distribution. [Data: Entities (3677, 3678, 3679, 3680); Relationships (5191, 5194, 5196, 5193)]

## Significance of Key Dates

Key dates such as '2015. 10. 27' and '2017. 3. 2' are associated with the scholarship regulations, particularly Articles 14 and 15. These dates may represent critical milestones in the implementation or revision of the scholarship policies. Understanding these dates is essential for tracking the evolution of the regulations and their impact on scholarship management. The relationships linking these dates to specific articles underscore their relevance in the regulatory framework. [Data: Relationships (5194, 5195)]

## Role of Article 4 in Scholarship Management

Article 4 serves as a comprehensive guideline for the scholarship allocation and selection processes. It includes provisions that are essential for the effective operation of the scholarship system, such as the establishment of criteria for selecting recipients. The interrelation of Article 4 with Articles 14 and 16 indicates its foundational role in the overall scholarship framework, ensuring that the processes are both transparent and equitable. [Data: Entities (3677, 3680); Relationships (5191, 5193)]

## Operational Guidelines in Article 16

Article 16 introduces the role of scholarship advisors, who are responsible for the individual counseling of students to ensure appropriate selection and management of scholarship recipients. This article emphasizes the importance of personalized support in the scholarship process, which can enhance the effectiveness of the program. The relationship between Article 16 and Article 4 further illustrates the operational aspects of scholarship management, highlighting the need for structured guidance. [Data: Entities (3680); Relationships (5193)]",6.0
73,Academic Grading System and Distribution Ratios,0.0027662517289073307,"# Academic Grading System and Distribution Ratios

The community focuses on the academic grading system, specifically the distribution ratios of various grades such as A⁺, B⁺, and D⁺. The entities are interconnected through the regulations governing grade distributions, which are critical for academic evaluation.

## Centrality of 배분비율 in grading regulations

The entity 배분비율 serves as the central figure in this community, encapsulating the regulations regarding grade distributions. This entity connects various grade classifications, indicating its significance in the academic grading framework. The relationships it holds with grades like A⁺, B⁺, and D⁺ highlight its role in determining how students' performances are evaluated. The implications of these regulations can affect students' academic trajectories and institutional policies. [Data: Entities (2148), Relationships (2847, 2849, 2853, 2848, 2850, +more)]

## Importance of B⁺ grade designation

The B⁺ grade designation is crucial within the grading system, representing a score range of 85 to 89 points, which translates to a GPA of 3.5. Its distribution ratio is significant as it reflects the academic standards and expectations set by educational institutions. The relationship between 배분비율 and B⁺ indicates that this grade is not only a measure of student performance but also a benchmark for academic success. Understanding its implications can help in assessing student outcomes and institutional effectiveness. [Data: Entities (2151), Relationships (2849)]

## Role of D⁺ in academic evaluation

The D⁺ grade classification, corresponding to a score range of 65 to 69 points and a GPA of 1.5, plays a significant role in the academic evaluation process. Its distribution ratio is tied to the criteria for passing or failing courses, making it a critical point of analysis for both students and educators. The relationship with 배분비율 emphasizes the importance of understanding how lower grades impact overall academic performance and progression. [Data: Entities (2155), Relationships (2853)]

## Interconnectedness of grade classifications

The community showcases a network of grade classifications, including A⁰, B⁰, C⁰, and D⁰, all linked to the central entity 배분비율. This interconnectedness illustrates how various grades are governed by the same regulatory framework, which is essential for maintaining consistency in academic evaluations. The relationships among these grades highlight the importance of a cohesive grading system that can adapt to educational needs and standards. [Data: Entities (2150, 2152, 2154, 2156), Relationships (2848, 2850, 2852, 2854)]

## Timestamp significance in grading regulations

The entity 11:28 indicates the time at which the grading recognition criteria were documented, suggesting a formalization of the grading regulations. This timestamp can be significant for understanding the historical context of the grading system and any changes that may have occurred over time. The relationship with 배분비율 underscores the importance of maintaining accurate records in academic settings to ensure transparency and accountability in grading practices. [Data: Entities (2158), Relationships (2857)]",6.0
1462,Regulatory Changes and Implementation Dates,0.0027662517289073307,"# Regulatory Changes and Implementation Dates

This community focuses on the regulatory changes set to take effect on specific dates in 2024, particularly the regulations associated with the entities '부칙 (시행일) 2024년 1월 25일' and '부칙 (시행일) 2024년 8월 30일'. The relationships between these entities indicate a structured timeline for the implementation of educational regulations.

## Implementation dates for new regulations

The community is centered around two key regulations with specific implementation dates: January 25, 2024, and August 30, 2024. The first regulation, '부칙 (시행일) 2024년 1월 25일', is set to take effect on the earlier date, while the second regulation, '부칙 (시행일) 2024년 8월 30일', follows later in the year. These dates are critical for stakeholders in the educational sector, as they will need to prepare for compliance with the new rules. The relationship between these two regulations indicates that the first regulation may influence the implementation of the second, suggesting a phased approach to regulatory changes. [Data: Entities (3442, 3443); Relationships (4791)]

## Interconnectedness of regulations

The relationship between '부칙 (시행일) 2024년 1월 25일' and '부칙 (시행일) 2024년 8월 30일' highlights the interconnected nature of these regulations. The first regulation is stated to impact the second, indicating that changes made in January may set the stage for further adjustments in August. This interconnectedness is crucial for understanding how educational institutions will need to adapt their policies and practices in response to these regulations. Stakeholders must be aware of this relationship to ensure compliance and effective implementation of the new rules. [Data: Relationships (4791)]

## Specific provisions outlined in the regulations

The regulations include specific provisions that are essential for educational institutions to understand. For instance, '제 5 장 제 27 조' outlines that certain educational business amounts will be applicable from February 24, 2022. This provision is linked to the '부칙 (시행일) 2024년 8월 30일', indicating that prior regulations may influence the upcoming changes. Understanding these provisions is vital for compliance and operational adjustments within educational institutions. [Data: Entities (4520); Relationships (6418)]

## Potential impact on educational practices

The upcoming regulations are likely to have a significant impact on educational practices and policies. As institutions prepare for the changes set to take effect in January and August 2024, they will need to assess their current practices and make necessary adjustments to align with the new regulations. This could involve training staff, updating curricula, and ensuring that all stakeholders are informed about the changes. The potential for disruption during the transition period underscores the importance of proactive planning and communication within educational communities. [Data: Entities (3442, 3443, 4520); Relationships (4791, 6418)]",6.0
902,Educational Program Development Community,0.0013831258644536654,"# Educational Program Development Community

The community focuses on the development and support of educational programs, particularly for adult learners and faculty training. Key entities are interconnected through their emphasis on enhancing teaching capabilities and student learning outcomes, with significant content located on page 24.

## Interconnectedness of educational programs

The entities within this community are closely related, focusing on various aspects of educational program development. For instance, the '교수교육역량 및 학생학습역량' entity emphasizes strengthening both faculty and student learning capabilities, indicating a holistic approach to education. This interconnectedness suggests that improvements in one area can positively impact others, enhancing overall educational outcomes. [Data: Entities (1111, 1113); Relationships (1611, 1614)]

## Focus on adult learners and working professionals

The '성인학습자 및 재직자 대상 프로그램' entity highlights the community's commitment to developing programs specifically for adult learners and working professionals. This focus is crucial as it addresses the unique needs of these groups, potentially leading to increased participation and success in educational programs. The relationship with other entities indicates a collaborative effort to create relevant and effective learning experiences. [Data: Entities (1113); Relationships (1617)]

## Emphasis on remote learning and educational media

The '원격수업 및 교육매체 활용' entity signifies the community's recognition of the importance of remote learning and the use of educational media. This is particularly relevant in today's educational landscape, where online learning has become increasingly prevalent. The relationship with page 24 suggests that detailed information on this topic is readily accessible, which could enhance the community's ability to adapt to changing educational needs. [Data: Entities (1112); Relationships (1616)]

## Program development for faculty training

The '교수역량 관련 내․외부 프로그램' entity indicates a focus on developing both internal and external programs aimed at enhancing faculty capabilities. This is essential for ensuring that educators are well-equipped to deliver high-quality instruction, which in turn benefits student learning. The relationship with '교수교육역량 및 학생학습역량' further emphasizes the importance of faculty development in the broader context of educational improvement. [Data: Entities (1114); Relationships (1614)]

## Strategic planning for student learning outcomes

The '학생학습역량 관련 기획' entity focuses on planning and analysis aimed at improving student learning outcomes. This strategic approach is vital for identifying areas of improvement and implementing effective solutions. The interconnectedness with other entities suggests a comprehensive strategy that aligns faculty development with student success initiatives, thereby enhancing the overall educational experience. [Data: Entities (1115); Relationships (1611)]",6.5
708,Graduate School Contract Department Regulations,0.0013831258644536654,"# Graduate School Contract Department Regulations

The community is centered around the regulations governing the Graduate School Contract Department, specifically focusing on student protection and industry-academic cooperation. The entities are interconnected through their regulatory framework, which outlines the responsibilities and protections for students in the event of program termination and the support for attracting talented students.

## Student Protection Regulations

The regulation outlined in Article 22 provides essential protections for students enrolled in contract departments in the event of program termination. This regulation ensures that students will continue to receive education from the relevant department until the end of their enrollment period, thereby safeguarding their academic progress and future opportunities. The relationship between this regulation and the overarching contract department regulations highlights the importance of student welfare in the academic framework. [Data: Entities (3539); Relationships (4964)]

## Industry-Academic Cooperation Support

Article 23 emphasizes the importance of industry-academic cooperation, which is crucial for enhancing the educational experience and attracting high-quality students. This regulation outlines the need for promotional activities and collaboration with industry partners, which can lead to better job placements and internships for students. The connection between this article and the broader regulations indicates a strategic approach to integrating academic programs with industry needs, thereby benefiting both students and educational institutions. [Data: Entities (3540); Relationships (4966)]

## Interconnectedness of Regulations

The relationships between Articles 22, 23, and 5 illustrate a cohesive regulatory framework that governs the operations of the Graduate School Contract Department. Article 5 serves as a foundational element that encompasses various aspects of the contract department's regulations, including student protection and industry cooperation. This interconnectedness is vital for ensuring that all regulations work in harmony to support the department's objectives and the students' interests. [Data: Entities (3541); Relationships (4964, 4966)]

## Regulatory Framework's Impact on Student Experience

The regulations governing the Graduate School Contract Department have a direct impact on the student experience, particularly in terms of security and opportunities for academic and professional growth. By ensuring that students are protected in the event of program changes and promoting collaboration with industry, these regulations contribute to a more stable and enriching educational environment. The implications of these regulations are significant for current and prospective students, as they shape the overall quality and reputation of the contract department. [Data: Entities (3539, 3540, 3541); Relationships (4964, 4966)]",6.0
906,Data-Driven University Education and Student Support,0.0013831258644536654,"# Data-Driven University Education and Student Support

The community focuses on data-driven research and analysis related to university education and student support. The key entities are interconnected through their emphasis on educational planning and evaluation, highlighting the importance of data in enhancing educational outcomes.

## Interconnection of Educational Research and Planning

The two key entities in this community, 'Data-Driven University Education and Student Support Research' and 'Curriculum Operation Plans and Self-Evaluation Reports', are closely related. The research entity focuses on data-driven investigations that inform educational practices, while the curriculum plans are essential for implementing these insights. This relationship underscores the importance of integrating research findings into practical educational frameworks, which can significantly impact student outcomes and institutional effectiveness. [Data: Entities (1092, 1091); Relationships (1587)]

## Significance of Data in Educational Improvement

The emphasis on data-driven research indicates a commitment to improving university education and student support through empirical evidence. This approach allows institutions to identify areas for improvement, assess the effectiveness of programs, and make informed decisions that enhance the educational experience. The relationship between the research and curriculum planning highlights the necessity of using data to guide educational strategies, which can lead to better resource allocation and student success. [Data: Entities (1092); Relationships (1589)]

## Potential for Policy Influence

The findings from the data-driven research can influence educational policies at various levels. By providing evidence-based recommendations, the community can advocate for changes that enhance educational quality and student support services. This potential for policy influence is significant, as it can lead to systemic changes that benefit a larger population of students and educational institutions. The interconnectedness of research and planning suggests a pathway for translating data insights into actionable policies. [Data: Relationships (1587, 1589)]

## Focus on Self-Evaluation and Continuous Improvement

The inclusion of self-evaluation reports in the community indicates a focus on accountability and continuous improvement within educational institutions. These reports serve as a mechanism for assessing the effectiveness of educational programs and identifying areas for enhancement. By integrating self-evaluation with data-driven research, institutions can create a culture of reflection and growth, ultimately leading to improved educational outcomes for students. [Data: Entities (1091); Relationships (1587)]",6.0
884,사업단 운영위원회 and Related Entities,0.0013831258644536654,"# 사업단 운영위원회 and Related Entities

The community is centered around the 사업단 운영위원회 (Project Committee), which oversees various operational plans, regulations, budgets, and performance evaluations related to the SW-centered university project. The committee's relationships with its associated entities highlight its comprehensive role in governance and oversight.

## Central role of 사업단 운영위원회

The 사업단 운영위원회 is the primary entity in this community, responsible for deliberating on critical aspects of the SW-centered university project. This committee's decisions directly influence the operational plans, regulations, budgets, and performance evaluations, making it a pivotal player in the project's success. The interconnectedness of its relationships with other entities indicates a structured governance model that is essential for effective project management. [Data: Entities (9061); Relationships (15087, 15088, 15089, 15090)]

## Oversight of 사업 운영계획

The 사업 운영계획 (Operational Plan) is a key focus of the 사업단 운영위원회, which reviews and approves the plans necessary for the project's execution. This oversight ensures that the project aligns with its strategic goals and objectives, thereby enhancing the likelihood of successful outcomes. The committee's authority in this area underscores its importance in shaping the direction of the project. [Data: Entities (9063); Relationships (15087)]

## Regulatory framework through 사업 관련 규정 및 내규

The 사업 관련 규정 및 내규 (Regulations and Internal Rules) are critical components that the 사업단 운영위원회 reviews and amends. This regulatory framework is essential for maintaining compliance and ensuring that the project adheres to established standards and practices. The committee's role in this area highlights its responsibility in governance and risk management within the project. [Data: Entities (9064); Relationships (15088)]

## Financial oversight via 사업 예산 및 결산

The 사업 예산 및 결산 (Budget and Financial Statements) are subject to scrutiny by the 사업단 운영위원회, which plays a vital role in financial governance. By reviewing the budget and financial outcomes, the committee ensures that resources are allocated effectively and that the project remains financially viable. This oversight is crucial for the sustainability of the project and for maintaining stakeholder confidence. [Data: Entities (9065); Relationships (15089)]

## Performance evaluation through 사업 성과 분석·평가·환류

The 사업 성과 분석·평가·환류 (Performance Analysis, Evaluation, and Feedback) is another critical area overseen by the 사업단 운영위원회. This process allows for the assessment of project outcomes and the implementation of improvements based on feedback. The committee's involvement in performance evaluation is essential for continuous improvement and for ensuring that the project meets its intended goals. [Data: Entities (9066); Relationships (15090)]",6.0
541,Regulatory Framework for Enrollment Reduction and Department Improvement,0.0013831258644536654,"# Regulatory Framework for Enrollment Reduction and Department Improvement

The community is centered around regulations concerning enrollment reduction and department improvement, specifically focusing on the provisions outlined in Articles 6 and 7 of the relevant guidelines. These articles are interconnected through their relationship with the 3-3-66 specialized department evaluation, which plays a crucial role in the implementation of these regulations.

## Article 6: Enrollment Reduction Suspension and Department Improvement

Article 6 outlines the procedures for suspending enrollment reduction and establishing improvement plans for departments. This regulation is significant as it directly affects the operational capacity of academic departments, potentially influencing student enrollment and academic quality. The annual notifications regarding this article ensure that departments are kept informed about their status and necessary improvements, which can impact their funding and resources. [Data: Entities (4098, 4100); Relationships (5806)]

## Article 7: Designation Release for Enrollment Reduction

Article 7 addresses the release of departments from being designated for enrollment reduction. This provision is critical as it allows departments to regain stability and potentially improve their academic offerings. The relationship between this article and the 3-3-66 specialized department evaluation indicates that evaluations play a key role in determining which departments may be affected by enrollment policies. The implications of this article can significantly affect departmental resources and student opportunities. [Data: Entities (4099, 4100); Relationships (5808)]

## Interconnection of Articles 6 and 7 with 3-3-66 Evaluation

Both Articles 6 and 7 are part of the broader framework established by the 3-3-66 specialized department evaluation. This evaluation serves as a basis for assessing departmental performance and determining the necessity of enrollment reductions or improvements. The interconnectedness of these articles highlights the importance of regular evaluations in maintaining academic standards and ensuring that departments are responsive to changing educational needs. [Data: Entities (4098, 4099, 4100); Relationships (5806, 5808)]

## Potential Impact on Academic Programs

The regulations surrounding enrollment reduction and department improvement have significant implications for academic programs. Departments facing enrollment reductions may struggle to maintain their programs, leading to potential cuts in courses or faculty. This can affect the quality of education provided to students and may lead to decreased enrollment in the long term. The community's focus on these regulations indicates a need for careful monitoring and support for affected departments. [Data: Entities (4098, 4099, 4100); Relationships (5806, 5808)]",6.0
746,Employee Performance Evaluation Regulations,0.0013831258644536654,"# Employee Performance Evaluation Regulations

The community focuses on the regulations surrounding employee performance evaluations, specifically detailing the contents of Chapter 5 and Article 26. These entities are interconnected, with Article 26 elaborating on the provisions outlined in Chapter 5, indicating a structured approach to employee assessment.

## Chapter 5 outlines performance evaluation regulations

Chapter 5 of the employee regulations provides a comprehensive overview of the performance evaluation process and related duties. This chapter serves as a foundational document for understanding how employee performance is assessed within the organization. The details included in this chapter are crucial for ensuring that evaluations are conducted fairly and consistently, which can significantly impact employee morale and productivity. [Data: Entities (6293)]

## Article 26 specifies additional evaluation criteria

Article 26 of the regulations explicitly states that additional criteria for performance evaluations will be defined separately. This suggests that there may be evolving standards or specific metrics that are not covered in Chapter 5, which could lead to variations in how evaluations are perceived and executed. The inclusion of deleted content in this article also raises questions about the transparency and consistency of the evaluation process. [Data: Entities (6294)]

## Interrelationship between Chapter 5 and Article 26

The relationship between Chapter 5 and Article 26 is significant, as Article 26 serves to clarify and expand upon the guidelines set forth in Chapter 5. This connection indicates a layered approach to performance evaluations, where foundational principles are supplemented by more specific directives. Understanding this relationship is essential for stakeholders to navigate the complexities of employee evaluations effectively. [Data: Relationships (9910)]

## Potential implications of performance evaluation regulations

The regulations surrounding performance evaluations can have far-reaching implications for employee engagement and organizational culture. Clear and fair evaluation processes are critical for fostering a positive work environment, while ambiguous or poorly defined criteria can lead to dissatisfaction and disputes. The community's focus on these regulations highlights the importance of maintaining clarity and fairness in employee assessments. [Data: Entities (6293, 6294); Relationships (9910)]",4.0
1450,Thesis Qualification Examination Community,0.0013831258644536654,"# Thesis Qualification Examination Community

The community focuses on the processes surrounding the thesis or work submission qualification examination, including its planning, execution, and reporting. The entities are interconnected through their roles in establishing and managing the examination process, indicating a structured approach to academic qualifications.

## Thesis Qualification Examination Execution and Reporting

The entity '논문 또는 작품제출 자격시험 시행 및 결과 보고' is responsible for executing the thesis qualification examination and reporting the results. This process is critical as it determines whether candidates meet the necessary criteria to proceed with their academic work. The execution and reporting are foundational to maintaining academic standards and integrity within the educational institution. The relationship with '페이지 77' indicates that specific documentation is involved in this process, highlighting the importance of formal reporting in academic qualifications. [Data: Entities (1995); Relationships (2614)]

## Planning of the Thesis Qualification Examination

The entity '논문 또는 작품제출 자격시험 본계획 수립' is focused on establishing the main plan for the thesis qualification examination. This planning phase is essential as it outlines the criteria, procedures, and timelines for the examination process. The relationship with '논문 또는 작품제출 자격시험에 관한 사항' shows that the planning is closely related to the specific matters concerning the examination, ensuring that all aspects are considered before implementation. This structured approach is vital for the smooth operation of the examination process. [Data: Entities (1994); Relationships (2610)]

## Interconnectedness of Examination Processes

The relationships among the entities indicate a well-defined structure in the examination processes. For instance, the relationship between '논문 또는 작품제출 자격시험 본계획 수립' and '논문 또는 작품제출 자격시험 시행 및 결과 보고' suggests that the planning directly influences the execution and reporting of the examination. This interconnectedness ensures that all phases of the qualification examination are aligned and that the outcomes are consistent with the established criteria. Such coherence is crucial for maintaining the credibility of the academic institution. [Data: Relationships (2612)]

## Documentation and Reporting Importance

The reference to '페이지 77' in the context of the examination execution and reporting highlights the significance of documentation in the qualification process. Proper documentation is essential for transparency and accountability, ensuring that all actions taken during the examination are recorded and can be reviewed if necessary. This aspect of the community emphasizes the importance of maintaining thorough records to uphold academic standards and facilitate future evaluations. [Data: Relationships (2614)]",4.0
1223,Collaboration Incentives and Evaluation Criteria,0.0013831258644536654,"# Collaboration Incentives and Evaluation Criteria

The community focuses on the collaboration incentives and evaluation criteria for family company recruitment, highlighting the relationship between the incentive of a 20% score increase and the evaluation standards outlined in the 3-3-14 family company recruitment criteria document.

## Collaboration Incentive of 20%

The entity '가점 20% 부여' represents a significant incentive for collaboration with other universities, offering a 20% score increase. This incentive is crucial for institutions looking to enhance their recruitment strategies and attract family companies. The potential for increased collaboration could lead to a more competitive environment among universities, influencing their recruitment policies and partnerships. [Data: Entities (4455)]

## Evaluation Criteria for Family Company Recruitment

The entity '3-3-14 가족회사유치 평가 기준' outlines the evaluation criteria related to family company recruitment. This document serves as a guideline for assessing potential family companies and their alignment with institutional goals. Understanding these criteria is essential for universities aiming to improve their recruitment processes and ensure they meet the necessary standards for collaboration. [Data: Entities (4457)]

## Interconnection of Incentives and Evaluation Criteria

The relationship between '가점 20% 부여' and '3-3-14 가족회사유치 평가 기준' indicates that the 20% score increase for collaboration is included within the evaluation criteria. This connection highlights the importance of collaboration in the recruitment process and suggests that universities may prioritize partnerships that enhance their evaluation scores. The combined degree of 4 signifies a strong link between these two entities, emphasizing their relevance in recruitment strategies. [Data: Relationships (6321)]",4.0
1065,National Scholarship and Payment Date,0.0013831258644536654,"# National Scholarship and Payment Date

The community centers around the National Scholarship, which is established by the government or local authorities, and its payment date set for July 27, 2020. The relationship between these entities highlights the importance of the scholarship program and its timeline.

## National Scholarship as a key entity

The National Scholarship is a crucial entity in this community, representing various scholarships funded by the government or local authorities. This program plays a vital role in providing financial assistance to students, which can significantly impact their educational opportunities. The existence of such scholarships indicates a commitment to supporting education and reducing financial barriers for students. [Data: Entities (3666)]

## Importance of the payment date

The payment date of July 27, 2020, is a significant milestone for the National Scholarship program. This date marks when eligible students can expect to receive their financial aid, which is essential for planning their educational expenses. Timely payments are critical for students relying on these funds to cover tuition and other costs, thus affecting their academic journey. [Data: Entities (3670), Relationships (5181)]

## Relationship between scholarship and payment date

The relationship between the National Scholarship and its payment date underscores the operational aspects of the scholarship program. The connection indicates that the payment date is directly tied to the disbursement of funds, which is crucial for the effective functioning of the scholarship initiative. Understanding this relationship helps in assessing the program's efficiency and its impact on students. [Data: Relationships (5181)]",4.0
13,Hansung University Community Overview,0.5961272475795297,"# Hansung University Community Overview

The community surrounding Hansung University comprises various entities, including academic departments, regulations, and committees that collectively contribute to the university's mission of education and research. These entities are interconnected through regulations that govern student rights, academic success strategies, and operational guidelines, reflecting a structured approach to higher education.

## Diverse Academic Programs

Hansung University offers a wide range of academic programs, including specialized departments such as the Department of Interior Design, Department of Literary and Cultural Content, and Smart Manufacturing Innovation Consulting Department. These programs are designed to equip students with the necessary skills and knowledge to excel in their respective fields, thereby enhancing the university's educational offerings. The diversity of programs reflects the university's commitment to providing comprehensive education that meets the needs of various industries and student interests [Data: Entities (5441, 2440, 5535); Relationships (8458, 8464, 8463)].

## Regulatory Framework for Student Rights

The university has established a regulatory framework aimed at protecting the rights of students, particularly through documents like the 'Graduate Student Rights and Obligations Charter.' This framework is crucial for ensuring that students are aware of their rights and the processes available for addressing grievances. Such regulations not only promote a fair academic environment but also enhance the overall student experience at Hansung University [Data: Entities (5073); Relationships (7542)].

## Commitment to Student Success

Hansung University has implemented various strategies to promote student success, as outlined in the 'Student Success Strategy' document. This includes initiatives aimed at enhancing academic performance and providing support services that cater to the diverse needs of students. The university's focus on student success is indicative of its broader mission to foster an environment conducive to learning and personal development [Data: Entities (6653); Relationships (10529)].

## Operational Guidelines for Faculty and Staff

The university has established operational guidelines for faculty and staff, including the 'Regulations for Contract Employees' and 'Facility Management Regulations.' These guidelines ensure that the university operates efficiently and that staff members are aware of their roles and responsibilities. Such regulations are essential for maintaining a structured and effective educational environment [Data: Entities (700, 8701); Relationships (1120, 14365)].

## Financial Support and Scholarships

Hansung University offers various scholarships, such as the Development Fund Scholarship and the Future of Hansung Scholarship, aimed at supporting students financially. These scholarships are crucial for enabling students from diverse backgrounds to access higher education and succeed academically. The availability of financial support reflects the university's commitment to inclusivity and student welfare [Data: Entities (3660, 3661); Relationships (5170, 5171)].",7.5
444,Hanseong University Regulations and Guidelines,0.1396957123098202,"# Hanseong University Regulations and Guidelines

The community encompasses various regulations and guidelines associated with Hanseong University, including student conduct, academic programs, and faculty appointments. The entities are interconnected through their references to specific pages and provisions, indicating a structured framework governing the university's operations.

## Comprehensive regulatory framework

Hanseong University has established a comprehensive regulatory framework that governs various aspects of university life, including student conduct, academic programs, and faculty appointments. This framework is crucial for maintaining order and ensuring compliance with educational standards. The regulations cover a wide range of topics, from student behavior as outlined in the '3-4-1 학생준칙' to faculty compensation in the '강사임용규정 제 21 조', indicating a well-structured approach to governance. [Data: Entities (8849, 6791, 8840); Relationships (14626, 10804, 2863)]

## Student conduct regulations

The '3-4-1 학생준칙' outlines specific behavioral expectations for students, including provisions for participation in extracurricular activities and academic integrity. These regulations are essential for fostering a positive educational environment and ensuring that students adhere to the university's standards. The guidelines also include restrictions on student activities during exam periods, which are designed to minimize distractions and maintain academic focus. [Data: Entities (8849); Relationships (14626, 14620, 14624)]

## Faculty appointment and compensation guidelines

The university has detailed regulations regarding faculty appointments and compensation, as seen in the '강사임용규정 제 21 조'. These guidelines ensure that faculty members are compensated fairly based on their teaching hours and contractual agreements. This structure is vital for attracting and retaining qualified educators, which directly impacts the quality of education provided to students. [Data: Entities (6791); Relationships (10804, 5625)]

## Intellectual property obligations

The '제 14 조 발명자의 의무' outlines the obligations of inventors within the university regarding the management of intellectual property. This regulation is significant as it ensures that the university can effectively manage and protect its intellectual assets, which is crucial for fostering innovation and research. Compliance with these obligations is essential for maintaining the university's reputation and legal standing. [Data: Entities (6377); Relationships (10032)]

## Student success initiatives

The establishment of the '한성인재개발단' and '학생성공센터' reflects the university's commitment to supporting student success through various initiatives. These entities are designed to provide resources and guidance for students in areas such as career development and academic support. Their existence highlights the university's proactive approach to enhancing the overall student experience and ensuring that students achieve their academic and professional goals. [Data: Entities (6658, 6659); Relationships (10556, 10557)]",6.5
359,Degree Application Community at Hansung University,0.019363762102351315,"# Degree Application Community at Hansung University

The community centers around the degree application process at Hansung University, involving key entities such as the applicant (신청인), the Educational Innovation Center, and the university president. The relationships among these entities highlight the procedural and administrative aspects of degree conferral, emphasizing the roles of various stakeholders in the application process.

## Role of the Applicant (신청인)

The applicant (신청인) is a central figure in the degree application process, responsible for submitting the degree application form and representing the Educational Innovation Center. This role is crucial as the applicant must navigate various administrative requirements and ensure compliance with institutional regulations. The applicant's responsibilities include completing the degree application consent form and providing personal information, which is essential for the processing of the application. The applicant's position as the head of the Educational Innovation Center further emphasizes their authority and responsibility in this context [Data: Entities (4681, 6232); Relationships (6770, 6797, 6798, 6806)].

## Significance of the Degree Application Consent Form (학위 신청 동의서)

The degree application consent form (학위 신청 동의서) is a pivotal document in the degree application process, serving as the formal request for academic recognition. It is directly linked to the applicant and includes essential information such as the applicant's personal details and the date of submission. The form's completion is a prerequisite for the approval of degree applications by the university president and the Minister of Education, highlighting its importance in the administrative workflow. The relationships indicate that the form must be submitted by the applicant and is subject to verification by various authorities [Data: Entities (4680); Relationships (6770, 6774, 6797, 6771, 6772)].

## Administrative Oversight by the University President (한성대학교 총장)

The president of Hansung University plays a critical role in the degree application process, acting as the final authority for approving applications. This position involves receiving applications from the applicant and ensuring that all submissions comply with institutional regulations. The president is also responsible for handling public interest reports, which adds an ethical dimension to their role. This oversight is essential for maintaining the integrity of the degree conferral process and ensuring that all applicants are treated fairly [Data: Entities (4699); Relationships (6797, 14569)].

## Approval Authority of the Minister of Education (교육부장관)

The Minister of Education holds significant authority in the degree application process, specifically regarding the approval of applications. This role underscores the regulatory framework governing academic recognition and the importance of compliance with national educational standards. The minister's involvement ensures that the degree conferral process aligns with broader educational policies and regulations, impacting the overall academic landscape [Data: Entities (4682); Relationships (6771)].

## Importance of Key Dates in the Application Process

Key dates, such as '20 년 월 일' and '2021.5.24.', are critical reference points in the degree application process. These dates mark significant milestones, including the completion of evaluations and the submission of various forms. Understanding these timelines is essential for all stakeholders involved, as they dictate the procedural flow and deadlines that must be adhered to for successful degree conferral. The relationships highlight how these dates are interlinked with the actions of the applicant and the review committee [Data: Entities (4685, 4684); Relationships (16371, 6774)].",6.5
1323,한성미래연구센터 and Academic Financial Management,0.009681881051175657,"# 한성미래연구센터 and Academic Financial Management

The community is centered around the 한성미래연구센터 (Hansung Future Research Center) and its associated entities involved in academic financial management and research. The relationships among these entities highlight their collaborative efforts in budget planning, execution, and strategic decision-making within the university context.

## Central role of 한성미래연구센터

The 한성미래연구센터 serves as a pivotal entity in this community, focusing on data-driven strategic decision-making in higher education. This center is responsible for various research and statistical tasks that support the university's operational and financial strategies. Its ability to appoint research personnel enhances its capacity to influence academic policies and financial planning, making it a key player in the community's dynamics. The center's involvement in multiple financial management tasks indicates its significant role in shaping the university's financial landscape. [Data: Entities (1365), Relationships (2918, 1869, 1871, 1872, 1874, +more)]

## Interconnected financial management tasks

The community comprises several entities that are interconnected through their financial management responsibilities. Tasks such as 중장기 재정운영계획 수립 (long-term financial planning), 예산편성 및 집행지침 수립 (budget formulation and execution guidelines), and 학생등록금 및 교직원 보수 책정 (tuition and staff salary determination) are all critical for the university's financial health. The relationships among these entities indicate a collaborative approach to managing the university's finances, which is essential for maintaining operational stability and ensuring compliance with regulatory standards. [Data: Entities (1349, 1350, 1359), Relationships (1853, 1854, 1863)]

## Compliance with regulatory frameworks

The entities within this community operate under specific regulatory frameworks, such as the 위임전결규정 (Delegation of Authority Regulation), which outlines the responsibilities and authority of various roles in financial decision-making. This compliance is crucial for ensuring that financial operations are conducted within legal and institutional guidelines, thereby minimizing risks associated with financial mismanagement. The adherence to these regulations reflects the community's commitment to maintaining integrity and accountability in its financial practices. [Data: Relationships (1853, 1854, 1863)]

## Research capabilities of 학술연구원

The 학술연구원 (Academic Research Institute) plays a significant role in supporting the research initiatives of the 한성미래연구센터. Its focus on pure research and the ability to appoint research personnel enhances the center's operational capabilities. This collaboration is vital for advancing knowledge and fostering innovation within the academic community, which can lead to improved financial strategies and educational outcomes. The research conducted by this institute can inform budgetary decisions and strategic planning, thereby impacting the overall effectiveness of the university's financial management. [Data: Entities (2182), Relationships (2918)]

## Strategic investment planning

The community's focus on 대외사업에 대한 대응투자 전략수립 (strategic investment planning for external projects) indicates a proactive approach to financial management. This task is essential for ensuring that the university can respond effectively to external funding opportunities and challenges. By developing strategic investment plans, the community aims to enhance its financial resilience and adaptability in a changing educational landscape. This forward-thinking strategy is crucial for sustaining the university's growth and competitiveness. [Data: Entities (1370), Relationships (1876)]",7.5
652,Field Practice Semester System Community,0.008298755186721992,"# Field Practice Semester System Community

The community centers around the Field Practice Semester System (현장실습학기제), which is an educational program designed to enhance students' job competencies through practical training. Key entities include various forms of the program, training institutions, and students participating in the program, all interconnected to facilitate experiential learning.

## Central role of the Field Practice Semester System

The Field Practice Semester System (현장실습학기제) is the core entity of this community, designed to enhance students' job competencies through practical training. This program operates on a framework of industry-academic cooperation, allowing students to gain hands-on experience relevant to their fields of study. The program's structure is crucial for improving practical skills and ensuring that students receive academic recognition for their experiences, as outlined in the '3-3-50 현장실습학기제 운영규정' document [Data: Entities (4203); Relationships (5964, 5965, 5966, 5967, 5968, 5969, 5973, 5974)].

## Diverse forms of the program

The community includes various forms of the Field Practice Semester System, such as the Standard Field Practice Semester System (표준 현장실습학기제) and the Autonomous Field Practice Semester System (자율 현장실습학기제). These variations allow for flexibility in how practical training is conducted, catering to different educational needs and institutional capabilities. The existence of these forms indicates a structured approach to practical training, ensuring that students can engage in relevant experiences while adhering to established guidelines [Data: Entities (4204, 4205); Relationships (5965, 5966)].

## Importance of training institutions

Training institutions (현장실습기관) are essential to the Field Practice Semester System, providing the necessary environments for students to gain practical experience. These institutions include public organizations, research institutions, and industries, which play a vital role in the program's success. Their involvement ensures that students receive quality training that aligns with industry standards, thereby enhancing the overall effectiveness of the educational program [Data: Entities (4206); Relationships (5967)].

## Role of students in the program

Students (현장실습생) participating in the Field Practice Semester System are the primary beneficiaries of this community. They engage in practical training to gain experience relevant to their majors, which is crucial for their future employment prospects. The program's design emphasizes the importance of experiential learning, allowing students to apply theoretical knowledge in real-world settings, thus bridging the gap between education and industry [Data: Entities (4207); Relationships (5968)].

## Financial support for practical training

The community also encompasses financial aspects, such as the Practical Training Support Fund (현장실습지원비), which provides necessary funding for students during their training. This financial support is critical for ensuring that students can participate in the program without financial burden, thereby promoting inclusivity and accessibility within the educational framework [Data: Entities (4208); Relationships (5969)].

## Evaluation and attendance management

Attendance and evaluation management (출결 및 평가 관리) are integral components of the Field Practice Semester System, ensuring that students meet the necessary criteria for credit recognition. This aspect of the program is vital for maintaining academic standards and accountability, as it provides a structured approach to assessing student performance during their practical training [Data: Entities (4210); Relationships (5973)].

## Additional requirements for program operation

The community includes various necessary requirements (필요한 사항) for the effective operation of the Field Practice Semester System. These requirements ensure that all aspects of the program are adequately addressed, contributing to its overall success and sustainability. This structured approach highlights the importance of comprehensive planning in educational programs [Data: Entities (4211); Relationships (5974)].",7.5
1306,International Student Scholarships and TOPIK Proficiency,0.004149377593360996,"# International Student Scholarships and TOPIK Proficiency

The community focuses on the scholarship opportunities available for international students, particularly the '외국인 유학생 장학금' and its relationship with the TOPIK language proficiency tests. The entities are interconnected through scholarship eligibility criteria based on language proficiency levels, which significantly impact the financial support available to students.

## The significance of the '외국인 유학생 장학금'

'외국인 유학생 장학금' is a crucial scholarship for international students who have completed their high school education abroad. This scholarship not only provides financial support but also enhances the educational experience of students enrolled at the university. The scholarship's criteria are detailed in scholarship-related documents, emphasizing its importance in attracting and supporting international talent [Data: Entities (3658); Relationships (5332)].

## TOPIK 4급 as a pathway to financial support

Passing the TOPIK 4급 exam is a significant milestone for non-native speakers, as it qualifies students for a 50% reduction in tuition fees. This reduction is a vital aspect of the financial support system for international students, linking language proficiency directly to economic benefits. The conditions for this reduction are outlined in specific documents, highlighting the importance of language skills in accessing educational resources [Data: Entities (3793); Relationships (5347)].

## TOPIK 3급's role in tuition fee reduction

Similar to TOPIK 4급, passing the TOPIK 3급 exam allows students to receive a 30% reduction in tuition fees. This serves as an additional incentive for students to improve their Korean language skills, thereby enhancing their academic experience and financial situation. The scholarship-related documents specify this condition, reinforcing the connection between language proficiency and financial aid [Data: Entities (3794); Relationships (5348)].

## TOPIK 5급 as a scholarship eligibility criterion

TOPIK 5급 is recognized as one of the conditions for receiving the '외국인 유학생 장학금'. This indicates that higher proficiency in the Korean language not only benefits students academically but also increases their chances of receiving substantial financial support. The relationship between TOPIK 5급 and the scholarship underscores the importance of language skills in the context of international education [Data: Entities (3792); Relationships (5338)].

## Interconnectedness of scholarship and language proficiency

The relationships among the entities reveal a structured approach to supporting international students through language proficiency assessments. Each level of the TOPIK exam is tied to specific financial benefits, creating a clear pathway for students to follow. This interconnectedness highlights the university's commitment to fostering an inclusive environment for international students while ensuring they meet language proficiency standards [Data: Relationships (5332, 5347, 5348, 5338)].",7.5
393,Family Relationship Documentation Community,0.004149377593360996,"# Family Relationship Documentation Community

This community centers around essential documents related to family relationships, specifically the Family Relationship Certificate, and the Finance and Accounting Team's role in verifying dependent family members. The interconnectedness of these entities highlights their importance in administrative processes related to family benefits.

## Importance of the Family Relationship Certificate

The Family Relationship Certificate (가족관계증명서) is a vital document used for various purposes, including the provision of dependent family member benefits and matters related to pregnancy, childbirth, and parental leave. This certificate serves as a crucial verification tool for family relationships in legal and administrative contexts. Its significance is underscored by its requirement in multiple processes, indicating that any issues related to this document could have widespread implications for individuals seeking benefits or legal recognition of family ties. [Data: Entities (4782); Relationships (6971, 15145)]

## Role of the Finance and Accounting Team

The Finance and Accounting Team (재무회계팀) plays a critical role in managing financial tasks and verifying dependent family members through the collection of necessary documents. This team is responsible for ensuring that all financial processes are compliant with regulations, which includes the requirement of the Family Relationship Certificate for dependent verification. Their involvement in these processes highlights the importance of accurate documentation in financial and administrative operations. [Data: Entities (9100); Relationships (15145)]

## Interconnectedness of verification documents

The community includes several documents required for verifying dependent family members, such as the Family Relationship Certificate, Resident Registration Certificate (주민등록등본), and the Exclusion Certificate (제적등본). The Finance and Accounting Team may require these documents to confirm family relationships, indicating a structured approach to documentation in administrative processes. The interconnectedness of these documents suggests that any changes or issues with one could affect the others, potentially complicating verification processes. [Data: Entities (9101, 9102); Relationships (15146, 15147)]

## Legal implications of documentation requirements

The requirement for the Family Relationship Certificate and other related documents has significant legal implications, particularly in contexts such as maternity leave, parental leave, and other family-related benefits. The legal framework surrounding these documents ensures that individuals can access their rights and benefits, but it also places a burden on them to provide accurate and timely documentation. Any discrepancies or issues with these documents could lead to delays or denials of benefits, highlighting the importance of compliance and accuracy in this community. [Data: Relationships (6971)]",6.5
1186,2003학년도 and 학생정원운영,0.004149377593360996,"# 2003학년도 and 학생정원운영

The community centers around the 2003학년도, which marks the academic year of the implementation of the Woochon Scholarship and encompasses regulations regarding student enrollment. The relationship with 학생정원운영 highlights the operational rules for student enrollment prior to this academic year.

## Significance of the 2003학년도

The 2003학년도 is a pivotal entity in this community, representing the academic year when the Woochon Scholarship was introduced. This year is crucial for managing student enrollment and related matters for graduating students. The implementation of the scholarship during this year indicates a significant shift in academic funding and support, which could affect student retention and success rates. The relationship between this year and the operational rules for student enrollment is essential for understanding the broader implications on educational policies. [Data: Entities (3696)]

## Role of 학생정원운영 in enrollment management

학생정원운영 refers to the regulations governing student enrollment, which are critical for managing the number of students admitted to educational institutions. These regulations are particularly relevant for students who enrolled before the 2003학년도, as they dictate the operational framework for their academic journey. Understanding these rules is vital for assessing how they impact student experiences and institutional capacities. The relationship with the 2003학년도 underscores the historical context of these regulations and their ongoing relevance. [Data: Entities (5383), Relationships (8130)]

## Interconnection between academic years and enrollment policies

The relationship between 2003학년도 and 학생정원운영 illustrates the interconnectedness of academic years and enrollment policies. The regulations established for student enrollment prior to this academic year are crucial for understanding how changes in scholarship programs, like the Woochon Scholarship, influence student demographics and institutional strategies. This connection highlights the importance of historical context in shaping current educational practices and policies. [Data: Relationships (8130)]

## Implications of the Woochon Scholarship

The introduction of the Woochon Scholarship during the 2003학년도 has significant implications for student support and financial aid. This scholarship aims to enhance educational opportunities for students, potentially increasing enrollment and retention rates. The relationship between the scholarship and the operational rules for student enrollment indicates a strategic approach to managing student resources and ensuring equitable access to education. Understanding the impact of such scholarships is essential for evaluating their effectiveness in promoting academic success. [Data: Entities (3696)]",4.0
1047,Information Systems Community,0.0027662517289073307,"# Information Systems Community

The Information Systems Community is centered around the Information Systems department, which oversees various technical operations including virtualization, software management, and educational resources. The entities are interconnected through their roles in supporting the infrastructure and services necessary for effective information system management.

## Central role of Information Systems department

The Information Systems department is the core entity in this community, responsible for the design and management of information systems. It encompasses a wide range of functions including database management, web server operations, and technical support for various educational tools. This central role indicates that any issues within this department could significantly impact the overall functionality of the community's educational and operational capabilities. [Data: Entities (1853); Relationships (2448, 2449, 2450, 2451, 2452, 2453, 2454, 2455)]

## Interconnected technical operations

The Information Systems department is linked to several technical operations such as virtualization servers, public software management, and website operations. Each of these operations plays a vital role in ensuring that the information systems function smoothly. For instance, the management of virtualization servers is crucial for resource allocation and efficiency, while public software management ensures that the necessary tools are available for users. Any disruption in these areas could lead to significant operational challenges. [Data: Entities (1854, 1855, 1857); Relationships (2448, 2449, 2450)]

## Support for educational resources

The community also includes entities that manage educational resources such as classrooms and teaching equipment. The Information Systems department oversees the operation and management of public classrooms and educational equipment, which are essential for delivering quality education. This connection highlights the importance of maintaining these resources to support the educational mission of the institution. [Data: Entities (1859, 1861, 1865); Relationships (2452, 2453)]

## Website management as a critical function

Website operations are a key function within the Information Systems community, providing essential information and resources to users. The technical support for website management ensures that the community's online presence is maintained, which is vital for communication and accessibility. Any issues in this area could hinder the community's ability to disseminate information effectively. [Data: Entities (1857); Relationships (2450)]

## Comprehensive management of communication networks

The management of the internal voice communication network is another critical aspect of the Information Systems community. This network facilitates communication within the institution, and its effective management is essential for operational efficiency. The Information Systems department's oversight of this network underscores its importance in maintaining smooth communication channels among staff and students. [Data: Entities (1858); Relationships (2451)]",7.5
81,Information Disclosure Procedures and Legal Framework,0.0027662517289073307,"# Information Disclosure Procedures and Legal Framework

This community encompasses various entities related to information disclosure procedures, particularly focusing on the legal frameworks and guidelines governing these processes. The relationships among the entities highlight the interconnectedness of legal provisions and procedural guidelines, emphasizing their collective importance in ensuring compliance and transparency.

## Centrality of Document 4페이지/4페이지

The entity '4페이지/4페이지' serves as a foundational document that outlines supplementary provisions and effective dates related to information disclosure. This document is crucial as it encapsulates the procedural guidelines necessary for compliance with legal standards. Its role in the community is significant, as it connects various legal provisions and procedures, indicating its importance in the overall framework of information management. [Data: Entities (5109); Relationships (7621)]

## Role of 제 13 조 공개절차 in Information Disclosure

The entity '제 13 조 공개절차' outlines the procedures for individuals to request confirmation and access to information held by authorities. This provision is essential for ensuring transparency and accountability in information management. Its relationship with specific dates indicates the procedural timelines that must be adhered to, further emphasizing its importance in the legal framework governing information disclosure. [Data: Entities (7980); Relationships (13064)]

## Interconnection with 제 4 장 처리 정보의 공개

The entity '제 4 장 처리 정보의 공개' details the procedures for the public disclosure of information. This section is directly linked to '제 13 조 공개절차', highlighting the procedural details necessary for compliance. The interconnectedness of these entities illustrates the layered approach to information management, where each section builds upon the previous one to create a comprehensive legal framework. [Data: Entities (7979); Relationships (13062)]

## Influence of 행정절차법 on Disclosure Procedures

The entity '행정절차법' serves as a legal reference that governs the procedures outlined in '제 13 조 공개절차'. This relationship underscores the importance of adhering to established legal standards when managing information disclosure. The influence of this law on the procedures indicates a structured approach to governance, ensuring that all actions taken are within the legal framework. [Data: Entities (7978); Relationships (13061)]",6.5
677,Research Environment and Operational Adequacy,0.0027662517289073307,"# Research Environment and Operational Adequacy

The community focuses on the evaluation of research institutions, particularly the adequacy of operations, research environment, personnel acquisition, and equipment status. The entities are interrelated, with operational adequacy being a critical factor in assessing the research environment, which in turn is influenced by the status of research personnel and equipment.

## Operational Adequacy as a Key Evaluative Factor

Operational adequacy is a crucial entity in this community, serving as a foundational assessment of the functionality and management of research institutions. It plays a significant role in determining the effectiveness of research environments, as it encompasses various operational aspects that can directly affect research outcomes. The relationship between operational adequacy and the research environment indicates that any deficiencies in operations could lead to suboptimal research conditions, impacting the overall productivity and innovation capacity of the institution. [Data: Entities (9672), Relationships (16141)]

## Research Environment's Influence on Personnel and Equipment

The research environment is a pivotal entity that evaluates the conditions under which research is conducted, including the status of personnel and equipment. This entity is essential for understanding how well research institutions can attract and retain qualified personnel, as well as maintain adequate equipment for research activities. The interconnections with personnel acquisition and equipment status highlight that improvements in the research environment can lead to better recruitment and resource management, ultimately enhancing research output. [Data: Entities (3590), Relationships (16142, 16143)]

## Personnel Acquisition Status as a Reflection of Research Capability

The status of personnel acquisition is a critical indicator of a research institution's capability to conduct effective research. It reflects the institution's ability to secure qualified researchers and support staff, which is essential for maintaining a competitive edge in research and innovation. The relationship with the research environment suggests that a positive research environment can facilitate better personnel acquisition, thereby enhancing the institution's overall research performance. [Data: Entities (9673), Relationships (16142)]

## Equipment Status and Its Impact on Research Activities

The status of research equipment is vital for the operational success of research institutions. Adequate and well-maintained equipment is necessary for conducting high-quality research, and any deficiencies can hinder research activities. The relationship with the research environment indicates that the availability and condition of equipment are directly influenced by the overall research environment, emphasizing the need for institutions to invest in both personnel and equipment to foster a productive research atmosphere. [Data: Entities (9675), Relationships (16143)]",6.5
503,Domestic Travel Expense Regulations Community,0.0027662517289073307,"# Domestic Travel Expense Regulations Community

This community is centered around the regulations governing domestic travel expenses, primarily outlined in the '3-1-11 국가여비규정' document. The entities are interconnected through various articles that specify payment amounts, restrictions, and conditions for travel reimbursements, indicating a structured approach to managing travel expenses within the organization.

## Centrality of '3-1-11 국가여비규정'

'3-1-11 국가여비규정' serves as the foundational document for the community, encompassing various regulations related to travel expenses. This document outlines critical guidelines, including payment limits and conditions for reimbursement, which are essential for ensuring compliance and proper financial management. The interconnectedness of other entities with this document highlights its significance in the community's structure. [Data: Entities (8106); Relationships (13257, 13249, 13251, 13253, 13255)]

## Regulations on payment amounts

The entity '제 15 조 지급액' details the specific payment amounts related to domestic travel expenses, indicating that these amounts are determined separately by the president. This regulation is crucial for maintaining transparency and consistency in travel reimbursements, which can impact employee satisfaction and organizational trust. The relationship with the '3-1-11 국가여비규정' further emphasizes its role in the broader regulatory framework. [Data: Entities (8105); Relationships (13257)]

## Restrictions on travel reimbursements

'제 11 조 지급제한' outlines the conditions under which travel reimbursements may be denied, emphasizing the need for sufficient justification. This regulation is significant as it protects the organization from potential misuse of funds and ensures that reimbursements are only granted when appropriate documentation is provided. The relationship with the '3-1-11 국가여비규정' indicates that this restriction is part of a larger compliance strategy. [Data: Entities (8101); Relationships (13249)]

## Deletion of outdated regulations

'제 12 조 삭제' indicates the removal of a previous regulation, reflecting the community's adaptability and commitment to maintaining relevant and effective guidelines. This deletion is important for ensuring that the regulatory framework remains current and does not include obsolete provisions that could confuse or mislead stakeholders. The connection to the '3-1-11 국가여비규정' shows that this change is part of ongoing regulatory updates. [Data: Entities (8102); Relationships (13251)]

## Specifics on local travel reimbursements

'제 13 조 근무지내 출장' specifies the fixed amount for travel expenses within Seoul, which is crucial for budgeting and financial planning. This regulation ensures that employees are aware of the reimbursement limits, promoting fairness and clarity in the reimbursement process. The relationship with the '3-1-11 국가여비규정' highlights its role in the overall travel expense management strategy. [Data: Entities (8103); Relationships (13253)]

## Guidelines for nearby area travel

'제 14 조 근거리 출장' outlines reimbursement guidelines for travel to nearby areas, which is essential for employees traveling outside of Seoul. This regulation provides clarity on what expenses can be reimbursed, thus supporting employees in their travel planning. The connection to the '3-1-11 국가여비규정' reinforces its importance in the community's regulatory framework. [Data: Entities (8104); Relationships (13255)]",6.0
1385,Vehicle Maintenance and Compliance Regulations,0.0027662517289073307,"# Vehicle Maintenance and Compliance Regulations

This community focuses on the regulations surrounding vehicle maintenance, including inspection and penalties for delays. The key entities are interrelated through specific clauses that dictate the procedures and responsibilities involved in vehicle upkeep and compliance.

## Inspection Procedures as a Regulatory Requirement

The entity '검수' outlines the requirement for inspection before payment for goods related to vehicle maintenance. This regulation emphasizes the importance of ensuring that all items meet quality standards before they are accepted, which is crucial for maintaining safety and compliance in vehicle operations. The specific procedures and details are referenced in the purchasing regulations document, indicating a structured approach to compliance. [Data: Entities (6875); Relationships (10945)]

## Penalties for Delays in Contractual Obligations

The entity '지체상금' describes the penalties imposed on contractors for delays in fulfilling their obligations. This regulation serves as a deterrent against non-compliance and ensures that all parties adhere to their contractual commitments. The relationship between this entity and the inspection procedures highlights the interconnectedness of compliance measures within the vehicle maintenance community. [Data: Entities (6874); Relationships (10943)]

## Vehicle Maintenance Guidelines

The entity '차량정비' provides the regulations for vehicle maintenance and management. This is a critical component of the community as it sets the standards for how vehicles should be maintained to ensure safety and operational efficiency. The guidelines are essential for preventing accidents and ensuring that vehicles are roadworthy, thus impacting public safety. [Data: Entities (7711)]

## Importance of Required Parts for Maintenance

The entity '부속품' refers to the necessary parts required for vehicle maintenance. This highlights the importance of using appropriate and compliant parts in the maintenance process. The relationship with the vehicle maintenance guidelines indicates that adherence to these regulations is vital for effective vehicle upkeep and compliance with safety standards. [Data: Entities (7713); Relationships (12605)]",4.5
1554,Student Admission Committee Structure,0.0027662517289073307,"# Student Admission Committee Structure

The community is centered around the Student Admission Committee, which includes key roles such as the Chairperson and the Head of Admission Management. These entities are interconnected through their responsibilities in managing the committee's operations and ensuring compliance with the relevant regulations.

## Central role of the Student Admission Committee

The Student Admission Committee is a pivotal entity in this community, responsible for overseeing the admissions process. This committee's structure and operations are crucial for ensuring that admissions are conducted fairly and in accordance with established guidelines. The committee's decisions can have far-reaching implications for students and the educational institution, making its role significant in the broader context of student admissions. [Data: Entities (3947); Relationships (5545, 5547)]

## Chairperson's leadership role

The Chairperson of the Student Admission Committee plays a vital role in guiding the committee's activities. This position involves not only leadership but also accountability for the committee's decisions and operations. The effectiveness of the Chairperson can directly influence the committee's performance and the integrity of the admissions process, highlighting the importance of this role within the community. [Data: Entities (3942); Relationships (5545)]

## Head of Admission Management's responsibilities

The Head of Admission Management is a key member of the Student Admission Committee, serving as a permanent member of the committee. This role is essential for managing the admissions process and ensuring compliance with relevant regulations. The Head's involvement in the committee underscores the importance of administrative oversight in maintaining the integrity of the admissions process. [Data: Entities (3944); Relationships (5547)]

## Interconnectedness of committee roles

The relationships among the committee members, including the Chairperson and the Head of Admission Management, illustrate a well-defined structure that supports effective decision-making. Each member's role is interconnected, contributing to the overall functionality of the committee. This interconnectedness is crucial for ensuring that the committee operates smoothly and effectively addresses any challenges that arise during the admissions process. [Data: Relationships (5545, 5547)]

## Regulatory compliance and operational guidelines

The Student Admission Committee operates under specific regulations and guidelines, as indicated by the reference to the operational rules outlined in the relevant documents. Compliance with these regulations is essential for maintaining the integrity of the admissions process and ensuring that all candidates are evaluated fairly. The committee's adherence to these guidelines reflects its commitment to transparency and accountability in student admissions. [Data: Entities (3947); Relationships (5553)]",4.0
426,Healthcare Operations and Emergency Services,0.0013831258644536654,"# Healthcare Operations and Emergency Services

The community focuses on various healthcare operations, including emergency care, medical referrals, health consultations, and emergency medication support. The entities are interconnected, with the main entity encompassing all aspects of healthcare operations, highlighting their collective importance in patient care.

## Central role of healthcare operations

The entity '진료업무에 관한 사항' serves as the central hub for various healthcare operations, including emergency care, medical referrals, health consultations, and emergency medication support. This entity's comprehensive nature indicates its significance in ensuring effective patient care and response to emergencies. The interconnectedness of these operations suggests that any disruption in one area could have cascading effects on overall healthcare delivery. [Data: Entities (1767), Relationships (2344, 2345, 2346)]

## Emergency care and medical referrals

The relationship between '진료업무에 관한 사항' and '응급처치 및 진료 의뢰에 관한 업무' highlights the importance of emergency care and the process of referring patients for necessary medical treatment. This connection is crucial for timely interventions in critical situations, which can significantly impact patient outcomes. The efficiency of this relationship is vital for the healthcare system's responsiveness to emergencies. [Data: Entities (1767, 1768), Relationships (2344)]

## Health consultations and statistics management

The entity '건강상담 및 진료 통계에 관한 업무' focuses on managing health consultations and the statistics related to patient care. This aspect is essential for understanding health trends and improving service delivery. The relationship with '진료업무에 관한 사항' indicates that health consultations are a fundamental part of the overall healthcare operations, contributing to informed decision-making and resource allocation. [Data: Entities (1767, 1769), Relationships (2345)]

## Emergency medication support

The entity '비상약품 지원에 관한 업무' is responsible for providing necessary medications during emergencies. This function is critical in ensuring that healthcare providers have access to essential drugs when responding to urgent medical situations. The relationship with '진료업무에 관한 사항' emphasizes the importance of having a robust system for emergency medication support, which can directly affect patient survival rates in critical scenarios. [Data: Entities (1767, 1770), Relationships (2346)]",7.5
959,Military Reserve Training and Resource Management,0.0013831258644536654,"# Military Reserve Training and Resource Management

The community focuses on military reserve training and resource management, comprising three key entities that outline training protocols, workplace protection plans, and management of reserve personnel. These entities are interrelated, emphasizing the importance of coordinated efforts in military preparedness.

## Interconnectedness of training and resource management

The entities within this community are closely linked, with the training protocols for military reserves directly influencing the management of personnel resources. The relationship between the training and resource management highlights the necessity for effective coordination to ensure that military readiness is maintained. For instance, the training protocols outlined in '3. 예비군의 교육 훈련에 관한 사항' are essential for preparing personnel, which in turn affects the management of these reserves as detailed in '2. 직장 및 학생예비군 자원관리에 관한 사항' [Data: Entities (2038, 2036, 2037); Relationships (2667, 2668)]

## Importance of workplace protection plans

The workplace protection plans described in '1. 유사시 직장방호에 관한 사항' are crucial for ensuring the safety and security of personnel during emergencies. This plan is interconnected with the management of reserve personnel, indicating that effective protection measures are vital for maintaining operational integrity during crises. The relationship between workplace protection and resource management underscores the need for comprehensive planning in military contexts [Data: Entities (2036, 2037); Relationships (2667)]

## Role of delegation in training protocols

The training protocols for military reserves are part of a broader delegation framework, as indicated by the relationship with '3-1-4 위임전결규정'. This suggests that the training processes are not only standardized but also subject to oversight and delegation, which is essential for maintaining accountability and effectiveness in military training [Data: Entities (2038); Relationships (2664)]

## Focus on emergency preparedness

The community's emphasis on emergency preparedness is reflected in the interconnected nature of the entities. The training and resource management plans are designed to ensure that personnel are ready to respond effectively in times of crisis, highlighting the strategic importance of these protocols in national defense [Data: Entities (2036, 2037); Relationships (2667, 2668)]",6.5
1060,Student Success Model and HS Project,0.0013831258644536654,"# Student Success Model and HS Project

The community focuses on the Student Success Model and the HS Project, which are interconnected frameworks aimed at supporting student success through various programs and reporting mechanisms. The entities within this community work collaboratively to plan, develop, operate, evaluate, and report on student success initiatives.

## Interconnection of Student Success Model and HS Project

The Student Success Model is closely linked to the HS Project, indicating a collaborative approach to enhancing student success. This relationship suggests that the initiatives under the HS Project are designed to align with the broader goals of the Student Success Model, which encompasses planning, development, operation, evaluation, and feedback processes. The combined degree of 6 highlights the significance of this relationship in achieving effective student support strategies. [Data: Relationships (1691)]

## Reporting mechanisms for program outcomes

The process of reporting outcomes is integral to both the Student Success Model and the HS Project. This reporting mechanism ensures that the results of various programs are documented and analyzed, which is crucial for continuous improvement and accountability. The relationship between the Student Success Model and the reporting process indicates a structured approach to evaluating the effectiveness of student support initiatives. [Data: Relationships (1692)]

## Student Success Support System's role

The Student Success Support System is another key entity that operates in conjunction with the HS Project. This system is designed to provide a framework for supporting students, which includes planning, development, operation, evaluation, and feedback. The connection between the Student Success Support System and the HS Project emphasizes the importance of a cohesive strategy in fostering student achievement. [Data: Relationships (1693)]

## Outcome reporting for HS Project

The HS Project includes a dedicated process for reporting its outcomes, which is essential for assessing the impact of its initiatives on student success. This reporting is not only a means of accountability but also serves as a feedback loop that informs future program development and adjustments. The relationship between the HS Project and the reporting process underscores the importance of data-driven decision-making in educational settings. [Data: Relationships (1694)]",6.0
739,Hanseong Human Rights Center Regulations,0.0013831258644536654,"# Hanseong Human Rights Center Regulations

The community is centered around the regulations of the Hanseong Human Rights Center, specifically focusing on Articles 18, 19, and 20, which outline procedures for conflict resolution, avoidance of bias in investigations, and the dismissal of complaints. These regulations are interconnected and provide a framework for addressing human rights issues within the center.

## Interconnectedness of Regulations

The regulations of the Hanseong Human Rights Center are closely related, with Article 18 addressing the avoidance of bias in investigations, Article 19 detailing the dismissal of complaints, and Article 20 providing a mechanism for conflict resolution. This interconnectedness suggests that the effectiveness of one regulation can significantly influence the others. For instance, if the procedures outlined in Article 18 are not followed, it could lead to unjust dismissals as described in Article 19, thereby undermining the conflict resolution process in Article 20. [Data: Entities (9647, 9648, 9649); Relationships (16089, 16091)]

## Article 20's Conflict Resolution Mechanism

Article 20 of the Hanseong Human Rights Center regulations outlines a process for parties to collaboratively seek solutions to their grievances. This provision is crucial as it empowers individuals to engage in dialogue and find resolutions, potentially reducing the need for formal complaints. The effectiveness of this article relies on the willingness of parties to cooperate and the impartiality of the center in facilitating these discussions. [Data: Entities (9649); Relationships (16093)]

## Bias Avoidance in Investigations

Article 18 emphasizes the importance of avoiding bias among investigators, which is essential for maintaining the integrity of the human rights complaint process. This regulation is vital in ensuring that all parties feel their cases are handled fairly and without prejudice. Failure to adhere to this guideline could lead to mistrust in the center's processes and discourage individuals from seeking help. [Data: Entities (9647); Relationships (16089)]

## Dismissal of Complaints Under Article 19

Article 19 addresses the conditions under which complaints may be dismissed, which is a critical aspect of the regulatory framework. This article ensures that there are clear guidelines for when a complaint is deemed invalid, thus protecting the center from frivolous claims while also ensuring that legitimate grievances are not overlooked. The balance between these two outcomes is essential for the center's credibility. [Data: Entities (9648); Relationships (16089)]",6.0
849,Contract Department Admission Qualification Committee,0.0013831258644536654,"# Contract Department Admission Qualification Committee

The community is centered around the Contract Department Admission Qualification Committee and its governing regulations. The committee is responsible for overseeing student selection and contracts with industry partners, operating under specific guidelines outlined in the committee's regulations.

## Role of the Contract Department Admission Qualification Committee

The Contract Department Admission Qualification Committee is a key entity responsible for evaluating admission qualifications for students in the contract department. This committee plays a crucial role in determining which students are selected for admission, thereby influencing the educational landscape and the future workforce in related industries. The committee's decisions can have far-reaching implications for both students and industry partners, making its function vital to the community. [Data: Entities (3446)]

## Importance of the governing regulations

The regulations governing the Contract Department Admission Qualification Committee outline the criteria and processes for student admissions. These regulations ensure that the committee operates within a structured framework, promoting fairness and transparency in the selection process. The adherence to these regulations is essential for maintaining the integrity of the admissions process and fostering trust among stakeholders, including students and industry partners. [Data: Entities (3445); Relationships (4792)]

## Interconnection between regulations and committee operations

The relationship between the governing regulations and the Contract Department Admission Qualification Committee highlights how the committee functions according to established guidelines. This interconnection ensures that the committee's operations are aligned with the regulatory framework, which is crucial for effective governance. Understanding this relationship is important for assessing the committee's compliance and operational effectiveness. [Data: Relationships (4792)]

## Impact on industry partnerships

The committee's role in overseeing contracts with industry partners is significant, as it directly affects the quality of education and training provided to students. By evaluating and selecting students based on industry needs, the committee helps bridge the gap between education and employment, ensuring that graduates are well-prepared for the workforce. This relationship with industry partners is essential for the relevance and success of the contract department's programs. [Data: Entities (3446)]",4.0
1480,산학협력 발전계획 Community,0.0013831258644536654,"# 산학협력 발전계획 Community

The 산학협력 발전계획 community is centered around the development plan for industry-academic cooperation, comprising key regulations that govern its operations. The entities are interrelated through specific articles that outline evaluation and reporting processes, indicating a structured approach to enhancing cooperation between academia and industry.

## Key Articles of the Development Plan

The community is defined by three key articles: Article 9, Article 10, and Article 11, each detailing specific processes related to self-evaluation, reporting, and operational guidelines. Article 9 emphasizes the importance of self-evaluation in assessing the outcomes of the development plan, which is crucial for continuous improvement. This self-evaluation is conducted according to the university's established regulations, ensuring that the process is systematic and accountable. Article 10 outlines the reporting requirements for significant matters related to the development plan, mandating that these be communicated through various committees, thereby promoting transparency and oversight. Article 11 provides operational guidelines that are subject to the committee's review, ensuring that the plan is adaptable and responsive to the needs of the community. [Data: Entities (8912, 8913, 8914); Relationships (14776, 14778, 14780)]

## Interconnectedness of Articles

The relationships between the articles highlight their interconnectedness, which is essential for the effective implementation of the development plan. Article 9's self-evaluation process is directly linked to Article 10's reporting requirements, indicating that the outcomes of evaluations will inform the reports submitted to the relevant committees. This connection ensures that the evaluation process is not merely a formality but a critical component that influences decision-making and strategic planning. Furthermore, Article 10's reporting is also related to Article 11, which governs the operational aspects of the committee, suggesting that the findings from evaluations and reports will directly impact how the committee operates and makes decisions. This interconnected framework is vital for maintaining a cohesive approach to industry-academic cooperation. [Data: Relationships (14776, 14778)]

## Operational Guidelines and Their Importance

Article 11 outlines the operational guidelines necessary for the committee's functioning, which are crucial for the effective management of the development plan. These guidelines ensure that the committee can operate efficiently and make informed decisions based on the evaluations and reports generated from Articles 9 and 10. The ability to adapt these guidelines based on committee reviews allows for a dynamic approach to managing industry-academic cooperation, which is essential in a rapidly changing educational and industrial landscape. This adaptability is key to addressing emerging challenges and opportunities in the collaboration between academia and industry. [Data: Entities (8914); Relationships (14780)]

## Self-Evaluation as a Tool for Improvement

The self-evaluation process mandated by Article 9 serves as a critical tool for assessing the effectiveness of the development plan. By conducting evaluations based on established university regulations, the committee can identify strengths and weaknesses in their approach to industry-academic cooperation. This process not only fosters accountability but also encourages a culture of continuous improvement, where feedback is actively sought and utilized to enhance strategies and outcomes. The emphasis on self-evaluation reflects a commitment to maintaining high standards and achieving the objectives of the development plan. [Data: Entities (8912); Relationships (14776)]",4.0
733,비전임교원 임용규정 Community,0.0013831258644536654,"# 비전임교원 임용규정 Community

The community is centered around the 비전임교원 임용규정 (Non-regular Faculty Appointment Regulations), which includes various articles detailing the qualifications, duties, and rights of non-regular faculty members. The relationships among the articles highlight their interconnectedness and the comprehensive nature of the regulations governing non-regular faculty appointments.

## Interconnectedness of Appointment Regulations

The 비전임교원 임용규정 consists of multiple articles that are closely related, particularly Articles 3, 12, and 13. Article 3 outlines the qualifications for non-regular faculty, while Articles 12 and 13 detail the specific qualifications and duties of appointed faculty members. This interconnectedness indicates that understanding one article often requires knowledge of the others, emphasizing the importance of a holistic view of the regulations. The relationships among these articles suggest that any changes or interpretations in one area could significantly impact the others, thereby affecting the overall governance of non-regular faculty appointments. [Data: Entities (6042, 6043, 6044); Relationships (9434, 9435)]

## Qualifications for Non-Regular Faculty

Article 12 of the 비전임교원 임용규정 specifies the qualifications required for non-regular faculty members, which include adherence to the Higher Education Act and related regulations. This article ensures that only qualified individuals are appointed, thereby maintaining educational standards. The requirement for faculty to be enrolled in national health insurance and to have retirement benefits outlined in their contracts further emphasizes the importance of compliance with legal and institutional standards. This regulatory framework is crucial for protecting both the faculty and the institution, ensuring that appointments are made based on merit and legal compliance. [Data: Entities (6043); Relationships (9434)]

## Duties and Rights of Non-Regular Faculty

Article 13 outlines the duties and rights of non-regular faculty members, which include responsibilities related to teaching, research, and student guidance. This article emphasizes the need for faculty to maintain professionalism and commitment to their educational roles. By clearly defining these duties, the regulations help to set expectations for faculty performance and accountability. This clarity is essential for fostering a productive educational environment and ensuring that faculty members are aware of their responsibilities, which can ultimately impact student outcomes and institutional reputation. [Data: Entities (6044); Relationships (9435)]

## Legal Compliance and Institutional Standards

The 비전임교원 임용규정 serves as a critical framework for ensuring legal compliance in the appointment of non-regular faculty. By adhering to the qualifications and duties outlined in the regulations, institutions can mitigate risks associated with non-compliance, such as legal challenges or reputational damage. The emphasis on legal standards not only protects the institution but also enhances the credibility of the educational programs offered. This regulatory framework is vital for maintaining the integrity of higher education institutions and ensuring that they operate within the bounds of the law. [Data: Entities (6042, 6043, 6044); Relationships (9434, 9435)]",4.0
1125,Hansung University Governance and Regulations,0.9612724757952974,"# Hansung University Governance and Regulations

The community encompasses various entities related to the governance and operational regulations of Hansung University. Key entities include the operational committee, various regulations, and guidelines that collectively ensure effective management and oversight of university activities. The relationships among these entities highlight their interconnectedness in maintaining academic standards and operational integrity.

## Operational Committee's Role

The '운영위원회 제 10 조' (Operational Committee) is pivotal in overseeing the management of school enterprises at Hansung University. This committee, chaired by the head of the industry-academia cooperation team, includes members from various departments, ensuring a comprehensive approach to governance. Its responsibilities include deliberating on significant matters such as research activities, policies, budgets, and financial statements, which are crucial for the university's operational success. The committee's structure and function are outlined in the document '3-1-53 학교기업 설치 및 운영 규정' [Data: Entities (5218); Relationships (7830)].

## Comprehensive Governance Documents

The entity '페이지 1' represents a collection of essential documents that outline the governance and operational regulations of Hansung University. This collection includes various regulations that define the university's operational framework, such as the '6-0-8 대학입학전형 공정관리위원회 규정' and '7-0-1 한성대학교 산학협력단 정관'. These documents are critical for understanding the university's governance structure and operational procedures, ensuring compliance with educational standards and regulations [Data: Entities (13); Relationships (7830)].

## Support for Students with Disabilities

The regulations concerning support for students with disabilities, specifically '장애학생 지원에 관한 규정 제 1 조' and '장애학생 지원에 관한 규정 제 2 조', outline the university's commitment to providing necessary support for registered students with disabilities. These regulations ensure that the university adheres to legal requirements and promotes an inclusive educational environment. The purpose and scope of these regulations are detailed in the document '3-4-24 장애학생 지원에 관한 규정' [Data: Entities (3888, 3889); Relationships (5448, 5449)].

## Research and Innovation Oversight

The '5-0-3 사회과학연구원 규정' (Social Science Research Institute Regulations) outlines the operational framework for research activities at Hansung University. This includes the establishment of research projects, seminars, and collaborations with domestic and international research institutions. The regulations ensure that research activities align with the university's academic goals and contribute to the advancement of knowledge in social sciences [Data: Entities (5211, 5212); Relationships (7818, 7819)].

## Financial Management Regulations

The '재정 제 8 조' (Financial Regulations) addresses the budget and financial management of the university's centers. This regulation is crucial for ensuring transparency and accountability in financial operations, which is essential for maintaining trust among stakeholders. The financial oversight mechanisms outlined in this regulation help the university manage its resources effectively [Data: Entities (790); Relationships (1263)].",7.5
767,Teacher Training Program and Implementation Dates,0.02074688796680498,"# Teacher Training Program and Implementation Dates

The community centers around the Teacher Training Program, which includes significant implementation dates and regulations affecting educators. Key entities include the program itself, specific implementation dates, and the selectees categorized by their selection year, highlighting the structure and compliance of the educational framework.

## Significance of Implementation Dates

The dates 2014년 12월 19일 and 2020년 2월 13일 are critical milestones for the enforcement of educational regulations. The former marks the implementation of revised academic regulations and operational rules, while the latter signifies the enforcement of amended rules. These dates are pivotal in understanding the timeline of regulatory changes that affect the educational landscape. The relationship between these dates and the regulations they pertain to underscores their importance in ensuring compliance and operational effectiveness within educational institutions. [Data: Entities (5390, 186); Relationships (8154, 228)]

## Role of the Teacher Training Program

The 교원양성과정 (Teacher Training Program) is designed to train and qualify educators, establishing criteria for qualification assessments. This program is essential for maintaining educational standards and ensuring that educators meet the necessary qualifications. The program's structure includes selectees from different years, which indicates a systematic approach to educator training and qualification. The inclusion of individuals selected before and after 2013 highlights the program's adaptability and ongoing relevance in the evolving educational framework. [Data: Entities (6961); Relationships (11121, 11122)]

## Categorization of Selectees

The community includes two categories of selectees: those selected before 2012 and those selected after 2013. This categorization is significant as it reflects the program's historical context and the evolution of qualification standards over time. The distinction between these groups may influence the eligibility criteria and the assessment processes within the teacher training framework, thereby impacting the overall quality of education. Understanding these categories is crucial for evaluating the effectiveness of the training program and its alignment with current educational needs. [Data: Entities (6968, 6969); Relationships (11121, 11122)]

## Regulatory Compliance and Enforcement

The implementation of regulations on the specified dates indicates a structured approach to compliance within the educational sector. The enforcement of these regulations is essential for ensuring that educational institutions adhere to the established standards. The relationship between the implementation dates and the associated regulations highlights the importance of timely enforcement in maintaining the integrity of the educational system. This compliance framework is vital for fostering trust and accountability within the education community. [Data: Relationships (8154, 228)]",6.5
1015,Graduate School of Business and Related Departments,0.009681881051175657,"# Graduate School of Business and Related Departments

The community is centered around the Graduate School of Business, which encompasses various departments offering specialized master's programs in business-related fields. The interconnectedness of these departments highlights their collaborative nature and shared academic goals.

## Graduate School of Business as a central entity

The Graduate School of Business serves as the primary entity in this community, offering a range of master's programs in business administration and related fields. This institution is pivotal in shaping the academic and professional landscape for students pursuing careers in business. Its role as a provider of specialized education positions it as a significant contributor to the local and global economy, influencing future business leaders and professionals. The Graduate School's connection to various departments enhances its educational offerings and fosters a collaborative academic environment. [Data: Entities (2910); Relationships (3907)]

## Interconnectedness of business-related departments

The relationships among the various departments within the Graduate School of Business illustrate a strong interconnectedness that enhances the educational experience. For instance, the Master's program in Social Business Administration is part of the Graduate School, indicating a direct link that allows for shared resources and curriculum development. This interconnectedness not only enriches the academic offerings but also provides students with a broader perspective on business management, preparing them for diverse career paths. [Data: Entities (2911); Relationships (3907)]

## Diverse academic offerings in business

The Graduate School of Business and its associated departments offer a diverse range of academic programs, including specialized fields such as Hotel, Tourism, and Food Service Management, and Global Business Management. This diversity allows students to tailor their education to their career aspirations, equipping them with the necessary skills to excel in various sectors. The presence of multiple programs under one umbrella fosters a comprehensive understanding of business management, which is crucial in today's multifaceted business environment. [Data: Entities (2913, 2917); Relationships (3908)]

## Cohesion among management disciplines

The relationships between the Hotel, Tourism, and Food Service Management department and the Global Business Management department highlight the cohesion among different management disciplines. This collaboration suggests a holistic approach to business education, where students can benefit from interdisciplinary learning and insights. Such cohesion is essential for developing well-rounded professionals who can navigate the complexities of the global business landscape. [Data: Entities (2913, 2917); Relationships (3908)]

## Scholarship opportunities enhancing accessibility

The Graduate School of Business is noted for providing special scholarships, which enhances accessibility for students from diverse backgrounds. This initiative not only supports the financial needs of students but also promotes inclusivity within the academic community. By offering scholarships, the institution can attract a wider range of talent, fostering a rich learning environment that benefits all students. [Data: Entities (2910)]",6.5
125,국방M&S인정기술연구원 and Defense Modeling Projects,0.005532503457814661,"# 국방M&S인정기술연구원 and Defense Modeling Projects

The community is centered around the 국방M&S인정기술연구원, a research institution focused on Defense Modeling and Simulation (M&S), and its associated projects, 제 3 장 and 제 8 조, which outline specific defense-related initiatives. The relationships between these entities highlight their collaborative nature and the institutional affiliation with 한성대학교.

## Central role of 국방M&S인정기술연구원

The 국방M&S인정기술연구원 serves as the primary entity in this community, dedicated to advancing research and technology in Defense Modeling and Simulation. This institution plays a crucial role in developing Verification, Validation, and Accreditation (VV&A) technologies, which are essential for ensuring the reliability and effectiveness of defense systems. Its affiliation with the Industry-Academic Cooperation Foundation of Hanseong University further enhances its capabilities and resources, positioning it as a key player in the defense sector. [Data: Entities (9002), Relationships (14957)]

## Importance of 제 3 장 사업

The 제 3 장 사업 outlines significant aspects of the defense M&S initiatives, indicating a structured approach to addressing defense-related challenges. This project is integral to the research conducted by the 국방M&S인정기술연구원, as it encompasses various activities aimed at enhancing defense capabilities. The documentation of this project suggests a systematic effort to align research objectives with national defense needs, which is critical for maintaining security and technological advancement. [Data: Entities (9007), Relationships (14971)]

## Details of 제 8 조 사업

The 제 8 조 사업 specifies the tasks that the 국방M&S인정기술연구원 is expected to undertake, providing clarity on the operational focus of the institution. This project is part of the broader 제 3 장 사업, indicating a hierarchical structure in project management and execution. The detailed listing of tasks suggests a comprehensive approach to research and development, which is vital for addressing complex defense scenarios and ensuring that the institution meets its objectives effectively. [Data: Entities (9008), Relationships (14971)]

## Collaboration with 한성대학교

The relationship between the 국방M&S인정기술연구원 and 한성대학교 signifies a strong academic partnership that enhances research capabilities. This collaboration allows for the integration of academic insights into practical defense applications, fostering innovation and technological advancements. The affiliation with a university also opens avenues for student involvement and knowledge transfer, which can further enrich the research environment and contribute to the development of skilled professionals in the defense sector. [Data: Relationships (14957)]",6.5
1337,Practical Training and Evaluation Community,0.005532503457814661,"# Practical Training and Evaluation Community

The community focuses on various aspects of practical training, including education, oversight, funding, and student evaluation. The entities are interconnected, with each playing a crucial role in ensuring effective practical training and assessment processes.

## Central role of Practical Training Education

The entity '현장실습 교육' (Practical Training Education) serves as the foundation of this community, encompassing the essential aspects of practical training and education. This entity is crucial as it provides students with opportunities to gain real-world experience, linking theoretical knowledge with practical skills. The effectiveness of this education directly influences the quality of practical training, making it a pivotal component in the overall structure of the community. [Data: Entities (981), Relationships (1454)]

## Oversight and Guidance in Practical Training

'현장실습 수행 점검 및 지도' (Oversight and Guidance of Practical Training) is responsible for monitoring and guiding the execution of practical training. This entity ensures that training is conducted according to established standards, which is vital for maintaining the quality and effectiveness of the training process. The relationship between this entity and '현장실습 교육' highlights the importance of oversight in enhancing the educational experience for students. [Data: Entities (975), Relationships (1454)]

## Funding Opportunities for Practical Training

'국고/민간 지원사업 수주' (Securing Government/Private Support Projects) plays a significant role in obtaining necessary funding for practical training initiatives. This entity's activities are crucial for ensuring that resources are available to support effective training programs. The connection between this entity and oversight activities indicates that funding is essential for maintaining high standards in practical training. [Data: Entities (982), Relationships (1455)]

## Student Evaluation and Credit Recognition Management

'학생 평가 및 학점인정 관리' (Student Evaluation and Credit Recognition Management) is responsible for overseeing the evaluation processes and ensuring that students receive appropriate credit for their practical training. This entity is critical in validating the educational outcomes of practical training, thereby influencing students' academic progress. Its relationship with funding and oversight entities underscores the interconnected nature of these processes in the community. [Data: Entities (977), Relationships (1456)]

## Interconnectedness of Community Entities

The relationships among the entities in this community illustrate a complex web of interdependencies. Each entity contributes to the overall effectiveness of practical training and evaluation, highlighting the importance of collaboration among them. For instance, the oversight provided by '현장실습 수행 점검 및 지도' is essential for the successful implementation of the educational strategies outlined by '현장실습 교육', while funding from '국고/민간 지원사업 수주' supports both oversight and evaluation processes. [Data: Relationships (1454, 1455, 1456)]",6.0
941,Academic Terms and Evaluation Framework,0.005532503457814661,"# Academic Terms and Evaluation Framework

The community focuses on the entities '학기' (semester) and '학년' (academic year), which are integral to academic regulations and faculty evaluations. These entities are interconnected, with '학기' being a critical component in both the appointment of contract faculty and the evaluation of their academic contributions.

## Importance of '학기' in academic regulations

'학기' is a pivotal entity in the context of academic regulations, particularly in the appointment of contract-based full-time faculty members. It is referenced in the '계약제 전임교원 임용규정' on page 8, which outlines the details concerning the semester relevant to faculty appointments. This highlights the importance of '학기' in ensuring that faculty members are evaluated and appointed based on their performance during specific academic periods. The semester serves as a benchmark for assessing faculty achievements and establishing criteria for performance evaluations, making it a critical element in the academic framework. [Data: Entities (3386); Relationships (7885)]

## '학년' as a defining period in academic structure

'학년' defines the academic year, which runs from March 1 to the end of February the following year, as stated in the documentation from 한성대학교. This temporal structure is essential for organizing the academic calendar, scheduling courses, and planning evaluations. The relationship between '학년' and '학기' indicates that both entities are interdependent, with '학년' providing the broader context within which '학기' operates. Understanding this relationship is crucial for comprehending how academic institutions structure their evaluation processes and faculty appointments. [Data: Entities (5244); Relationships (7883)]

## Interconnection between '학기' and '학년'

The relationship between '학기' and '학년' is significant as they are both included in the same regulatory framework. This connection suggests that the evaluation of faculty performance and the appointment of contract faculty are influenced by the academic year as a whole, rather than just individual semesters. This holistic view is important for understanding how academic policies are formulated and implemented, as it reflects the need for alignment between different academic periods and their respective regulations. [Data: Relationships (7883)]

## Role of documentation in academic governance

The references to specific pages in academic regulations highlight the importance of documentation in governing academic practices. For instance, the mention of '학기' on page 8 of the '계약제 전임교원 임용규정' emphasizes the need for clear guidelines in the appointment and evaluation processes. Such documentation serves as a foundation for ensuring transparency and accountability in academic governance, which is essential for maintaining the integrity of educational institutions. [Data: Entities (3386); Relationships (7885)]",6.0
976,기타 부수되는 사항 and 창의융합교육지원센터 관련 위원회 운영,0.004149377593360996,"# 기타 부수되는 사항 and 창의융합교육지원센터 관련 위원회 운영

The community is centered around the entity '기타 부수되는 사항', which encompasses various additional matters related to the operations of the '창의융합교육지원센터 관련 위원회 운영'. These entities are interconnected through their operational frameworks and regulations.

## Centrality of 기타 부수되는 사항

The entity '기타 부수되는 사항' serves as a central component in this community, encompassing various additional matters that are crucial for the operational framework of related committees. This entity's broad scope indicates its importance in managing and addressing various operational tasks and regulations. Its inclusion in the '위임전결규정' suggests that it plays a significant role in governance and decision-making processes. The implications of this entity's operations could affect multiple stakeholders involved in educational support and committee functions. [Data: Entities (968); Relationships (1437)]

## Role of 창의융합교육지원센터 관련 위원회 운영

The '창의융합교육지원센터 관련 위원회 운영' is directly linked to the '기타 부수되는 사항', indicating that its operations are influenced by the broader matters encompassed by this entity. This relationship highlights the committee's reliance on the additional matters for its functioning, which could impact its effectiveness in supporting creative and convergent education initiatives. The operational dynamics of this committee are essential for understanding how educational policies and support systems are implemented. [Data: Entities (1318); Relationships (1824)]

## Interconnectedness of operational frameworks

The relationship between '기타 부수되는 사항' and '창의융합교육지원센터 관련 위원회 운영' illustrates a significant interconnectedness in their operational frameworks. This connection suggests that changes or developments in one entity could directly influence the other, potentially affecting the governance and operational efficiency of educational support initiatives. Understanding this interconnectedness is crucial for stakeholders aiming to navigate the complexities of educational governance. [Data: Relationships (1437, 1824)]

## Implications of 위임전결규정

The inclusion of '기타 부수되는 사항' in the '위임전결규정' indicates that it is part of a regulatory framework that governs decision-making processes. This regulatory aspect is vital for ensuring that the operations of related committees are conducted within established guidelines, which can enhance accountability and transparency. The implications of these regulations are significant for the overall governance of educational support initiatives. [Data: Relationships (1437)]",4.5
1037,Industrial Engineering Program Launch,0.004149377593360996,"# Industrial Engineering Program Launch

The community centers around the upcoming launch of the Industrial Engineering program, which is set to begin in December 2025. The primary entities involved are the Industrial Engineering program itself and its scheduled opening date, indicating a structured educational initiative aimed at equipping students with essential skills in industrial systems engineering.

## Introduction of the Industrial Engineering program

The Industrial Engineering program is designed to provide theoretical and practical education in industrial engineering, catering to both day and evening students. This dual offering allows for a diverse student body, enhancing accessibility and inclusivity in education. The program aims to equip students with the necessary knowledge and skills to thrive in modern industrial environments, which is crucial for meeting the demands of the evolving job market. [Data: Entities (2436)]

## Scheduled launch date of December 2025

The Industrial Engineering program is set to officially open in December 2025, marking a significant milestone for the institution. This timeline indicates a planned approach to curriculum development and resource allocation, ensuring that the program meets educational standards and industry needs. The anticipation surrounding this launch may influence student interest and enrollment figures, potentially impacting the institution's reputation and financial stability. [Data: Entities (2479), Relationships (3368)]

## Relationship between the program and its launch date

The relationship between the Industrial Engineering program and its launch date highlights the structured planning involved in educational program development. The connection signifies that the program's success is contingent upon effective preparation and marketing leading up to the launch. This relationship is critical for stakeholders, including faculty, prospective students, and industry partners, as it sets expectations for the program's capabilities and outcomes. [Data: Relationships (3368)]

## Focus on modern industrial environments

The curriculum of the Industrial Engineering program is tailored to address the challenges and opportunities present in contemporary industrial settings. By focusing on relevant theories and practical applications, the program aims to prepare students for real-world scenarios, enhancing their employability and readiness for the workforce. This focus is essential for aligning educational outcomes with industry requirements, thereby fostering a skilled labor force. [Data: Entities (2436)]",4.0
588,Academic Journals Community: Domestic and International,0.0027662517289073307,"# Academic Journals Community: Domestic and International

The community encompasses various academic journals, including domestic and international publications, which are evaluated by faculty performance committees. The relationships among these entities highlight their classification and significance within the academic landscape.

## Domestic and International Journals Evaluation

Domestic journals and international journals are both evaluated by the faculty performance evaluation committee, indicating a structured approach to assessing academic quality. This relationship underscores the importance of these journals in the academic community, as they directly influence faculty evaluations and career advancements. The combined degree of 9 suggests a strong interdependence between domestic and international journals, highlighting their collective significance in maintaining academic standards. [Data: Entities (4344, 4345); Relationships (6151)]

## Classification of International Journals

International journals are categorized into prestigious classifications such as SCIE, SSCI, and A&HCI, which are critical for researchers aiming to publish high-quality work. The relationships indicate that these classifications are not merely labels but are essential for determining the impact and reach of research published in these journals. The classification system is vital for researchers as it guides them in selecting appropriate venues for their work, thereby influencing the dissemination of knowledge. [Data: Entities (4345, 4346, 4347, 4348); Relationships (6153, 6154, 6155)]

## Role of General International Journals

General international journals are defined as those that must be published by professional societies, emphasizing the need for credibility and authority in academic publishing. This relationship highlights the importance of adhering to established standards in the publication process, which can affect the perception of research quality. The requirement for these journals to be associated with professional societies ensures that the research published is vetted and recognized within the academic community. [Data: Entities (6700, 4345); Relationships (10629)]

## Interconnection of Journal Classifications

The relationship between international journals and their classifications (SCIE, SSCI, A&HCI) indicates that not all international journals are created equal; only those meeting specific criteria are included in these prestigious lists. This classification impacts researchers' decisions on where to submit their work, as publishing in a recognized journal can significantly enhance their academic reputation and career prospects. The interconnectedness of these classifications with international journals reflects the competitive nature of academic publishing. [Data: Entities (4345, 6705); Relationships (10634)]",7.5
1195,Public Course Evaluation Framework,0.0027662517289073307,"# Public Course Evaluation Framework

The community centers around the '공개강좌 평가표', a document that outlines the evaluation criteria for public courses related to new faculty appointments. It includes various assessment items and is linked to several entities that detail the evaluation process for candidates.

## Centrality of the 공개강좌 평가표

The '공개강좌 평가표' serves as the foundational document in this community, outlining the evaluation criteria for public courses related to new faculty appointments. This document is essential for ensuring that candidates are assessed fairly and comprehensively, which directly impacts the quality of education provided. The evaluation table has undergone revisions and is referenced in the '3-2-28 교원신규임용 시행세칙' document, indicating its importance in the faculty appointment process. [Data: Entities (9752); Relationships (16363, 16364, 16365, 16367, 16368)]

## Role of the 지원자명

The '지원자명' represents the candidates who are evaluated based on the criteria set forth in the 공개강좌 평가표. Each candidate must include their name in the evaluation table, which signifies their participation in the faculty appointment process. The relationship between the candidates and the evaluation framework is crucial, as it ensures that only qualified individuals are considered for faculty positions, thereby maintaining educational standards. [Data: Entities (9786); Relationships (16363)]

## Assessment criteria for faculty evaluation

The evaluation framework includes several key assessment items such as 교수 기법, 강의 태도, 인성, and 임용후 연구 및 창의융합 교육계획. Each of these items is critical in evaluating a candidate's teaching methods, attitude during lectures, personal character, and post-appointment research and educational plans. The scoring system for these items is designed to facilitate a thorough evaluation process, ensuring that candidates are assessed on multiple dimensions of their professional capabilities. [Data: Entities (9787, 9788, 9789, 9790); Relationships (16364, 16365, 16367, 16368)]

## Importance of comprehensive evaluation

The comprehensive nature of the 공개강좌 평가표 ensures that all relevant aspects of a candidate's qualifications are considered. This holistic approach is vital for making informed decisions regarding faculty appointments, which can have long-term implications for the educational institution's reputation and effectiveness. By including diverse criteria, the evaluation process aims to select candidates who not only excel in teaching but also contribute positively to the academic community. [Data: Entities (9752); Relationships (16364, 16365, 16367, 16368)]",7.5
1461,Revised Regulations Community,0.0027662517289073307,"# Revised Regulations Community

The community is centered around a series of revised regulations, each with specific effective dates and interrelated impacts. The entities represent different sets of regulations that influence one another, indicating a structured framework of compliance and governance.

## Interconnectedness of revised regulations

The revised regulations are highly interconnected, with each new set influencing the previous ones. For instance, the regulation effective on December 28, 2022, is influenced by the one set to take effect on February 16, 2023, indicating a cascading effect of compliance requirements. This interconnectedness suggests that changes in one regulation can have widespread implications across the community, necessitating careful monitoring and compliance strategies. [Data: Entities (3440, 3441); Relationships (4789, 4790)]

## Timeline of regulatory changes

The community's regulations have a clear timeline, with specific effective dates that stakeholders must adhere to. The regulations effective on March 1, 2022, and March 21, 2022, set the stage for subsequent changes, highlighting the importance of understanding the historical context of these regulations. This timeline is crucial for organizations and individuals who need to ensure compliance with the latest standards and practices. [Data: Entities (3438, 3439); Relationships (4787, 4788)]

## Potential compliance challenges

The overlapping nature of the regulations may pose compliance challenges for organizations. As each regulation builds upon the previous ones, stakeholders must navigate a complex landscape of requirements that could lead to confusion or unintentional non-compliance. This complexity underscores the need for robust compliance frameworks and training to ensure that all parties are aware of their obligations under the revised regulations. [Data: Relationships (4789, 4790, 4788)]

## Impact of regulatory revisions on stakeholders

The revisions to the regulations are likely to have significant impacts on various stakeholders, including educators and administrators. Each set of regulations not only alters compliance requirements but may also affect operational practices and evaluation criteria. Understanding these impacts is essential for stakeholders to adapt effectively to the changing regulatory environment. [Data: Entities (3440, 3441, 3439); Relationships (4789)]

## Documentation as a source of authority

The regulations are derived from specific documents, which serve as authoritative sources for compliance. The references to the '교원업적평가' documents indicate that stakeholders must consult these documents to fully understand the implications of the regulations. This reliance on documented sources emphasizes the importance of thorough documentation in regulatory compliance and governance. [Data: Entities (3440, 3441, 3438); Relationships (4789, 4790)]",6.5
1178,Scholarship Programs in Hansung Region,0.0027662517289073307,"# Scholarship Programs in Hansung Region

The community focuses on various scholarship programs available in the Hansung region, including the Jinri Scholarship, Imagination Talent Scholarship, Samhak Song Scholarship, and Digital Talent Certification Scholarship. These scholarships are designed to support students based on academic performance and other criteria, with significant relationships among them indicating a structured approach to educational funding.

## Jinri Scholarship as a key funding source

The Jinri Scholarship is a prominent financial aid program that provides full tuition support to students with excellent college entrance exam scores. This scholarship is crucial for students in the Hansung region, as it directly impacts their ability to pursue higher education without financial burden. The scholarship's criteria and funding structure are well-documented, indicating its importance in the local educational landscape. [Data: Entities (3752); Relationships (5278)]

## Imagination Talent Scholarship's competitive nature

The Imagination Talent Scholarship offers full tuition support to the top-performing students during the admission process. This competitive scholarship encourages academic excellence and could significantly influence students' choices and efforts in their studies. Its relationship with the Jinri Scholarship highlights a structured approach to rewarding academic achievement in the region. [Data: Entities (3750); Relationships (5276)]

## Samhak Song Scholarship's targeted support

The Samhak Song Scholarship is designed to support the top-performing students in various departments, excluding the Imagination Talent Department. This targeted approach allows for a broader distribution of financial aid, ensuring that high-achieving students across different fields receive support. The scholarship's criteria and its relationship with other scholarships indicate a comprehensive funding strategy in the Hansung region. [Data: Entities (3751); Relationships (5277)]

## Digital Talent Certification Scholarship's unique evaluation criteria

The Digital Talent Certification Scholarship is awarded based on a scoring system that considers academic performance, language skills, community service, and relevant certifications. This multifaceted evaluation approach reflects a modern understanding of student capabilities and potential, making it a valuable addition to the scholarship offerings in the Hansung region. Its connection to the Hansung area emphasizes the local commitment to fostering diverse talents. [Data: Entities (3758); Relationships (5286)]

## Hansung region's role in scholarship distribution

The Hansung region serves as a central hub for the distribution of these scholarships, indicating a focused effort to enhance educational opportunities for local students. The presence of multiple scholarships within this region suggests a commitment to supporting academic achievement and addressing educational disparities. The relationships among the scholarships further illustrate a coordinated effort to maximize the impact of financial aid on student success. [Data: Entities (3757)]",6.5
1080,Academic Performance Evaluation Regulations,0.0027662517289073307,"# Academic Performance Evaluation Regulations

The community centers around the regulation '제 4 항', which governs the absolute evaluation of academic performance and its application date, '2005.12.20.'. These entities are interconnected, with '제 4 항' detailing the rules for the 3-3-4 grading system and the specific date marking when these rules take effect.

## Importance of '제 4 항' regulation

'제 4 항' is a crucial regulation that outlines the absolute evaluation of academic performance. This regulation is significant as it sets the framework for how students' academic achievements are assessed under the 3-3-4 grading system. The details provided in the regulation are essential for educational institutions to ensure compliance and maintain academic standards. The regulation's implications extend to students' academic records and future opportunities, making it a pivotal element in the educational landscape. [Data: Entities (4217)]

## Application date of the regulation

The date '2005.12.20.' marks when specific provisions of the academic evaluation regulation come into effect. This date is critical as it signifies the transition to the new grading system and the expectations that accompany it. Understanding this timeline is essential for educational institutions and students alike, as it impacts how academic performance is recorded and evaluated. The relationship between this date and '제 4 항' highlights the regulatory framework's implementation and its significance in shaping academic policies. [Data: Entities (9222), Relationships (15333)]

## Interconnection between entities

The relationship between '제 4 항' and '2005.12.20.' illustrates how regulations are applied in practice. The connection indicates that the regulation's provisions are not merely theoretical but have practical implications that are activated on a specific date. This interconnection is vital for understanding the regulatory environment in which educational institutions operate, as it emphasizes the importance of adhering to established timelines for compliance. [Data: Relationships (15333)]

## Implications for educational institutions

The implementation of '제 4 항' and its associated date has significant implications for educational institutions. Schools and universities must adapt their grading policies to align with the new regulations, which may require training for faculty and adjustments in administrative processes. The successful integration of these regulations is crucial for maintaining academic integrity and ensuring that students are evaluated fairly and consistently. [Data: Entities (4217), Relationships (15333)]",6.0
531,School Enterprise Regulations Community,0.0027662517289073307,"# School Enterprise Regulations Community

The community is centered around the regulations governing the establishment and operation of school enterprises, specifically focusing on Articles 8 and 9 of the relevant guidelines, which are interconnected with Chapter 3 of the overarching regulatory document.

## Interconnectedness of Articles 8 and 9

Article 8 and Article 9 of the school enterprise regulations are closely related, both addressing the establishment and operational plans for school enterprises. Article 8 outlines the requirement for departments to report their business plans to the university president, while Article 9 specifies the conditions under which expenditures for these enterprises can be incurred. This relationship indicates that compliance with one article is contingent upon the stipulations of the other, highlighting the importance of understanding both articles in the context of school enterprise operations. [Data: Entities (7330, 7331); Relationships (11893)]

## Financial guidelines in Article 9

Article 9 provides crucial financial guidelines regarding the expenditure scope for school enterprises. It clarifies that any donations designated for specific purposes from external sources are excluded from the total annual revenue of the school fund. This regulation is significant as it impacts how school enterprises manage their finances and plan their budgets, ensuring that they adhere to the established financial frameworks. Understanding these guidelines is essential for the effective financial management of school enterprises. [Data: Entities (7331); Relationships (11893)]

## Chapter 3's role in the regulatory framework

Chapter 3 of the school enterprise regulations encompasses the provisions related to the establishment and operation of school enterprises. It serves as the foundational document that informs Articles 8 and 9, indicating that these articles are part of a larger regulatory framework. This chapter's comprehensive nature ensures that all aspects of school enterprise operations are covered, providing a structured approach to compliance and governance. [Data: Entities (7332); Relationships (11896, 11894)]

## Regulatory compliance implications

The interconnected nature of Articles 8 and 9, along with Chapter 3, underscores the importance of regulatory compliance for school enterprises. Failure to adhere to these regulations could result in financial mismanagement or operational inefficiencies, which could have broader implications for the educational institutions involved. Therefore, understanding and implementing these regulations is critical for the successful establishment and operation of school enterprises. [Data: Relationships (11893, 11896, 11894)]",6.0
1507,Academic Regulations and Special Provisions,0.0027662517289073307,"# Academic Regulations and Special Provisions

This community is centered around a set of academic regulations enacted on specific dates, including provisions for student re-admission and special admission timelines. The entities are interconnected through their regulatory implications and the effective dates of these regulations.

## Regulations effective from March 11, 1993

The entity '부 칙 (시행일) 1993년 3월 11일' refers to a set of academic regulations that became effective on March 11, 1993. This regulation is documented in two separate sources, confirming its effective date. The consistency across these sources highlights the importance of this regulation in the academic framework, as it sets the foundation for subsequent policies. The implications of this regulation could affect various academic processes, including compliance and enforcement of academic standards. [Data: Entities (4559); Relationships (6510)]

## Regulations effective from April 1, 1993

The entity '부 칙 (시행일) 1993년 4월 1일' indicates that certain academic regulations were enacted starting April 1, 1993. This regulation is crucial as it outlines specific provisions related to student admissions and re-admission processes. The relationship between this regulation and the provisions for student re-admission suggests a direct impact on students seeking to return to their studies, thereby influencing enrollment numbers and institutional policies. [Data: Entities (5356); Relationships (8091, 8092)]

## Special provisions for student re-admission

The entity '제적생 구제를 위한 특례' outlines special provisions for re-admission of students who have been previously dismissed under specific conditions. This regulation allows for the possibility of re-admission for students demonstrating a change in circumstances. The significance of this provision lies in its potential to affect student retention and institutional reputation, as it provides a second chance for students who may have faced challenges. [Data: Entities (5357); Relationships (8091)]

## Special provisions regarding admission timing

The entity '입학시기에 관한 특례' specifies provisions related to the timing of admissions for students seeking re-admission. This regulation allows students to apply for re-admission by a specific deadline, which is critical for managing enrollment and academic planning. The relationship between this provision and the overall admissions process indicates its importance in ensuring that students have clear guidelines and timelines, which can enhance the efficiency of the admissions process. [Data: Entities (5358); Relationships (8092)]",4.5
561,Disability Support Center Community,0.0013831258644536654,"# Disability Support Center Community

The community is centered around the Disability Support Center, which encompasses various aspects of support for students with disabilities, including learning rights, welfare, counseling, and volunteer management. The entities are interconnected, with the center's operations covering multiple support areas, indicating a comprehensive approach to disability assistance.

## Central role of the Disability Support Center

The Disability Support Center is the primary entity in this community, responsible for a range of services aimed at supporting students with disabilities. This center's operations are crucial for ensuring that students have access to necessary resources and support systems, which can greatly influence their academic success and overall well-being. The center's comprehensive approach includes various aspects of support, making it a vital component of the educational framework for students with disabilities. [Data: Entities (1488), Relationships (2006)]

## Support for learning rights of students

One of the key areas of focus within the community is the support for the learning rights of students with disabilities. This aspect is essential as it ensures that these students receive equitable access to educational opportunities. The inclusion of learning rights support within the Disability Support Center's operations highlights the commitment to fostering an inclusive educational environment. This is particularly important in addressing potential barriers that students may face in their academic pursuits. [Data: Entities (1489), Relationships (2007)]

## Welfare support for students with disabilities

The community also emphasizes welfare support for students with disabilities, which is critical for their overall quality of life. This support can include various services aimed at enhancing the well-being of these students, ensuring they have the necessary resources to thrive both academically and personally. The integration of welfare support into the Disability Support Center's offerings reflects a holistic approach to disability assistance, addressing not just educational needs but also personal and social aspects. [Data: Entities (1490), Relationships (2008)]

## Counseling and career support services

Counseling and career support services are another significant aspect of the community's offerings. These services are designed to assist students with disabilities in navigating their educational and career paths, providing them with guidance and resources tailored to their unique needs. The presence of such support is vital in empowering students to make informed decisions about their futures, thereby enhancing their prospects for success. [Data: Entities (1491), Relationships (2009)]

## Management of volunteer support systems

The management of volunteer support systems is an important function of the Disability Support Center, which helps facilitate the involvement of volunteers in assisting students with disabilities. This system not only enhances the support available to students but also fosters a sense of community and engagement among volunteers. By effectively managing these resources, the center can maximize the impact of volunteer contributions, further enriching the support network for students. [Data: Entities (1492), Relationships (2010)]",7.5
1352,입학 전형 및 홍보 전략,0.0013831258644536654,"# 입학 전형 및 홍보 전략

The community focuses on the strategic planning and evaluation of admission processes, including promotional activities and events related to admissions. The entities are interconnected, with each playing a crucial role in the overall admission strategy and its effectiveness.

## Interconnectedness of admission planning and evaluation

The entity '입학기획, 전략 및 전형 주요사' is closely related to '입학 전형결과 분석 및 평가', indicating that strategic planning for admissions is heavily reliant on the analysis and evaluation of admission results. This relationship suggests that effective planning cannot occur without a thorough understanding of past outcomes, which can inform future strategies. The combined degree of 4 highlights the importance of this connection in ensuring that the admission process is both strategic and data-driven. [Data: Entities (1607, 1608); Relationships (2186)]

## Foundation of admission results analysis for recruitment planning

The relationship between '입학 전형결과 분석 및 평가' and '입학전형 및 모집 기본계획 수립에 관한 사항' shows that the analysis of admission results serves as a foundation for establishing recruitment plans. This indicates that understanding previous admission outcomes is critical for developing effective recruitment strategies, ensuring that the institution can attract the right candidates. The combined degree of 4 further emphasizes the significance of this relationship in shaping future recruitment efforts. [Data: Entities (1608, 1609); Relationships (2187)]

## Link between recruitment planning and promotional activities

The connection between '입학전형 및 모집 기본계획 수립에 관한 사항' and '입학 홍보 및 입학 박람회에 관한 사항' illustrates that recruitment planning is directly related to promotional activities and events. This relationship suggests that effective recruitment strategies must be complemented by strong promotional efforts to ensure that potential students are aware of the institution's offerings. The combined degree of 3 indicates that while this link is important, it may not be as critical as the previous relationships. [Data: Entities (1609, 1610); Relationships (2188)]

## Importance of promotional activities in the admission process

The entity '입학 홍보 및 입학 박람회에 관한 사항' highlights the significance of promotional activities and fairs in the admission process. These activities are essential for engaging potential students and providing them with information about the institution, which can influence their decision to apply. The focus on promotional efforts indicates a proactive approach to attracting students, which is vital for maintaining enrollment levels and enhancing the institution's reputation. [Data: Entities (1610)]",6.5
1351,Foreign Student Certification System,0.0013831258644536654,"# Foreign Student Certification System

The community focuses on the Foreign Student Certification System, which encompasses various tasks related to managing and evaluating the certification process. The entities are interconnected through their roles in managing indicators, preparing evaluation reports, and submitting related documents.

## Interconnected tasks within the certification system

The entities within the Foreign Student Certification System are closely related, with each task building upon the previous one. For instance, the task of managing certification indicators is directly linked to the preparation of evaluation reports, indicating a structured workflow that is essential for maintaining the integrity of the certification process. This interconnectedness suggests that any disruption in one area could impact the overall effectiveness of the certification system. [Data: Entities (1621, 1622, 1623, 1624); Relationships (2196, 2197)]

## Importance of indicator management

The task of managing indicators is crucial for the Foreign Student Certification System, as it serves as the foundation for evaluating the effectiveness of the certification process. Proper management of these indicators ensures that the evaluation reports are accurate and reflective of the actual performance of the certification system. This role is vital for compliance and can significantly influence the perception of the certification's credibility. [Data: Entities (1622); Relationships (2196)]

## Evaluation report preparation as a key function

Preparing evaluation reports is a significant function within the Foreign Student Certification System, as these reports provide essential insights into the effectiveness of the certification process. The relationship between indicator management and report preparation highlights the importance of accurate data collection and analysis. Any shortcomings in this area could lead to misrepresentation of the certification's success, potentially affecting stakeholders' trust. [Data: Entities (1623); Relationships (2197)]

## Submission of reports as a procedural necessity

The submission of reports is a procedural necessity that follows the preparation of evaluation reports. This step is critical for ensuring that the findings are communicated to relevant authorities and stakeholders. The relationship between report preparation and submission underscores the importance of timely and accurate reporting in maintaining compliance with certification standards. Delays or inaccuracies in this process could have significant repercussions for the certification system. [Data: Entities (1624); Relationships (2198)]",6.0
306,Exchange Student Program Regulations,0.0013831258644536654,"# Exchange Student Program Regulations

The community is centered around the regulations governing the exchange student program, specifically the guidelines for credit recognition, student obligations, and additional provisions. The entities are interconnected through their references to the overarching document that outlines these regulations.

## Credit Recognition Guidelines

The entity '학점인정 제 5 조' outlines the credit recognition guidelines for exchange students, specifying that a maximum of 18 credits can be recognized per semester and that no more than half of the required credits for graduation can be obtained through this program. This regulation is crucial for maintaining academic integrity and ensuring that students meet their degree requirements. The relationship between this guideline and the overarching '3-3-26 교환학생제 시행세칙' document highlights its significance in the context of the exchange program. [Data: Entities (5785, 5788); Relationships (8909)]

## Student Obligations

The entity '의무 제 6 조' details the obligations of exchange students, emphasizing the need for compliance with both home and host institution regulations. This includes timely submission of required documents and maintaining the institution's reputation. The importance of these obligations is underscored by their connection to the main regulatory document, which serves as a framework for the exchange program. Non-compliance could lead to serious consequences for students and the institutions involved. [Data: Entities (5786, 5788); Relationships (8911)]

## Additional Provisions

The entity '기타 제 7 조' addresses various additional provisions related to the exchange student program. This section is essential for covering aspects that may not be explicitly detailed in other regulations, ensuring a comprehensive understanding of the program's requirements. The relationship with the main regulatory document indicates that these provisions are integral to the overall governance of the exchange program. [Data: Entities (5787, 5788); Relationships (8913)]

## Interconnectedness of Regulations

The relationships among the entities indicate a strong interconnectedness of the regulations governing the exchange student program. Each entity references the main regulatory document, '3-3-26 교환학생제 시행세칙', which serves as the foundation for understanding the various aspects of the program. This interconnectedness is vital for ensuring that all components of the program are aligned and that students are adequately informed of their rights and responsibilities. [Data: Relationships (8909, 8911, 8913)]",4.5
338,비교과정 운영 규정 및 시행세칙,0.0013831258644536654,"# 비교과정 운영 규정 및 시행세칙

The community focuses on the regulations and implementation rules governing extracurricular programs at the university. The key entities are interconnected, with specific articles outlining the scope and applicability of these regulations, indicating a structured approach to managing extracurricular activities.

## Regulation Article 3 outlines the scope of extracurricular programs

Article 3 of the regulations specifies the applicability and duration of extracurricular programs at the university. It establishes that these programs are generally conducted on a semester basis, with specific activity periods defined for each semester. This structured timeline is crucial for students to understand when their activities will be recognized, which can impact their academic planning and graduation timelines. The regulation also notes that there may be restrictions based on graduation requirements, highlighting the importance of compliance with these rules for students' academic success. [Data: Entities (2120, 2123); Relationships (2779)]

## Implementation rules provide detailed guidance

The implementation rules serve as a comprehensive framework for the management of extracurricular programs. They are designed to ensure that all activities align with the university's educational objectives and standards. This document is essential for both students and faculty, as it clarifies the expectations and requirements for participation in extracurricular activities. The relationship between the implementation rules and the specific articles of regulation indicates a cohesive approach to governance within the university's extracurricular framework. [Data: Entities (2123); Relationships (2779, 2781)]

## Regulation Article 4 addresses activities during leave of absence

Article 4 of the regulations stipulates that students on leave of absence may only engage in activities recognized by the university. This provision is significant as it ensures that even during periods of non-enrollment, students remain connected to the university's standards and programs. The regulation also emphasizes the importance of point accumulation during recognized semesters, which can affect students' academic records and future opportunities. This highlights the university's commitment to maintaining a structured and accountable environment for all students, regardless of their enrollment status. [Data: Entities (2121); Relationships (2781)]

## Interconnectedness of regulations enhances compliance

The interconnected nature of the regulations and implementation rules suggests a well-thought-out governance structure that promotes compliance among students. By linking specific articles to the overarching implementation rules, the university creates a clear pathway for students to understand their rights and responsibilities regarding extracurricular activities. This interconnectedness is vital for fostering a culture of accountability and ensuring that students are aware of the implications of their participation in these programs. [Data: Relationships (2779, 2781)]",4.0
1220,Academic Evaluation Community,0.0013831258644536654,"# Academic Evaluation Community

The community focuses on academic evaluation criteria, particularly related to external academic organizations and international conference chair activities. The entities are interconnected through their shared emphasis on academic performance assessment.

## Significance of Academic Evaluation Criteria

The entity '학술' represents a critical aspect of academic evaluation, focusing on criteria related to external academic organization leaders and international conference chairs. This entity is essential for understanding how academic performance is assessed and recognized within the community. The evaluation criteria outlined in this entity can influence the standards and expectations for academic professionals, thereby impacting their career trajectories and institutional reputations. [Data: Entities (4412)]

## Role of External Academic Organizations

The entity '교외학술' pertains to evaluation criteria for national-level academic organization leaders and international conference chairs. This highlights the importance of external academic bodies in shaping the evaluation landscape. The relationship between '학술' and '교외학술' indicates that the evaluation criteria are interconnected, suggesting that the performance of individuals in these roles is assessed based on a unified set of standards. This interconnectedness can lead to a more cohesive understanding of academic excellence across different institutions. [Data: Entities (4413); Relationships (6246)]

## Interconnectedness of Evaluation Criteria

The relationship between '학술' and '교외학술' signifies that the evaluation criteria for academic performance are not isolated but rather part of a broader framework. This interconnectedness suggests that changes or updates in one area could have ripple effects across the community, influencing how academic achievements are recognized and valued. Understanding these relationships is crucial for stakeholders aiming to navigate the academic landscape effectively. [Data: Relationships (6246)]

## Impact on Academic Standards

The criteria outlined in the entities have significant implications for academic standards and practices. As these evaluation criteria are used to assess academic professionals, they can directly influence hiring, promotion, and funding decisions within educational institutions. This impact underscores the importance of maintaining rigorous and fair evaluation processes to uphold the integrity of academic standards. [Data: Entities (4412, 4413); Relationships (6246)]",4.0
326,Seasonal Course Registration Policies,0.0013831258644536654,"# Seasonal Course Registration Policies

The community focuses on the policies surrounding seasonal course registration, including cancellation and refund procedures. The entities are interconnected through their regulations, which outline the conditions under which students can cancel their registrations and the criteria for refunding fees.

## Cancellation Policy for Seasonal Course Registration

The entity '계절학기 수강신청 취소' outlines the conditions under which students can cancel their seasonal course registrations. This policy is crucial as it specifies that cancellations are only permitted for unavoidable reasons such as illness, military service, legal epidemics, or natural disasters. This limitation can significantly affect students' ability to manage their course loads and financial obligations, especially in unforeseen circumstances. [Data: Entities (6116); Relationships (9578)]

## Refund Policy Overview

The '제 7 조 수강료 또는 수강료 반환' entity details the requirements for students wishing to receive refunds for their course fees. It emphasizes that students must pay a specified fee to enroll in seasonal courses and outlines the conditions under which refunds can be issued. This policy is essential for students to understand their financial responsibilities and the potential for recovering costs if they need to withdraw from a course. [Data: Entities (6117); Relationships (9578)]

## Criteria for Refunds

The '수강료 반환 기준' entity specifies the timeline and conditions for refunding course fees. Refunds are categorized based on the timing of the cancellation, with different rules applying before the start of classes and during the course. This structured approach helps students make informed decisions about their enrollment and financial commitments, ensuring transparency in the refund process. [Data: Entities (6118); Relationships (9580)]

## Interconnectedness of Policies

The relationships between the entities highlight how the cancellation policy, refund policy, and refund criteria are interlinked. For instance, the cancellation policy directly influences the refund policy, as students can only receive refunds under specific conditions outlined in the cancellation guidelines. This interconnectedness is vital for understanding the overall framework governing seasonal course registrations. [Data: Relationships (9578, 9580)]

## Implications for Students

The policies surrounding seasonal course registration have significant implications for students, particularly regarding their financial planning and academic progression. Understanding these policies is essential for students to navigate their educational paths effectively, especially in light of potential emergencies that may necessitate course cancellations. The clarity and accessibility of these policies can greatly impact student satisfaction and retention. [Data: Entities (6116, 6117, 6118); Relationships (9578, 9580)]",4.0
175,Hansung University Governance and Regulations,0.10650069156293222,"# Hansung University Governance and Regulations

The community is centered around Hansung University, encompassing various regulations and guidelines that govern its operations, student rights, and institutional responsibilities. Key entities include documents outlining purposes, definitions, and operational procedures that collectively ensure the university's compliance and functionality.

## Diverse Purposes of Regulations

The entity '제1조 목적' outlines multiple purposes that are essential for the governance of Hansung University. These include the protection of human rights, procedures for public interest reporting, labor-management cooperation, and job support services. Each of these purposes plays a vital role in ensuring that the university operates within legal frameworks and promotes a supportive environment for its members. The emphasis on human rights protection is particularly significant, as it reflects the university's commitment to upholding dignity and value among its students and staff [Data: Entities (530); Relationships (817)].

## Definitions and Key Terms

The entity '제2조 정의' provides critical definitions that clarify terms used within the university's regulations. This includes definitions of 'public interest violations' and 'public interest reports,' which are essential for understanding the scope of the university's responsibilities under the Public Interest Whistleblower Protection Act. By establishing clear definitions, the university ensures that all stakeholders are aware of their rights and obligations, thereby fostering a transparent and accountable environment [Data: Entities (8772); Relationships (14509)].

## Operational Guidelines for Job Support

The '제2조 기능' entity details the functions of the University Job Plus Center, which is designed to support students in their job search and career development. This center plays a crucial role in enhancing employability and providing resources for students, thereby contributing to their overall success and well-being. The operational guidelines ensure that the center effectively meets the needs of students while aligning with the university's broader mission [Data: Entities (531); Relationships (818)].

## Regulations on Research Students

The '연구등록생에 관한 규정 제 2 조' outlines the qualifications and procedures for research students at Hansung University. This regulation is vital for maintaining academic standards and ensuring that only qualified individuals engage in research activities. By establishing clear criteria for research registration, the university safeguards the integrity of its research programs and promotes a culture of excellence [Data: Entities (4035); Relationships (5704)].

## Management of Special Work Allowances

The '특수근무수당 지급에 관한 내규 제 2 조' specifies the criteria for special work allowances, which are additional compensations for employees engaged in particularly hazardous or specialized tasks. This regulation is important for ensuring fair compensation practices and recognizing the contributions of staff who undertake challenging roles. By clearly defining the criteria for these allowances, the university promotes equity and motivation among its employees [Data: Entities (6443); Relationships (10170)].",7.5
22,Hansung Academy Governance and Regulations,0.07053941908713693,"# Hansung Academy Governance and Regulations

The community centers around Hansung Academy, a legal entity responsible for managing educational institutions in South Korea. Key entities include the governing body, various regulations, and personnel committees that oversee the operations and compliance of the academy. The relationships among these entities highlight the structured governance and regulatory framework that supports educational administration.

## Hansung Academy's central role in education

Hansung Academy operates as a legal entity responsible for managing secondary and higher education institutions in South Korea. It oversees the appointment of faculty, the establishment of educational regulations, and the governance of various committees. This central role positions Hansung Academy as a critical player in the educational landscape, influencing policies that affect both faculty and students. The academy's governance structure includes a board of directors and various committees that ensure compliance with educational standards and regulations [Data: Entities (719, 3162); Relationships (5074, 12844)].

## Regulatory framework established by governing documents

The governing documents of Hansung Academy, including its Articles of Incorporation and various regulations, provide a comprehensive framework for its operations. These documents outline the roles and responsibilities of the governing body, the establishment of councils, and the procedures for faculty appointments and disciplinary actions. The detailed regulations ensure that the academy operates within legal parameters and maintains educational standards, which is crucial for its reputation and effectiveness [Data: Entities (2798, 7859, 7861, 7862); Relationships (12718, 12895, 12897, 12899)].

## Composition and function of the University Council

The University Council, as established by Article 112 of the governing documents, plays a vital role in deliberating on significant educational matters. This council is composed of various stakeholders, including faculty, staff, and students, ensuring that diverse perspectives are considered in decision-making processes. The council's composition and its operational guidelines are critical for maintaining transparency and accountability within the academy [Data: Entities (7859, 7861, 7862); Relationships (12895, 12897, 12899)].

## Personnel Committee's influence on faculty management

The Personnel Committee, chaired by the Dean of Academic Affairs, is responsible for key decisions regarding faculty appointments, promotions, and disciplinary actions. This committee's composition includes appointed faculty members, which helps ensure that decisions are made fairly and in accordance with established regulations. The committee's operations are essential for maintaining a high standard of faculty performance and institutional integrity [Data: Entities (723, 12933, 12934, 12935, 12936); Relationships (1156, 1157)].

## Scholarship regulations and their implications

Hansung Academy has established various scholarship regulations that govern the distribution of financial aid to students. These regulations include provisions for international students and specific scholarship programs aimed at supporting students from the Hansung family. The implementation of these scholarships is crucial for promoting accessibility and diversity within the academy, impacting student enrollment and retention rates [Data: Entities (8367, 8368, 8369); Relationships (13854, 13855, 13856)].",7.5
107,Extracurricular Programs at 한성대학교,0.005532503457814661,"# Extracurricular Programs at 한성대학교

The community focuses on the extracurricular programs at 한성대학교, particularly the 비교과교육과정, which supports various student activities outside the formal curriculum. Key entities include the 비교과포인트제도, 스마트자기관리시스템, and various operational guidelines that enhance student engagement and educational experience.

## Central role of 비교과교육과정

The 비교과교육과정 is the cornerstone of the community, designed to enhance students' extracurricular activities at 한성대학교. This program is crucial as it encompasses a wide range of educational activities that fall outside the formal curriculum, thereby enriching the overall student experience. The program's structure allows for various departments and faculties to contribute, ensuring a diverse array of activities that cater to different student interests. The effectiveness of this program can significantly impact student satisfaction and engagement, which in turn affects the university's reputation. [Data: Entities (1184); Relationships (1701, 1702, 10096)]

## Integration with 비교과포인트제도

The 비교과포인트제도 is closely linked to the 비교과교육과정, providing a framework for recognizing student participation in extracurricular activities. This points system incentivizes students to engage more actively in non-curricular programs, which can lead to enhanced personal development and skill acquisition. The relationship between these two entities highlights the university's commitment to fostering a holistic educational environment. The points system not only encourages participation but also serves as a metric for evaluating student involvement in various programs. [Data: Entities (1185); Relationships (1701)]

## Support from 스마트자기관리시스템

The 스마트자기관리시스템 plays a supportive role in the operation of the 비교과교육과정, facilitating better management and tracking of student activities. This system is essential for ensuring that students can effectively engage with the various programs offered, as it provides tools for self-management and organization. By integrating technology into the extracurricular framework, the university enhances the accessibility and efficiency of its programs, which can lead to higher student participation rates. [Data: Entities (1186); Relationships (1702)]

## Operational guidelines and program types

The operational guidelines, including the 운영 프로그램 기준 및 유형 and 비교과 프로그램 세부 유형, outline the standards and types of programs available under the 비교과교육과정. These guidelines ensure that the programs are well-structured and meet educational objectives, which is vital for maintaining quality and relevance in extracurricular offerings. The detailed categorization of programs, such as workshops, volunteer activities, and competitions, allows for targeted engagement strategies that can cater to diverse student interests. [Data: Entities (6408, 6409); Relationships (10097)]

## Diversity of extracurricular activities

The community encompasses a wide variety of extracurricular activities, including workshops, field experiences, and mentoring programs. This diversity is crucial for catering to the varied interests of students, allowing them to explore different areas outside their academic pursuits. By offering a broad spectrum of activities, the university not only enhances student engagement but also fosters a sense of community among participants. This can lead to improved social skills and networking opportunities for students, which are essential for their future careers. [Data: Entities (6409)]",6.5
1441,Non-Book Materials Acquisition and Management,0.004149377593360996,"# Non-Book Materials Acquisition and Management

The community focuses on the processes and regulations surrounding the selection, purchase, and management of non-book materials in educational institutions. Key entities are interconnected through various processes, including budgeting, selection, and acquisition, which are essential for the effective management of these resources.

## Centrality of Non-Book Materials Management

The entity '비도서자료의 선정, 구입 및 관리에 관한 사항' serves as the central hub for the community, encompassing all procedures and regulations related to the selection and management of non-book materials. This entity's significance is underscored by its relationships with other entities, which highlight the necessity of structured processes for acquiring and managing these resources. The interconnectedness of these processes indicates that any disruption in this central entity could have cascading effects on the entire community's ability to function effectively. [Data: Entities (1898); Relationships (2477, 2478, 2480, 2481, 2482, +more)]

## Importance of Budgeting in Resource Acquisition

The entity '예산편성' plays a crucial role in the community by overseeing the budgeting processes necessary for acquiring non-book materials. This entity's relationship with the central management entity emphasizes the importance of financial planning in ensuring that educational institutions can meet their diverse needs. Effective budgeting is essential for the sustainability of resource acquisition, and any inadequacies in this area could lead to significant challenges in obtaining necessary materials. [Data: Entities (1899); Relationships (2478)]

## Process of Selecting Non-Book Materials

The entity '구입자료 선정' is integral to the community as it outlines the process of selecting non-book materials for purchase. This selection process is critical for ensuring that the materials acquired meet the specific needs of educational institutions. The relationship between this entity and the central management entity indicates that selection is a foundational step in the overall acquisition process, and any flaws in this stage could compromise the quality of resources available to students and faculty. [Data: Entities (1901); Relationships (2481)]

## Acquisition and Verification of Materials

The entities '자료구입' and '구입자료 검수' are essential for the actual purchase and verification of non-book materials. These processes ensure that the materials acquired are not only suitable but also meet the required standards upon receipt. The relationship between these entities and the central management entity highlights the importance of thorough verification in maintaining the integrity of the resource acquisition process. Any lapses in these areas could lead to the procurement of substandard materials, affecting the educational quality. [Data: Entities (1902, 1903); Relationships (2482, 2483)]

## Handling of Special Materials

The entity '특수자료(대출제한자료) 처리' addresses the specific processes involved in managing special materials that have restricted lending policies. This aspect of the community is crucial for ensuring that sensitive or high-demand resources are handled appropriately. The relationship with the central management entity indicates that special materials require distinct procedures to ensure compliance and proper usage, which is vital for maintaining the integrity of educational resources. [Data: Entities (1905); Relationships (2485)]",6.5
56,Employee Research Funding Committee and Award Regulations,0.004149377593360996,"# Employee Research Funding Committee and Award Regulations

The community is centered around the Employee Research Funding Committee and its associated regulations and committees that govern employee awards and evaluations. The entities are interconnected through various regulations and decision-making processes, highlighting the structured approach to employee recognition and funding.

## Role of the Employee Research Funding Committee

The Employee Research Funding Committee is a pivotal entity responsible for overseeing the evaluation process for employee research funding. This committee ensures that all relevant aspects of funding applications are thoroughly considered, which is crucial for maintaining fairness and transparency in the allocation of resources. The committee's decisions can significantly impact employee motivation and research output, making its role vital in the organizational structure. [Data: Entities (683); Relationships (1077)]

## Interconnection with Award Regulations

The committee's operations are closely linked with various award regulations, particularly the 3-2-21 Employee Award Regulations. These regulations outline the criteria and processes for recommending and evaluating award candidates, ensuring that the recognition of employee contributions is systematic and fair. The relationship between the committee and these regulations underscores the importance of structured governance in employee recognition. [Data: Entities (3208); Relationships (4335, 4334)]

## Decision-making Process Involving the Personnel Committee

The Personnel Committee plays a crucial role in the decision-making process regarding employee awards, as outlined in the 6th article of the award regulations. This committee is responsible for deliberating on award candidates and ensuring that the evaluation process is thorough and just. The involvement of the Personnel Committee adds an additional layer of oversight, which is essential for maintaining the integrity of the award process. [Data: Entities (3207); Relationships (4336)]

## Specific Articles Governing Award Recommendations

The 5th article of the award regulations details the procedures for recommending award candidates, emphasizing the importance of departmental input in the recognition process. This structured approach ensures that recommendations are based on merit and contributions, fostering a culture of appreciation within the organization. The clear guidelines provided in this article help streamline the recommendation process, making it more efficient and transparent. [Data: Entities (3204); Relationships (4334)]

## Meeting Procedures for Award Deliberations

The 7th article of the award regulations outlines the procedures for convening meetings of the award deliberation committee. This ensures that discussions regarding award candidates are conducted in an organized manner, allowing for comprehensive evaluations. The formalization of meeting procedures is crucial for maintaining accountability and ensuring that all relevant voices are heard during the deliberation process. [Data: Entities (3206); Relationships (4339)]",6.5
396,Examination Community: Additional and Regular Assessments,0.0027662517289073307,"# Examination Community: Additional and Regular Assessments

The community focuses on various examination types, including regular exams, additional exams for students unable to attend due to natural disasters, and ongoing assessments. The relationships among these entities highlight the processes involved in examination participation and the implications of unforeseen circumstances.

## Role of Additional Exams in the Community

The additional exam serves as a crucial mechanism for students who miss regular assessments due to valid reasons such as natural disasters. This entity is directly linked to the examination process, ensuring that students have a fair opportunity to demonstrate their knowledge despite unforeseen circumstances. The relationship between additional exams and the act of taking exams underscores the importance of flexibility in educational assessments. [Data: Entities (7549, 7550); Relationships (12327, 12328, 12329)]

## Importance of Regular and Ongoing Assessments

Regular assessments, including midterms and finals, are fundamental to evaluating student learning outcomes. The community includes various types of exams, such as the '수시시험' (ongoing assessments) and '정기시험' (regular exams), which are essential for tracking student progress throughout the course. The interconnectedness of these assessments highlights the structured approach to education and the necessity of maintaining academic standards. [Data: Entities (7545, 7547, 7548); Relationships (12322, 12325)]

## Impact of Natural Disasters on Examination Processes

Natural disasters are recognized as valid reasons for students to miss exams, leading to the implementation of additional exams. This relationship emphasizes the community's responsiveness to external factors that can disrupt educational activities. The acknowledgment of natural disasters as a legitimate cause for rescheduling assessments reflects a commitment to student welfare and academic integrity. [Data: Entities (7544, 7554); Relationships (12329)]

## Documentation Required for Additional Exams

The examination acknowledgment form is a critical document that students must submit to apply for additional exams. This requirement ensures that there is a formal process in place for students seeking to make up for missed assessments, thereby maintaining the integrity of the examination system. The relationship between the acknowledgment form and additional exams highlights the procedural aspects of educational assessments. [Data: Entities (7551); Relationships (12328)]

## Interconnectedness of Examination Types

The community illustrates a complex web of relationships among different types of exams, including regular, ongoing, and additional assessments. This interconnectedness is vital for understanding how various examination formats contribute to a comprehensive evaluation of student performance. The relationships among these entities indicate a well-structured educational framework that accommodates diverse learning needs and circumstances. [Data: Relationships (12322, 12325, 12327, 12328)]",6.5
419,Campus Facility Management and Safety Regulations,0.0027662517289073307,"# Campus Facility Management and Safety Regulations

The community focuses on various aspects of campus facility management, including long-term space planning, equipment management, energy management, fire safety, and landscape management. The entities are interconnected, highlighting the importance of comprehensive management practices to ensure safety and efficiency within the campus.

## Interconnectedness of Facility Management Entities

The entities within this community are highly interconnected, with each aspect of facility management influencing others. For instance, the long-term space planning is directly related to the management of various facilities and equipment, indicating that effective planning is essential for overall campus functionality. This interconnectedness suggests that failures in one area could lead to significant issues in others, emphasizing the need for a holistic approach to facility management. [Data: Entities (1797, 1798); Relationships (2389)]

## Importance of Energy Management

Energy management is a critical component of campus operations, as it directly impacts both operational efficiency and sustainability. The relationship between energy management and heating/cooling control highlights the necessity of effective energy practices to maintain comfortable and safe environments. This aspect is crucial for reducing operational costs and ensuring compliance with environmental regulations. [Data: Entities (1799, 1803); Relationships (2394)]

## Fire Safety Regulations

Fire safety is a vital concern within the campus, as indicated by the entity focused on fire prevention and safety regulations. This entity encompasses responsibilities that are essential for protecting students and staff, and ensuring compliance with safety standards. The relationship between fire safety and facility management underscores the importance of integrating safety measures into all aspects of campus operations. [Data: Entities (1802); Relationships (2393)]

## Role of Landscape Management

Landscape management is another important aspect of campus operations, contributing to the aesthetic and functional quality of the environment. The relationship between landscape management and the preservation of design drawings indicates that effective management practices are necessary for maintaining the campus's visual appeal and functionality. This aspect can also influence student satisfaction and overall campus experience. [Data: Entities (1800, 1801); Relationships (2395)]

## Comprehensive Management Framework

The community reflects a comprehensive management framework that encompasses various operational items related to campus facilities. This framework is essential for ensuring that all aspects of facility management are addressed, from long-term planning to day-to-day operations. The interconnected nature of these entities suggests that a failure in one area could have cascading effects, highlighting the importance of a coordinated approach to facility management. [Data: Entities (1797, 1798, 1799, 1800, 1801, 1802, 1803); Relationships (2389, 2392, 2393, 2394, 2395)]",6.5
1521,Admission Process and Committee Operations,0.0027662517289073307,"# Admission Process and Committee Operations

The community focuses on the admission process, specifically the announcement of successful candidates and the related committee operations. Key entities include the announcement of successful candidates, the admission application process, and the operational aspects of the relevant committee, all of which are interconnected.

## Interconnection of Admission Processes

The admission application process and the announcement of successful candidates are closely related, indicating that they are critical stages in the overall admission workflow. The relationship between these two entities highlights the importance of timely and accurate communication regarding admissions, which can significantly affect prospective students' decisions and experiences. This interconnectedness suggests that any issues in one area could directly impact the other, potentially leading to confusion or dissatisfaction among applicants. [Data: Entities (1540, 1541); Relationships (2089)]

## Role of the Committee in Admissions

The committee's operations are essential for the successful announcement of candidates, as they oversee the admission process. This relationship underscores the committee's responsibility in ensuring that the admission criteria are met and that the process is conducted fairly and transparently. Any shortcomings in the committee's operations could lead to significant repercussions, including disputes over admissions and damage to the institution's reputation. [Data: Entities (1541); Relationships (2091)]

## Documentation and its Importance

Page 51 contains critical information regarding the admission application process and the announcement of successful candidates, indicating that proper documentation is vital for clarity and compliance. This documentation serves as a reference point for both the committee and applicants, ensuring that all parties are informed about the procedures and requirements. The presence of such documentation can help mitigate misunderstandings and streamline the admission process. [Data: Entities (1551); Relationships (2090)]

## Potential for Confusion in Admissions

The overlapping nature of the admission application process and the announcement of successful candidates could lead to confusion if not managed properly. If applicants are not clearly informed about the timelines and criteria for both processes, it could result in frustration and a negative perception of the institution. Effective communication strategies are essential to ensure that all stakeholders are aligned and informed throughout the admission cycle. [Data: Relationships (2089)]

## Impact of Committee Operations on Admissions

The operational aspects of the committee directly influence the efficiency and effectiveness of the admission process. A well-functioning committee can enhance the overall experience for applicants, while inefficiencies can lead to delays and dissatisfaction. The committee's ability to manage its responsibilities effectively is crucial for maintaining the integrity and reputation of the admission process. [Data: Relationships (2091)]",6.5
1582,AI Interview Room and Student Counseling Management,0.0027662517289073307,"# AI Interview Room and Student Counseling Management

The community focuses on the management of AI interview rooms and student counseling services, highlighting their interconnected roles in educational support. The AI interview room management and student counseling operations are related, indicating a collaborative approach to enhancing educational experiences.

## Interconnection of AI Interview Room and Student Counseling

The AI interview room management and student counseling operations are closely related, as both serve as essential components of educational support. This relationship suggests that improvements or changes in one area could directly influence the other, potentially enhancing the overall educational experience for students. The combined degree of 4 indicates a significant level of interdependence between these two entities, emphasizing the need for coordinated management strategies. [Data: Entities (1052, 1053); Relationships (1544)]

## Role of AI Interview Room Management

The AI interview room management is crucial for facilitating modern interview processes, which can significantly impact students' career readiness. By providing a structured environment for practice interviews, this entity plays a vital role in preparing students for real-world job applications. The management of this facility is essential for ensuring that students have access to the necessary resources and support to succeed in their job search endeavors. [Data: Entities (1052)]

## Importance of Student Counseling Operations

The student counseling operations are fundamental in addressing the academic and personal needs of students. This entity focuses on providing guidance and support, which is critical for student well-being and success. Effective counseling can lead to improved academic performance and better mental health outcomes, making this entity a key player in the educational landscape. [Data: Entities (1053)]

## Educational Support as a Unified Goal

Both the AI interview room management and student counseling operations aim to enhance educational support, indicating a unified goal within the community. This alignment suggests that collaborative efforts between these entities could lead to more comprehensive support systems for students, ultimately fostering a more conducive learning environment. The synergy between these operations can be leveraged to create innovative programs that address various student needs. [Data: Relationships (1544)]",4.0
545,교원창업 규정 및 겸직 허가,0.0013831258644536654,"# 교원창업 규정 및 겸직 허가

이 커뮤니티는 교원창업에 관한 규정과 관련된 여러 규정 및 서류들로 구성되어 있으며, 겸직 허가 및 연장과 관련된 중요한 정보를 포함하고 있습니다. 각 엔티티는 서로 연결되어 있으며, 교원창업에 관한 규정은 이들 간의 관계의 중심에 있습니다.

## 교원창업에 관한 규정의 중요성

교원창업에 관한 규정은 이 커뮤니티의 중심 엔티티로, 겸직 허가 및 연장과 관련된 여러 조항을 포함하고 있습니다. 이 규정은 교원들이 창업을 통해 연구 및 교육 활동을 어떻게 수행할 수 있는지를 규정하며, 이는 교육 기관의 운영에 중대한 영향을 미칠 수 있습니다. 규정의 제6조와 제7조는 특히 겸직 허가와 연장에 대한 절차를 명시하고 있어, 교원들의 창업 활동에 대한 법적 근거를 제공합니다 [Data: Entities (603); Relationships (931, 927, 925, 926)]

## 겸직 연장 허가의 절차

겸직 연장 허가는 교원들이 창업 활동을 지속하기 위해 반드시 따라야 하는 절차로, 이 과정에서 제출해야 하는 서류들이 명시되어 있습니다. 교원들은 겸직 연장을 원할 경우 사업계획서, 겸직 연장 신청서, 사업성과 증빙서류를 제출해야 하며, 이는 교원창업에 관한 규정의 일환으로 포함되어 있습니다. 이러한 절차는 교원들이 창업 활동을 합법적으로 수행할 수 있도록 보장합니다 [Data: Entities (599, 601, 600, 602); Relationships (929, 928, 930)]

## 겸직 허가의 법적 요구사항

겸직 허가는 교원들이 창업을 승인받기 위해 반드시 필요한 절차로, 교수지원팀을 통해 총장의 허가를 받아야 합니다. 이는 교원들이 연구와 교육 외에 추가적인 활동을 수행할 수 있도록 하며, 이러한 법적 요구사항은 교원들의 전문성과 연구의 질을 높이는 데 기여할 수 있습니다. 겸직 허가는 교원창업에 관한 규정의 제6조에 명시되어 있습니다 [Data: Entities (597); Relationships (925)]

## 겸직 금지 조항의 존재

겸직 금지 조항은 특정 조건 하에 겸직을 허가할 수 있는 법적 근거를 제공합니다. 이는 교원들이 창업 활동을 수행하는 데 있어 법적 제약을 완화할 수 있는 중요한 요소로 작용할 수 있습니다. 이러한 조항은 교원들이 창업을 통해 교육 및 연구 환경에 긍정적인 영향을 미칠 수 있도록 지원합니다 [Data: Entities (598); Relationships (926)]",6.5
112,Research Institution Establishment Criteria,0.0013831258644536654,"# Research Institution Establishment Criteria

The community focuses on the criteria for establishing research institutions, highlighting the importance of external funding, university reputation, and the need for collaborative research. The entities are interconnected, with the establishment criteria encompassing various aspects that influence the formation and success of research institutions.

## Establishment Criteria as a Central Framework

The establishment criteria serve as the foundational framework for the formation of research institutions. This entity outlines the necessary standards and guidelines that must be met for a research institution to be recognized and funded. The criteria encompass various aspects, including the need for external funding, the reputation of the university, and the promotion of collaborative research. These elements are crucial for ensuring that new research institutions can operate effectively and contribute to the academic community. [Data: Entities (3575); Relationships (5018, 5019, 5020)]

## External Funding as a Key Component

External funding is highlighted as a significant factor in the establishment criteria for research institutions. Securing external funding can enhance the viability and sustainability of a research institution, allowing it to pursue innovative projects and attract top talent. The relationship between external funding and the establishment criteria indicates that institutions must demonstrate their ability to secure such funding to be considered for establishment. This aspect is critical in a competitive academic landscape where resources are often limited. [Data: Entities (3576); Relationships (5018)]

## University Reputation's Influence

The reputation of the university plays a vital role in the establishment criteria for research institutions. A strong university reputation can facilitate the establishment process by attracting funding, partnerships, and high-quality researchers. The relationship between university reputation and the establishment criteria suggests that institutions must leverage their existing reputation to enhance their chances of being recognized as legitimate research entities. This dynamic underscores the importance of maintaining and improving university standing in the academic community. [Data: Entities (3577); Relationships (5019)]

## Need for Collaborative Research

The promotion of collaborative research is identified as a necessary component of the establishment criteria for research institutions. Collaborative research can lead to innovative solutions and advancements in various fields, making it a critical aspect of modern research practices. The relationship between collaborative research and the establishment criteria indicates that institutions must prioritize partnerships and collaborative efforts to be successful. This focus on collaboration reflects a broader trend in academia towards interdisciplinary and cooperative research initiatives. [Data: Entities (3578); Relationships (5020)]",6.0
955,Family Company Regulations and Hanseong University,0.0013831258644536654,"# Family Company Regulations and Hanseong University

The community centers around the Family Company Regulations document and its relationship with Hanseong University's Industry-Academic Cooperation Office and Foundation. The regulations outline various benefits and are directly associated with the university's efforts to establish these guidelines.

## Family Company Regulations as a foundational document

The Family Company Regulations document serves as a crucial framework for the governance of family companies, detailing the rules and benefits associated with their operation. This document is essential for ensuring compliance and guiding the practices of family-owned businesses, which can significantly influence the local economy and business landscape. The regulations are designed to provide clarity and structure, which can help mitigate conflicts and enhance operational efficiency within family companies. [Data: Entities (6627)]

## Role of Hanseong University in establishing regulations

Hanseong University's Industry-Academic Cooperation Office and Foundation play a pivotal role in the creation and implementation of the Family Company Regulations. Their involvement indicates a commitment to fostering strong ties between academia and industry, which can lead to innovative practices and enhanced educational opportunities. The university's authority in this area lends credibility to the regulations, potentially influencing other institutions and organizations to adopt similar frameworks. [Data: Entities (6625), Relationships (10495)]

## Benefits outlined in the Family Company Regulations

The Family Company Regulations include various benefits that are designed to support family-owned businesses. These benefits may encompass financial incentives, operational guidelines, and support mechanisms that can enhance the sustainability and growth of these companies. By clearly outlining these advantages, the regulations aim to encourage compliance and participation among family businesses, which can lead to a more robust economic environment. [Data: Relationships (10518)]

## Interconnection between regulations and academic institutions

The relationship between the Family Company Regulations and Hanseong University highlights the importance of academic institutions in shaping business practices. This connection suggests that universities can play a significant role in developing policies that affect the business community, thereby bridging the gap between theory and practice. The collaboration may also foster research opportunities and practical applications of academic knowledge in real-world business scenarios. [Data: Relationships (10495)]",4.5
90,Han Sung University Academic Regulation Changes,0.0013831258644536654,"# Han Sung University Academic Regulation Changes

The community centers around the changes to the academic regulations at Han Sung University, with specific dates marking the announcements of these changes. The relationships between the entities highlight the timeline and supplementary regulations associated with the main academic regulation change.

## Overview of the academic regulation change

The primary entity in this community is the academic regulation change at Han Sung University, which is a significant event affecting the university's governance and academic structure. This change is crucial as it can influence the academic environment, student performance, and faculty operations. The regulation change is documented and has been officially announced, indicating its importance in the university's administrative processes. [Data: Entities (5446); Relationships (8238)]

## Timeline of announcements

The academic regulation change has specific announcement dates that are critical for understanding its implementation and impact. The first announcement was made on April 14, 2021, followed by subsequent announcements on June 11, 2021, and August 19, 2021. These dates are essential for tracking the progression of the regulation changes and their acceptance within the university community. Each announcement date signifies a step in the regulatory process, which may affect students and faculty differently based on when they were informed. [Data: Entities (5443, 5444, 5445); Relationships (8235, 8236, 8237)]

## Supplementary regulations

The relationship between the main academic regulation change and its supplementary regulations is significant. The supplementary regulations provide additional context and details that may clarify or expand upon the main changes. Understanding these supplementary regulations is vital for stakeholders, including students and faculty, as they navigate the new academic landscape. The existence of these supplementary regulations indicates a structured approach to implementing the changes, ensuring that all aspects are covered. [Data: Relationships (8238)]

## Potential impact on stakeholders

The changes to the academic regulations at Han Sung University could have various implications for students and faculty. For students, these changes may affect their academic paths, course requirements, and overall educational experience. Faculty members may also need to adjust their teaching methods and course structures in response to the new regulations. The community must be aware of these potential impacts to prepare adequately for the transition. [Data: Entities (5446); Relationships (8235, 8236, 8237)]",4.0
1440,Regulatory Amendments Community,0.0013831258644536654,"# Regulatory Amendments Community

The community consists of a series of regulatory amendments, each with specific effective dates and interrelations. The amendments are connected through their chronological updates, indicating a structured evolution of regulations over time.

## Chronological structure of amendments

The community is built around a series of amendments, each with a specific effective date. The amendments from 2020 and 2021 show a clear timeline of regulatory changes, which is crucial for understanding the evolution of the regulations. The amendments are interconnected, indicating that changes in one may influence the others, which is important for compliance and legal interpretations. [Data: Entities (6551, 6549, 6550); Relationships (10403, 10401, 10402)]

## Interconnections between amendments

The relationships between the amendments highlight their interdependencies. For instance, the amendment from October 15, 2020, is related to the one from December 22, 2020, suggesting that the latter may have been influenced by the former. This interconnectedness is vital for stakeholders to understand how changes in one regulation can affect others, potentially leading to compliance challenges. [Data: Relationships (10401, 10402)]

## Recent amendments indicate ongoing regulatory updates

The most recent amendment, effective from March 1, 2021, signifies that the regulatory framework is actively being updated. This ongoing process of amendment suggests that stakeholders must remain vigilant and adaptable to comply with the latest regulations. The frequency of updates may also indicate a responsive regulatory environment that seeks to address emerging issues. [Data: Entities (6551); Relationships (10403)]

## Potential compliance implications

The amendments collectively represent a significant body of regulatory changes that could have substantial implications for compliance. Organizations and individuals affected by these regulations must ensure they are aware of the latest amendments and their effective dates to avoid potential legal repercussions. The interconnected nature of these amendments further complicates compliance efforts, as changes in one area may necessitate adjustments in others. [Data: Entities (6551, 6549, 6550); Relationships (10401, 10402)]",4.0
346,HanSeong University Equipment Utilization Center,0.0013831258644536654,"# HanSeong University Equipment Utilization Center

The community is centered around the HanSeong University Equipment Utilization Center, which comprises various regulations and organizational structures aimed at maximizing the use of shared equipment and enhancing research capabilities between the university and industry. The relationships among the entities highlight the purpose, organization, and duties of the center.

## Purpose of the Equipment Utilization Center

The HanSeong University Equipment Utilization Center is established with the primary purpose of maximizing the use of shared equipment and enhancing research capabilities between the university and industry. This purpose is outlined in the center's regulations, indicating its importance in fostering collaboration and supporting research initiatives. The center aims to bridge the gap between academic research and industrial application, which can lead to significant advancements in various fields. [Data: Entities (784); Relationships (1252)]

## Organizational Structure of the Center

The organizational structure of the HanSeong University Equipment Utilization Center is defined in its regulations, specifying that the center director is appointed from among the full-time faculty by the university president. This structure ensures that the center is led by qualified individuals who can effectively manage its operations and strategic direction. The ability to appoint staff, researchers, and assistants further enhances the center's capacity to fulfill its mission. [Data: Entities (785); Relationships (1254)]

## Duties and Responsibilities of the Center

The duties and responsibilities of the HanSeong University Equipment Utilization Center are detailed in its regulations, which outline the specific tasks and functions the center is expected to perform. This includes managing shared equipment, facilitating research projects, and promoting collaboration between the university and industry. The clarity of these duties is crucial for the center's effectiveness in achieving its goals and supporting the research community. [Data: Entities (786); Relationships (1256)]

## Interconnectedness of Regulations

The relationships among the various regulations of the HanSeong University Equipment Utilization Center demonstrate a cohesive framework that supports its operations. Each regulation builds upon the others, creating a comprehensive structure that governs the center's purpose, organization, and duties. This interconnectedness is vital for ensuring that all aspects of the center work in harmony to achieve its objectives. [Data: Relationships (1252, 1254, 1256)]",4.0
340,Artwork Selection Committee Regulations,0.0013831258644536654,"# Artwork Selection Committee Regulations

The community is centered around the regulations governing the Artwork Selection Committee, which is responsible for the evaluation and selection of artworks for the Open Gallery. The regulations outline the committee's structure, functions, and procedures, establishing a framework for its operations.

## Regulatory Framework of the Artwork Selection Committee

The Artwork Selection Committee is governed by a set of regulations that define its purpose, structure, and functions. These regulations are crucial for ensuring that the selection process for artworks is transparent and fair. The committee is established under the Open Gallery's operational guidelines, which adds a layer of authority to its decisions. The regulations serve as a foundational document that guides the committee's activities and decision-making processes, ensuring that all members are aligned with the objectives of the Open Gallery. [Data: Entities (3230), Relationships (4375, 4376, 4377, 4378)]

## Composition of the Selection Committee

The selection committee is composed of key figures from the academic and artistic community, including the head of the Content Design College and department heads from relevant fields. This diverse composition is intended to bring various perspectives to the selection process, enhancing the quality of decisions made regarding artworks. The inclusion of appointed members ensures that the committee can adapt to the evolving needs of the gallery and the artistic community. This structure is designed to foster collaboration and ensure that the selection process is informed by a wide range of expertise. [Data: Entities (3231, 3232), Relationships (4375)]

## Functions and Responsibilities of the Committee

The committee is tasked with several critical functions, including the overall evaluation and selection of artworks for exhibition. This responsibility places the committee at the heart of the Open Gallery's operations, as the quality of selected artworks directly impacts the gallery's reputation and success. Additionally, the committee is responsible for gathering opinions related to the gallery's operations, which indicates its role in shaping the gallery's strategic direction. The committee's decisions can significantly influence public perception and engagement with the arts. [Data: Entities (3233), Relationships (4377)]

## Meeting Procedures and Decision-Making

The regulations outline specific procedures for how the committee conducts its meetings and makes decisions. Meetings are convened by the chairperson, and decisions require a majority vote from the attending members. This democratic approach to decision-making is essential for maintaining fairness and accountability within the committee. The requirement for a quorum ensures that decisions are made with adequate representation, which is vital for the integrity of the selection process. [Data: Entities (3234), Relationships (4378)]",4.0
1374,운영세칙 및 규정 커뮤니티,0.0013831258644536654,"# 운영세칙 및 규정 커뮤니티

이 커뮤니티는 운영세칙 제 29 조, 제 30 조 및 제 30 조 외의 사항으로 구성되어 있으며, 이들 간의 관계는 운영세칙과 규정의 내용을 포함하고 있습니다. 각 조항은 서로 연결되어 있으며, 법령 및 통상관례에 따른 규정의 중요성을 강조합니다.

## 운영세칙 제 29 조의 중요성

운영세칙 제 29 조는 협의회 운영과 관련된 사항을 제정할 수 있는 권한을 부여합니다. 이는 협의회의 운영을 규정하는 중요한 조항으로, 운영세칙의 기초를 형성합니다. 이 조항은 운영세칙 제 30 조와 밀접하게 연결되어 있으며, 두 조항은 함께 협의회의 운영을 규명하는 데 중요한 역할을 합니다. [Data: Entities (6361); Relationships (10008)]

## 운영세칙 제 30 조의 역할

운영세칙 제 30 조는 규정에 명시되지 않은 사항에 대해 법령 및 통상관례에 따른다는 내용을 포함하고 있습니다. 이는 협의회가 운영하는 데 있어 유연성을 제공하며, 법적 기준을 준수하는 데 필수적입니다. 이 조항은 운영세칙 제 30 조 외의 사항과도 관련이 있으며, 규정의 해석에 있어 중요한 기준이 됩니다. [Data: Entities (6362); Relationships (10010)]

## 운영세칙 제 30 조 외의 사항의 중요성

운영세칙 제 30 조 외의 사항은 규정에 명시되지 않은 사항을 다루며, 법령 및 통상관례에 따라 운영될 수 있음을 명시합니다. 이는 협의회가 직면할 수 있는 다양한 상황에 대한 대응 방안을 제시하며, 운영의 유연성을 높이는 데 기여합니다. 이 조항은 페이지 4에 위치하고 있으며, 운영세칙의 전체적인 이해를 돕는 중요한 요소입니다. [Data: Entities (6363); Relationships (10013)]

## 조항 간의 상호 연관성

운영세칙 제 29 조, 제 30 조 및 제 30 조 외의 사항은 서로 밀접하게 연결되어 있습니다. 제 29 조는 운영세칙을 제정할 수 있는 권한을 부여하고, 제 30 조는 규정에 명시되지 않은 사항에 대한 법적 기준을 제시합니다. 이러한 관계는 협의회의 운영을 보다 명확하게 이해하는 데 도움을 줍니다. [Data: Relationships (10008, 10010)]",4.0
1230,Graduate School Planning Committee and Regulations,0.0013831258644536654,"# Graduate School Planning Committee and Regulations

The community centers around the Graduate School Planning Committee at Hansung University, which is responsible for developing comprehensive plans for the graduate school. Key regulations, including Articles 61, 62, and 63, outline the committee's purpose, functions, and meeting procedures, all of which are documented in the university's regulations.

## Graduate School Planning Committee's role

The Graduate School Planning Committee is a crucial entity within this community, tasked with exploring comprehensive development plans for the graduate school at Hansung University. This committee plays a significant role in shaping the academic and administrative strategies of the graduate school, which can have long-term implications for the institution's educational quality and reputation. The committee's decisions are guided by specific regulations, ensuring that its functions align with the university's broader goals. [Data: Entities (2771), Relationships (3756)]

## Purpose and structure defined in Article 61

Article 61 outlines the purpose and structure of the Graduate School Planning Committee, stating that the committee is chaired by the graduate school dean and the vice-chair is appointed from the academic affairs department. This structure is essential for maintaining a clear leadership hierarchy and ensuring that the committee operates effectively. The defined roles help facilitate decision-making processes and ensure accountability within the committee. [Data: Entities (2773), Relationships (3760)]

## Functions outlined in Article 62

Article 62 describes the functions of the Graduate School Planning Committee, which include researching and deliberating on long-term and short-term development plans, management strategies, and administrative improvements for the graduate school. These functions are vital for the continuous improvement of the graduate programs and can significantly influence the university's academic standing and operational efficiency. [Data: Entities (2774), Relationships (3761)]

## Meeting procedures established in Article 63

Article 63 details the procedures for convening meetings and decision-making within the Graduate School Planning Committee. The chairperson is responsible for calling meetings and presiding over them, which is crucial for maintaining order and ensuring that discussions are productive. Clear meeting procedures help the committee function smoothly and make informed decisions that affect the graduate school. [Data: Entities (2775), Relationships (3762)]",4.0
305,3-3-24 교수개발비 운영 규정,0.0013831258644536654,"# 3-3-24 교수개발비 운영 규정

The community centers around the 3-3-24 교수개발비 운영에 관한 규정, which outlines the rules and obligations for faculty development funding applications. The entities are interconnected through specific articles and provisions that govern the application process and related regulations.

## Centrality of the 3-3-24 교수개발비 운영에 관한 규정

The 3-3-24 교수개발비 운영에 관한 규정 serves as the foundational document for the community, detailing the rules for faculty development funding. This regulation outlines the necessary procedures for faculty members to apply for funding, including submission deadlines and reporting requirements. Its central role indicates that any changes or issues related to this regulation could significantly impact faculty development programs and compliance within the institution. [Data: Entities (8929), Relationships (14813, 14812)]

## Importance of 보칙 제 6 조

The 보칙 제 6 조 is a critical provision within the 3-3-24 교수개발비 운영에 관한 규정, stating that any matters not specified in the regulation will be determined by the president. This clause introduces flexibility in the regulation but also raises concerns about potential inconsistencies in its application. The reliance on the president's discretion could lead to varying interpretations and implementations of the funding rules, affecting faculty members' ability to secure development funding. [Data: Entities (8928), Relationships (14812)]

## Regulatory obligations outlined in 교수개발비 신청 및 의무 제 5 조

The 교수개발비 신청 및 의무 제 5 조 specifies the obligations of faculty members seeking funding, including the requirement to submit applications one month prior to the development program and to provide a report within a month after its conclusion. This regulation ensures accountability and proper documentation of the use of funds, which is essential for maintaining the integrity of the funding process. Non-compliance with these obligations could result in funding denial or other penalties, highlighting the importance of adherence to these rules. [Data: Entities (8927), Relationships (14810)]

## Interconnectedness of the regulations

The relationships among the entities indicate a structured framework where each provision supports the others. For instance, the relationship between 교수개발비 신청 및 의무 제 5 조 and 보칙 제 6 조 shows that the obligations for funding applications are directly tied to the overarching regulations. This interconnectedness emphasizes the need for faculty members to understand the entire regulatory framework to navigate the funding process effectively. [Data: Relationships (14810)]",4.0
1126,고적 및 선본 관리 내규 Community,0.0013831258644536654,"# 고적 및 선본 관리 내규 Community

The community is centered around the regulations governing the management and access of historical artifacts and documents, specifically outlined in the 고적 및 선본 관리 내규. The entities are interconnected through their references to specific articles and their descriptions, indicating a structured approach to the preservation and accessibility of these materials.

## Regulatory Framework for Historical Documents

The community is defined by the 고적 및 선본 관리 내규, which outlines the management and access protocols for historical artifacts and documents. This framework is crucial for ensuring that these materials are preserved and accessible to qualified individuals, thereby maintaining academic standards and institutional integrity. The regulations are detailed in various articles, each addressing specific aspects of management and access. [Data: Entities (8728, 8729, 8727)]

## Access Qualifications for Historical Documents

Article 6 of the regulations specifies the qualifications required for individuals to access the historical documents, limiting access to faculty members and students of relevant departments. This restriction is significant as it ensures that only qualified individuals handle sensitive materials, thereby protecting the integrity of the documents and the institution. The qualifications are clearly outlined, emphasizing the importance of controlled access. [Data: Entities (8729); Relationships (14409)]

## Storage and Preservation Guidelines

Article 5 of the regulations details the storage requirements for historical documents, mandating that they be kept in designated areas within the academic library. This is essential for the preservation of the documents, as proper storage conditions can prevent deterioration and loss of valuable historical information. The emphasis on designated storage locations highlights the community's commitment to safeguarding its historical assets. [Data: Entities (8728); Relationships (14408)]

## Interconnectedness of Regulatory Articles

The relationships between the articles of the regulations indicate a structured and interconnected approach to managing historical documents. For instance, Article 5 is included within the broader context of Article 2, which covers storage and access. This interconnectedness suggests that the community operates under a cohesive framework, where each article supports the others in achieving the overall goal of effective management and access to historical documents. [Data: Entities (8727); Relationships (14405)]",4.0
493,Regulatory Amendments and Implementation Dates,0.0013831258644536654,"# Regulatory Amendments and Implementation Dates

This community consists of a series of regulatory amendments, each with specific implementation dates. The entities are interconnected through their effective dates and the relationships highlight the chronological progression of these regulations.

## Chronological relationship of amendments

The amendments are interconnected through their effective dates, creating a timeline of regulatory changes. For instance, the amendment effective from December 1, 2016, is related to the one effective from March 2, 2017, indicating a progression in regulatory requirements. This relationship suggests that organizations must be aware of the sequence of these regulations to ensure compliance. [Data: Entities (3715, 3716); Relationships (5243)]

## Significance of the September 1, 2015 amendment

The amendment effective from September 1, 2015, is particularly noteworthy as it retroactively applies to previous regulations. This retroactive application can create compliance challenges for organizations that must adjust their practices to align with the new requirements. The relationship with the December 1, 2016 amendment further emphasizes the importance of understanding how past regulations influence current compliance obligations. [Data: Entities (3714, 3715); Relationships (5242)]

## Impact of the March 2, 2017 amendment

The March 2, 2017 amendment introduces new regulations that are directly related to the previous amendments. This indicates a continuous evolution of regulatory requirements that organizations must navigate. The relationship with the September 1, 2015 amendment highlights the need for organizations to stay updated on changes to avoid potential legal repercussions. [Data: Entities (3716); Relationships (5244)]

## Interconnectedness of regulatory amendments

The relationships among the amendments illustrate a web of regulatory changes that are interdependent. Each amendment builds upon the previous ones, which can complicate compliance efforts for organizations. Understanding these connections is crucial for effective regulatory management and ensuring that all amendments are adhered to in a timely manner. [Data: Relationships (5243, 5244, 5242)]",4.0
238,6-0-46 Degree Awarding Committee Regulations,0.0013831258644536654,"# 6-0-46 Degree Awarding Committee Regulations

The community is centered around the 6-0-46 Degree Awarding Committee and its regulations, which outline the terms of service, meeting protocols, and decision-making processes. The relationships among the various articles of the regulations indicate a structured governance framework for the committee's operations.

## Centrality of the 6-0-46 Degree Awarding Committee Regulations

The 6-0-46 Degree Awarding Committee Regulations serve as the foundational document for the committee's operations. This document outlines critical aspects such as the terms of service, meeting schedules, and decision-making processes. The regulations are essential for ensuring that the committee functions effectively and adheres to established academic standards. The relationships between the regulations and their specific articles highlight the structured nature of governance within the committee, which is crucial for maintaining academic integrity and transparency. [Data: Entities (3128), Relationships (4143, 4144, 4145)]

## Article 3: Term of Office

Article 3 of the regulations specifies the term of office for the chairperson and committee members, which is tied to their respective positions. This provision is vital for ensuring continuity and stability within the committee, as it defines how long members can serve and under what conditions they may be replaced. The clarity in the term of office helps prevent disruptions in the committee's operations and ensures that experienced members can guide the decision-making process. [Data: Entities (3129), Relationships (4143)]

## Article 4: Meeting Protocols

Article 4 outlines the protocols for convening meetings, including the frequency of meetings and the conditions under which they can be called. This article is significant as it establishes a regular schedule for the committee's activities, ensuring that members can prepare and participate effectively. The requirement for meetings to be called by the chairperson or upon request by a majority of members fosters a collaborative environment and encourages active participation in the committee's governance. [Data: Entities (3130), Relationships (4144)]

## Article 5: Decision-Making Process

Article 5 details the decision-making process of the committee, requiring a majority presence and approval for decisions to be valid. This provision is crucial for ensuring that decisions are made democratically and reflect the collective input of the committee members. By establishing a clear voting process, the article helps to mitigate potential conflicts and ensures that all voices are heard in the decision-making process, thereby enhancing the legitimacy of the committee's actions. [Data: Entities (3131), Relationships (4145)]",4.0
18,Hansung University Scholarship Regulations Community,0.07192254495159059,"# Hansung University Scholarship Regulations Community

The community is centered around the scholarship regulations of Hansung University, which encompass various scholarship programs, their criteria, and implementation dates. Key entities include specific scholarship types, regulatory dates, and provisions that govern the disbursement and eligibility of these scholarships, indicating a structured approach to financial aid within the university.

## Diverse Scholarship Programs

Hansung University offers a variety of scholarship programs aimed at different student demographics, including the Social Service Scholarship, Veterans Scholarship, and North Korean Defector Support Scholarship. Each program has specific eligibility criteria and is designed to support students based on their unique circumstances and contributions. For instance, the Social Service Scholarship rewards students engaged in community service, while the Veterans Scholarship provides financial support to the direct descendants of veterans. This diversity in scholarship offerings reflects the university's commitment to inclusivity and support for various student needs [Data: Entities (3789, 3775, 3779); Relationships (5307, 5329)].

## Regulatory Framework and Implementation Dates

The scholarship regulations are governed by a comprehensive framework that includes specific implementation dates for various amendments. Notably, significant changes were enacted on June 9, 1998, and March 21, 2000, marking the commencement of revised regulations that impact scholarship disbursement and eligibility. These dates are crucial for understanding the evolution of the scholarship policies and their alignment with the university's strategic goals [Data: Entities (635, 636); Relationships (995, 996)].

## Performance-Based Scholarships

Several scholarships at Hansung University are performance-based, rewarding students for academic excellence and contributions to the university community. For example, the Hanseong Scholarship is awarded to students with a GPA of 3.0 or higher, while the Truth Scholarship supports students with outstanding entrance exam scores. These performance-based criteria not only incentivize academic achievement but also foster a competitive environment that encourages students to excel [Data: Entities (3764, 3752, 3754); Relationships (5303)].

## Scholarship Application and Selection Process

The application process for scholarships at Hansung University is structured and includes specific eligibility requirements, documentation, and deadlines. Students must submit various documents, such as academic transcripts and letters of recommendation, to qualify for scholarships. The selection criteria are outlined in the scholarship regulations, ensuring transparency and fairness in the awarding process [Data: Entities (3781, 3782); Relationships (5310, 5311)].

## Impact of Scholarship Regulations on Enrollment

The scholarship regulations significantly influence student enrollment and retention at Hansung University. By providing financial support through various scholarships, the university can attract a diverse student body and support those in need. The availability of scholarships can be a deciding factor for prospective students when choosing a university, highlighting the importance of these regulations in the institution's overall strategy [Data: Entities (3647, 3839); Relationships (5303, 5376)].",7.5
1453,Amended Regulations Community,0.005532503457814661,"# Amended Regulations Community

The community consists of a series of amended regulations, each with specific effective dates and interrelations that influence subsequent regulations. The entities are interconnected through their effective dates, indicating a structured evolution of regulatory frameworks.

## Interconnectedness of Amended Regulations

The amended regulations are highly interconnected, with each new regulation influencing the implementation of subsequent ones. For instance, the regulation effective on June 17, 2021, is influenced by the one effective on December 22, 2020, indicating a cascading effect in regulatory changes. This interconnectedness suggests that changes in one regulation can have significant implications for others, potentially affecting compliance and operational practices across the board. [Data: Entities (194, 192, 3436, 191, 3437); Relationships (236, 4785, 4782, 4783, 4784)]

## Significance of Effective Dates

Each regulation has a specific effective date, which is crucial for compliance and operational readiness. For example, the regulation effective on June 17, 2021, is derived from multiple documents, emphasizing the importance of adhering to these dates for academic institutions. The clarity of these effective dates across various documents ensures that stakeholders are aware of when changes take effect, which is vital for maintaining compliance and avoiding potential penalties. [Data: Entities (194, 192, 3436, 191, 3437); Relationships (236)]

## Impact of Faculty Performance Evaluation Regulations

The regulations related to faculty performance evaluation are particularly significant as they directly affect academic staff assessments. The amendments made on July 27, 2020, and November 25, 2020, are particularly noteworthy as they influence subsequent regulations, indicating a focus on enhancing evaluation criteria. This focus on faculty performance can have far-reaching implications for academic standards and institutional reputation. [Data: Entities (191, 3437); Relationships (4783, 4784)]

## Regulatory Evolution Over Time

The timeline of these regulations shows a clear evolution in the regulatory framework governing academic research and faculty evaluations. The amendments from March 1, 2020, to June 17, 2021, reflect a responsive approach to changing academic needs and standards. This evolution indicates a proactive stance in regulatory governance, which is essential for adapting to new challenges in the academic landscape. [Data: Entities (3436, 194); Relationships (4782, 236)]

## Potential Compliance Challenges

The complexity and interrelation of these regulations may pose compliance challenges for institutions. As regulations evolve, institutions must ensure that they are not only aware of the effective dates but also understand how each regulation impacts others. This complexity can lead to confusion and potential non-compliance if not managed effectively, highlighting the need for robust compliance frameworks within academic institutions. [Data: Entities (194, 192, 3436, 191, 3437); Relationships (4785, 4782)]",6.5
197,Scholarship Programs for Diverse Student Groups,0.004149377593360996,"# Scholarship Programs for Diverse Student Groups

This community encompasses various scholarship programs aimed at supporting new students, particularly those from low-income backgrounds, multicultural families, and single-parent households. The entities are interconnected through their eligibility criteria and benefits, highlighting a structured approach to financial assistance in education.

## Diverse scholarship offerings for new students

The community features a range of scholarship programs designed to assist new students, including the 신입생 장학금 (New Student Scholarship), which serves as a gateway for various other scholarships. This primary scholarship is linked to multiple entities, such as 국민기초생활 보호대상자 (Basic Livelihood Protection Recipients) and 차상위계층 (Lower Middle Class), indicating a comprehensive support system for students from diverse backgrounds. The interconnectedness of these scholarships ensures that eligible students can receive substantial financial aid, thereby enhancing their educational opportunities. [Data: Entities (7671, 7672, 7673, 7679, 7680); Relationships (12533, 12534, 12541, 12542)]

## Targeted support for multicultural families

The 다문화가정 장학금 (Multicultural Family Scholarship) specifically addresses the needs of students from multicultural families, offering a 20% reduction in tuition fees. This scholarship is part of a broader initiative to support diversity within the educational system. The relationship between 다문화가정 (multicultural families) and the scholarship program highlights the institution's commitment to inclusivity and support for students facing unique challenges. This targeted approach not only aids in financial relief but also promotes a more diverse student body. [Data: Entities (7668, 7676); Relationships (5415, 12547)]

## Significant benefits for single parents

The 희망장학금 (Hope Scholarship) is designed for single mothers and fathers, providing a substantial 70% reduction in tuition fees. This scholarship is crucial for supporting single-parent households, which often face financial hardships. The relationship between the scholarship and its beneficiaries, such as 미혼모 (single mothers), underscores the importance of targeted financial assistance in promoting educational access for this demographic. By alleviating financial burdens, the scholarship enables single parents to pursue their educational goals and improve their family's socio-economic status. [Data: Entities (7667, 7676); Relationships (12546)]

## Support for youth heads of households

The 키다리장학금 (Kidar Scholarship) offers significant financial support to youth who are heads of their households, providing a 70% reduction in tuition fees. This scholarship addresses the unique challenges faced by young individuals who are responsible for their families, ensuring they have access to education despite financial difficulties. The relationship between the scholarship and its beneficiaries, such as 소년소녀 가장 (youth heads of households), highlights the institution's commitment to supporting vulnerable populations and fostering educational equity. [Data: Entities (7669, 7677); Relationships (12548)]

## Collaboration with educational institutions

The 교류협력 장학금 (Exchange Cooperation Scholarship) is awarded to new students recommended by specific high schools, indicating a collaborative effort between educational institutions to support student admissions. This scholarship not only provides a 25% reduction in tuition fees but also strengthens partnerships between schools and the scholarship program. The relationship between 교류협력고교 (cooperating high schools) and the scholarship emphasizes the importance of community engagement in enhancing educational opportunities for students. [Data: Entities (7670, 7678); Relationships (12549)]",7.5
1345,총무처 and University Administration,0.004149377593360996,"# 총무처 and University Administration

The community centers around the 총무처 (General Affairs Department), which oversees traffic safety management and various administrative functions within the university. It has relationships with the 총무인사팀 (Personnel Team) and the 글로컬협력처 (Glocal Cooperation Office), indicating a collaborative structure for managing university personnel and administrative tasks.

## Role of 총무처 in university administration

The 총무처 is a pivotal entity within the university, responsible for overseeing traffic safety management and various administrative functions such as personnel management, budgeting, and asset management. This department's comprehensive responsibilities are crucial for maintaining the university's operational integrity and ensuring compliance with regulations. The significance of the 총무처 is underscored by its detailed description of duties, which highlights its central role in the university's administrative framework. [Data: Entities (1704, 9163); Relationships (15271)]

## Collaboration with the 글로컬협력처

The 총무처 has a collaborative relationship with the 글로컬협력처, which suggests a coordinated approach to managing university personnel and administrative tasks. This partnership is essential for ensuring that the university's staffing and administrative needs are met effectively. The relationship indicates that the 총무처 is not operating in isolation but is part of a broader network of administrative support, enhancing its capacity to fulfill its responsibilities. [Data: Relationships (15271)]

## Personnel management by 총무인사팀

The 총무인사팀 operates under the 총무처, focusing specifically on personnel-related tasks. This team is integral to the overall functioning of the 총무처, as it handles critical aspects of human resources management. The existence of this specialized team indicates a structured approach to personnel management within the university, which is vital for maintaining staff efficiency and compliance with employment regulations. [Data: Relationships (2285)]

## Impact of 제 22 조 삭제

The deletion of 제 22 조 (Article 22) signifies a potential shift in the regulatory framework governing the 총무처's operations. Although this article is no longer applicable, its removal may reflect ongoing changes in administrative policies or practices within the university. Understanding the implications of such deletions is important for assessing the overall governance and regulatory compliance of the 총무처. [Data: Entities (9164); Relationships (15274)]",6.5
1233,Exhibition Types: 개인전 and 단체전,0.004149377593360996,"# Exhibition Types: 개인전 and 단체전

The community focuses on two main types of art exhibitions: 개인전 (solo exhibitions) and 단체전 (group exhibitions). These entities are interconnected through their definitions and requirements, highlighting the structure and evaluation criteria for art exhibitions.

## Definition and significance of 개인전

The 개인전, or solo exhibition, is a crucial format in the art world, showcasing the works of a single artist. This type of exhibition allows for a focused presentation of an artist's work, providing them with a platform to express their individual style and vision. The scoring system associated with 개인전, which allocates a total of 20 points for evaluation, emphasizes its importance in the art community. The detailed criteria for this scoring system are outlined in the '3-2-24 우수교원포상규정' document, specifically on page 3, which serves as a guideline for evaluating the quality and impact of the exhibition. [Data: Entities (4363); Relationships (10652)]

## Understanding 단체전 and its characteristics

The 단체전, or group exhibition, features works from multiple artists and is characterized as a non-permanent exhibition format. This type of exhibition allows for a diverse range of artistic expressions to be displayed together, fostering collaboration and interaction among artists. The scoring system for 단체전 is set at a total of 15 points, which reflects its evaluative criteria as mentioned in the '3-2-24 우수교원포상규정' document. This format is essential for promoting community among artists and providing audiences with a broader perspective on contemporary art. [Data: Entities (4364); Relationships (6184)]

## The relationship between 개인전 and 단체전

The relationship between 개인전 and 단체전 highlights the different exhibition formats and their relevance in the art community. Both types of exhibitions serve distinct purposes but are interconnected in their evaluation and presentation of art. The relationship indicates that while 개인전 focuses on individual artists, 단체전 allows for collective showcasing, which can enhance the visibility of emerging artists. This interconnectedness is crucial for understanding the dynamics of art exhibitions and their impact on artists' careers. [Data: Relationships (6184)]

## Requirements for 개인전 recognition

To be recognized as a 개인전, there are specific requirements regarding the quantity of works displayed. The 작품의 양 (quantity of works) is a critical factor in determining whether an exhibition qualifies as a solo exhibition. This requirement ensures that the exhibition adequately represents the artist's body of work, allowing for a comprehensive evaluation of their artistic capabilities. The guidelines for this requirement are also derived from the '3-2-24 우수교원포상규정' document, emphasizing the importance of substantial artistic output in achieving recognition. [Data: Entities (6718); Relationships (10652)]

## The role of 비상설 전시장 in hosting 단체전

The 비상설 전시장, or non-permanent exhibition space, plays a significant role in hosting 단체전. This type of venue allows for flexibility in showcasing group exhibitions, as it is not bound by a regular schedule. The ability to utilize non-permanent spaces for 단체전 enables curators and artists to explore innovative exhibition formats and reach diverse audiences. This relationship underscores the importance of venue selection in the success of group exhibitions and the overall art community. [Data: Entities (6714); Relationships (10646)]",6.0
1181,3-4-4 Scholarship Regulations and Associated Scholarships,0.0027662517289073307,"# 3-4-4 Scholarship Regulations and Associated Scholarships

The community is centered around the '3-4-4 장학금규정' (3-4-4 Scholarship Regulations), which outlines various scholarships and their eligibility criteria. Key entities include specific scholarships such as the 남당 장학금 (Namdang Scholarship), 한성비즈니스포럼 장학금 (Hansung Business Forum Scholarship), and GKS 장학금 (Global Korea Scholarship), all of which are governed by the overarching regulations.

## Centrality of 3-4-4 Scholarship Regulations

The '3-4-4 장학금규정' serves as the foundational document for various scholarships, detailing eligibility criteria and operational guidelines. This comprehensive framework is crucial for understanding how different scholarships are structured and administered. The regulations encompass a wide range of scholarships, including the 보훈장학금 (Veterans Scholarship) and 북한이탈학생 지원장학금 (North Korean Defector Support Scholarship), indicating a commitment to diverse educational support. The regulations are essential for ensuring transparency and fairness in the scholarship allocation process [Data: Entities (3839); Relationships (5380, 5383, 5386, 5387, 5388, 5390, +more)].

## Diversity of Scholarships Offered

The community includes a variety of scholarships aimed at different student demographics, such as the 남당 장학금 for students in the Korean Language and Literature Department and the GKS 장학금 for international students. This diversity reflects an inclusive approach to educational funding, catering to both local and international students. Each scholarship has specific eligibility criteria and is designed to support students who demonstrate academic excellence and good conduct, thereby promoting a merit-based system. The presence of multiple scholarships under the 3-4-4 regulations highlights the community's commitment to fostering educational opportunities for a wide range of students [Data: Entities (3875, 3876, 3877, 3878, 3879); Relationships (5431, 5432, 5433, 5434, 5435)].

## Operational Guidelines for Scholarship Management

The 3-4-4 Scholarship Regulations include detailed operational guidelines regarding the management of scholarships, such as the selection process for recipients and the documentation required for application. These guidelines ensure that the scholarship process is systematic and fair, providing clear instructions for both applicants and administrators. The emphasis on proper documentation and selection criteria is vital for maintaining the integrity of the scholarship system, as it helps to prevent fraud and ensures that funds are allocated to deserving candidates [Data: Entities (3836, 3837, 3838); Relationships (5386, 5387, 5388, 5390)].

## Impact of Scholarships on Student Access

The scholarships governed by the 3-4-4 regulations significantly impact student access to higher education, particularly for those from underrepresented backgrounds. By providing financial support, these scholarships help alleviate the burden of tuition fees and living expenses, making education more accessible. The presence of targeted scholarships, such as the 북한이탈학생 지원장학금, demonstrates a proactive approach to supporting vulnerable populations, thereby enhancing educational equity. This impact is crucial for fostering a diverse and inclusive academic environment [Data: Entities (3839, 3879); Relationships (5380, 5435)].",7.5
400,Research Promotion and Space Management Community,0.0027662517289073307,"# Research Promotion and Space Management Community

The community focuses on the management and promotion of research activities within an academic or research institution, with key entities related to the planning and oversight of research spaces and ethical considerations. The relationships among these entities highlight the interconnectedness of research promotion, space management, and regulatory compliance.

## Central role of 페이지 43 in research management

The entity '페이지 43' serves as a comprehensive overview of various aspects related to research promotion and management within an academic or research institution. It encompasses planning for research promotion, support for academic and industry-academic activities, and the management of internal research funds. This central role indicates that any changes or issues within this entity could significantly impact the overall research environment and compliance with ethical standards. The detailed focus on evaluation and statistical management of research achievements further emphasizes its importance in maintaining the integrity and effectiveness of research activities. [Data: Entities (1418)]

## Interconnectedness of space management entities

The entities related to space management, specifically '산학교육 공간 관리에 관한 사항' and '연구 공간 관리에 관한 사항', are closely linked to '페이지 43'. This interconnectedness suggests that effective management of educational and research spaces is crucial for the successful implementation of research activities. The relationships indicate that both educational and research space management are essential components of the broader research promotion strategy, highlighting the need for coordinated efforts in managing these spaces to support academic and research objectives. [Data: Entities (1428, 1427); Relationships (1941, 1939)]

## Regulatory compliance and ethical considerations

The inclusion of '위임전결규정' in the relationships with '페이지 43' indicates that regulatory compliance is a significant aspect of research management. This relationship underscores the importance of adhering to established guidelines and regulations in the planning and execution of research activities. Ethical considerations surrounding faculty research are critical, as they can affect the institution's reputation and the integrity of its research outputs. The emphasis on compliance suggests that any lapses could have serious repercussions for the institution. [Data: Relationships (1919)]

## Focus on industry-academic cooperation

The description of '페이지 43' highlights the planning and management of industry-academic cooperation and education. This focus is essential for fostering partnerships that can enhance research capabilities and provide practical applications for academic findings. The integration of industry-academic networks is vital for ensuring that research is relevant and beneficial to both academic and industry stakeholders, which can lead to increased funding and support for research initiatives. [Data: Entities (1418)]",6.5
164,University Administrative Operations and Support Services,0.0027662517289073307,"# University Administrative Operations and Support Services

The community encompasses various administrative operations and support services within a university setting, focusing on documentation issuance, student support, and program management. Key entities are interconnected through their relevance to operational matters detailed in a specific document, indicating a structured approach to managing student and administrative needs.

## Centrality of Page 58 in Administrative Operations

Page 58 serves as a crucial document summarizing various administrative operations and support services within the university. It includes essential information on documentation issuance, lost and found procedures, and academic verification requests. The interconnectedness of these operations highlights the importance of this page in ensuring smooth administrative functioning and compliance with university policies. The relationships established with other entities indicate that any changes or issues related to this page could significantly impact multiple areas of student and administrative services. [Data: Entities (1703); Relationships (2272, 2273, 2276, 2279, 2283, +more)]

## Documentation Issuance and Support

The entities related to documentation issuance, such as '증명 발급에 관한 사항' (Issuance of Certificates), are vital for student and staff verification processes. This includes the issuance of various certificates necessary for academic and professional purposes. The relationships with Page 58 indicate that these processes are well-documented and structured, which is essential for maintaining compliance and providing timely support to students and staff. Any disruptions in this area could lead to significant administrative challenges. [Data: Entities (1696, 1693); Relationships (2272, 2270, 2267, +more)]

## Lost and Found Management

The entity '분실물 신고·접수·처리에 관한 사항' (Lost and Found Reporting and Processing) addresses the management of lost and found items within the university. This is a critical service for students and staff, ensuring that lost items can be reported and retrieved efficiently. The relationship with Page 58 emphasizes the importance of having a structured process in place, which can enhance student satisfaction and trust in university services. [Data: Entities (1694); Relationships (2273)]

## Academic Verification Requests

The entity '교외기관 학력 및 경력 조회요청 처리에 관한 사항' (Processing of External Academic and Career Verification Requests) is essential for maintaining the integrity of academic records and facilitating employment opportunities for graduates. The relationship with Page 58 indicates that this process is well-integrated into the university's administrative framework, which is crucial for compliance with external regulations and standards. [Data: Entities (1697); Relationships (2276, 2274)]

## Support for International Students

Entities such as '외국인 유학생 비교과 프로그램 운영에 관한 사항' (Extracurricular Program Management for International Students) and '외국인 유학생 기숙사 운영에 관한 사항' (Dormitory Management for International Students) highlight the university's commitment to supporting its international student population. The relationships between these entities and Page 58 indicate a structured approach to providing necessary resources and support, which is vital for enhancing the international student experience and ensuring their successful integration into the university community. [Data: Entities (1702, 1700); Relationships (2280, 2283)]",6.5
474,Educational Operations and Management Community,0.0027662517289073307,"# Educational Operations and Management Community

This community focuses on the various processes involved in educational operations, including class management, examination oversight, and related administrative tasks. The entities are interconnected through their roles in managing and overseeing educational activities, highlighting the importance of structured operations in maintaining educational standards.

## Central role of class management processes

The entity '수업운영, 수업점검 및 시험관리에 관한 사항' serves as a central hub for various educational management processes, including class operations and examination oversight. This entity encompasses essential functions that ensure the effective administration of classes and the evaluation of student performance. Its significance is underscored by its connections to other entities, indicating that any issues in this area could have widespread implications for educational quality and compliance. [Data: Entities (1274), Relationships (1790, 1791, 1792)]

## Importance of 휴·보강 처리 in educational operations

The entity '휴·보강 처리' is crucial for managing class cancellations and make-up classes, which are vital for maintaining educational continuity. This process is linked to the operational guidelines established by '수업운영 지침 수립', indicating that effective handling of class interruptions is essential for upholding educational standards. Any failures in this area could lead to significant disruptions in the learning process. [Data: Entities (1983, 1982), Relationships (2591, 2589)]

## Professor management and compensation processes

The entity '교수의 출강관리 및 강의료 산정 및 지급' is responsible for managing professors' assignments and compensation, which is critical for ensuring that qualified educators are available for classes. This entity's relationship with examination planning highlights the interconnectedness of faculty management and student assessment, suggesting that any issues in professor management could directly impact the quality of education provided. [Data: Entities (1985), Relationships (2595, 2593)]

## Examination planning and management's role

The entity '시험 계획 및 관리' focuses on the planning and execution of examinations, which are fundamental to assessing student performance. This entity's connections to professor management indicate that effective examination processes are reliant on proper faculty oversight. Any shortcomings in examination management could lead to unfair assessments and undermine the integrity of the educational system. [Data: Entities (1278), Relationships (2593)]

## Interconnectedness of educational entities

The relationships among the various entities highlight a complex web of interdependencies within the educational operations community. For instance, the links between class management, examination oversight, and professor management illustrate how each aspect of educational administration is reliant on the others. This interconnectedness suggests that addressing issues in one area may require a holistic approach to ensure overall educational effectiveness. [Data: Relationships (1790, 1791, 1792, 2589, 2593)]",6.5
674,징계위원회 and Student Disciplinary Actions,0.0027662517289073307,"# 징계위원회 and Student Disciplinary Actions

The community centers around the 징계위원회 (Disciplinary Committee), which oversees student disciplinary actions. The committee is linked to specific regulations that outline its functions and the procedures for disciplinary measures, indicating a structured approach to student discipline.

## Role of the 징계위원회

The 징계위원회 is a central entity responsible for reviewing and deciding on disciplinary actions related to students. This committee plays a crucial role in maintaining discipline within the educational institution, ensuring that cases are handled fairly and according to established guidelines. The committee's authority and decisions can significantly impact students' academic and social lives, making its function vital in the community. [Data: Entities (7035), Relationships (11275, 11276)]

## Functionality as outlined in 제 7 조

제 7 조 details the functions of the 징계위원회, including the review and decision-making processes regarding disciplinary actions. This regulation is essential for understanding how the committee operates and the scope of its authority. By delineating the committee's responsibilities, 제 7 조 ensures that disciplinary measures are applied consistently and transparently, which is crucial for maintaining trust in the disciplinary process. [Data: Entities (7036), Relationships (11275)]

## Procedures defined in 제 8 조

제 8 조 outlines the reasons and procedures for disciplinary actions, providing a framework for how cases are evaluated and decisions are made. This regulation is significant as it specifies the grounds for discipline, ensuring that students are aware of the potential consequences of their actions. The clarity provided by 제 8 조 is essential for upholding fairness and accountability within the disciplinary system. [Data: Entities (7037), Relationships (11276)]

## Interconnection between regulations

The relationships between 제 7 조 and 제 8 조 highlight the interconnectedness of the committee's functions and the procedures for disciplinary actions. Both regulations address aspects of student discipline, indicating a cohesive framework that governs the committee's operations. This interrelation is important for understanding how disciplinary decisions are made and the rationale behind them, which can affect the overall perception of the disciplinary process within the community. [Data: Relationships (11277)]",6.0
977,Audit Management Community,0.0027662517289073307,"# Audit Management Community

The Audit Management Community is centered around the roles and responsibilities associated with internal auditing, particularly focusing on the position of 감사실장 (Head of Internal Audit). The community comprises various entities that are interconnected through their functions in audit operations, prevention of improper solicitations, and the management of the audit committee.

## Role of 감사실장 in audit operations

The 감사실장 is a pivotal figure in the Audit Management Community, overseeing all internal audit activities. This position is crucial for ensuring that auditing tasks are effectively managed and executed, which directly impacts the integrity and efficiency of the organization's audit processes. The authority of the 감사실장 extends to coordinating various audit-related functions, making this role essential for maintaining compliance and operational transparency. [Data: Entities (955); Relationships (1421)]

## Interconnection of internal audit tasks

The internal audit tasks, represented by 내부 감사 업무, are closely linked to the prevention of improper solicitations (부정청탁 예방). This relationship highlights the importance of internal audits in identifying and mitigating risks associated with unethical practices. The internal audit function not only reports on audit results but also plays a proactive role in preventing misconduct, thereby enhancing the overall governance framework of the organization. [Data: Entities (956); Relationships (1424)]

## Importance of 부정청탁 예방

The 부정청탁 예방 function is critical in the Audit Management Community as it involves the reception and investigation of reports related to improper solicitations. This role is essential for fostering an ethical organizational culture and ensuring compliance with legal standards. The connection between this function and the audit committee operations indicates a comprehensive approach to governance, where prevention and oversight work hand in hand to uphold integrity. [Data: Entities (957); Relationships (1425)]

## Audit Committee's operational significance

The audit committee, managed through 감사위원회 운영, plays a vital role in overseeing the audit processes and ensuring that the organization adheres to regulatory requirements. The committee's operations are closely tied to the functions of both the internal audit and the prevention of improper solicitations, indicating a structured approach to governance. This interconnectedness underscores the importance of collaborative efforts in maintaining organizational integrity and accountability. [Data: Entities (958); Relationships (1425)]",6.0
589,3-3-14 교원업적평가규정 시행세칙 Community,0.0027662517289073307,"# 3-3-14 교원업적평가규정 시행세칙 Community

The community is centered around the 3-3-14 교원업적평가규정 시행세칙, which includes various sections and tables that outline the evaluation criteria for educators. The entities are interconnected through their descriptions and relationships, forming a comprehensive framework for assessing educational contributions.

## Centrality of the 3-3-14 교원업적평가규정 시행세칙

The 3-3-14 교원업적평가규정 시행세칙 serves as the foundational document for the community, outlining the regulations and criteria for evaluating educators. This document is crucial as it establishes the standards by which educational contributions are assessed, impacting the overall quality of education. The relationships among its sections indicate a structured approach to evaluation, which is essential for maintaining educational integrity and accountability. [Data: Entities (4289); Relationships (6088, 6087)]

## Importance of Section 1 and its Purpose

Section 1 of the 3-3-14 교원업적평가규정 시행세칙 outlines the purpose of the evaluation criteria, emphasizing the need for rational assessment of educators. This section is vital as it sets the tone for the entire evaluation process, ensuring that the criteria are not only fair but also aligned with educational goals. The inclusion of this purpose in the document highlights the community's commitment to fostering a transparent and effective evaluation system. [Data: Entities (4285); Relationships (6087)]

## Role of Section 2 in Educational Contributions

Section 2 of the 3-3-14 교원업적평가규정 시행세칙 focuses on educational contributions, detailing how educators' performances are evaluated based on their teaching responsibilities and guidance of graduate students. This section is critical as it provides specific criteria that can be used to measure the effectiveness of educators, thereby influencing hiring, promotions, and professional development within educational institutions. [Data: Entities (4286, 4287); Relationships (6089)]

## Significance of Table 1-1

Table 1-1 within the 3-3-14 교원업적평가규정 시행세칙 provides detailed criteria for assessing educational contributions. This table is significant as it translates the qualitative aspects of educational performance into measurable standards, facilitating a more objective evaluation process. The presence of such a table indicates a structured methodology that can enhance the reliability of evaluations across different educational contexts. [Data: Entities (4288); Relationships (6091)]",4.5
1350,Foreign Student Management and Events,0.0013831258644536654,"# Foreign Student Management and Events

The community focuses on the management and planning of events for foreign students, with key entities related to the oversight of student status and event organization. The relationships among these entities highlight the interconnectedness of student management, event planning, and reporting on student status changes.

## Interconnectedness of foreign student management and event planning

The relationship between '외국인 유학생 관리에 관한 사항' (Foreign Student Management) and '외국인 유학생 행사계획' (Event Planning for Foreign Students) indicates that effective management is crucial for successful event execution. This connection suggests that any deficiencies in management could directly impact the quality and success of events planned for foreign students. The combined degree of 4 highlights the strong link between these two entities, emphasizing the need for coordinated efforts in managing foreign students and organizing events. [Data: Entities (1617, 1618); Relationships (2194)]

## Importance of reporting on student status changes

The entity '외국인 유학생 학적변동 보고' (Reporting on Changes in Student Status) plays a critical role in the community by ensuring that any changes in the status of foreign students are documented and communicated. This reporting is essential for maintaining compliance with educational regulations and for the overall well-being of the students. The relationship with '외국인 유학생 행사계획' indicates that event planning must consider the current status of students, which can affect their participation in events. The combined degree of 3 shows the relevance of this reporting in the context of event planning. [Data: Entities (1618, 1619); Relationships (2195)]

## Focus on foreign student events

The planning of events specifically for foreign students is a key aspect of this community, as indicated by the entity '외국인 유학생 행사계획'. These events are designed to enhance the experience of foreign students and foster community engagement. The relationship with management and reporting entities suggests that successful events require careful planning and adherence to student status regulations. This focus on events highlights the community's commitment to supporting foreign students and ensuring their integration into the educational environment. [Data: Entities (1618); Relationships (2194, 2195)]

## Regulatory compliance in foreign student management

The management of foreign students involves navigating various regulatory requirements, which is reflected in the entity '외국인 유학생 관리에 관한 사항'. This entity underscores the importance of compliance with educational policies and regulations that govern the status of foreign students. Effective management practices are essential to avoid potential legal issues and to ensure that foreign students receive the support they need. The interconnectedness with event planning and reporting further emphasizes the need for a comprehensive approach to foreign student management. [Data: Entities (1617); Relationships (2194)]",6.0
174,HanSeong University Curriculum Regulations,0.0013831258644536654,"# HanSeong University Curriculum Regulations

The community is centered around the curriculum regulations of HanSeong University, specifically focusing on the structure and requirements of the educational programs. Key entities include various sections of the curriculum regulations, which are interrelated and provide a comprehensive framework for academic requirements.

## Centrality of Chapter 8 in curriculum regulations

Chapter 8 of the curriculum regulations is a pivotal entity that encompasses various aspects of the educational framework at HanSeong University. It serves as a foundational document that outlines the overall structure and requirements for academic programs. The relationships with other sections, such as Chapter 1 and Article 27, indicate its comprehensive nature and the interconnectedness of the curriculum. This chapter's significance is underscored by its inclusion of critical educational policies that affect all students and faculty. [Data: Entities (5258); Relationships (7919, 7920)]

## Importance of Article 28 on credit units

Article 28 details the credit unit system, which is essential for understanding how courses are structured and how students earn credits towards their degrees. This article specifies that one credit corresponds to 15 hours of lectures per semester, while practical courses require 30 hours for one credit. The clarity provided by this regulation is crucial for students and faculty alike, as it directly impacts course planning and academic progression. The relationship with the amendment date further emphasizes the ongoing relevance of this regulation. [Data: Entities (5264, 5270); Relationships (7932)]

## Interconnectedness of curriculum sections

The relationships among various sections of the curriculum regulations highlight the interconnectedness of educational policies at HanSeong University. For instance, Chapter 1 is directly linked to Chapter 8, indicating that foundational concepts in the curriculum are built upon in subsequent sections. This interconnectedness ensures that all parts of the curriculum work cohesively to provide a comprehensive educational experience. Understanding these relationships is vital for stakeholders involved in curriculum development and academic administration. [Data: Relationships (7919, 7920)]

## Recent amendments to curriculum regulations

The amendment date of December 20, 2021, for Article 28 signifies that the curriculum regulations are subject to change and adaptation over time. This reflects the university's commitment to maintaining relevant and effective educational standards. Stakeholders should be aware of these amendments as they can influence course offerings and academic policies. The ongoing review and revision of these regulations are essential for ensuring that the curriculum meets the evolving needs of students and the job market. [Data: Entities (5270); Relationships (7932)]",4.5
1589,Regulatory Provisions and Implementation Dates,0.0013831258644536654,"# Regulatory Provisions and Implementation Dates

This community consists of various regulatory provisions, each with specific implementation dates. The entities are interconnected through their shared focus on implementation timelines, indicating a structured approach to regulatory compliance.

## Interconnectedness of Provisions

The regulatory provisions are interconnected, with several provisions sharing similar themes regarding implementation dates. For instance, 부 칙 제 17 조, 부 칙 제 18 조, and 부 칙 제 19 조 all pertain to the effective dates of regulations, highlighting a cohesive regulatory framework. This interconnectedness suggests that changes in one provision may influence others, necessitating careful monitoring and compliance efforts. [Data: Entities (6897, 6898, 6899); Relationships (10988, 10990, 10992)]

## Significance of Implementation Dates

Each provision has a specific implementation date, which is crucial for stakeholders to understand when new regulations will take effect. For example, 부 칙 제 23 조 is set to take effect on December 6, 2024, while 부 칙 제 20 조 will be implemented on April 17, 2024. These dates are critical for compliance planning and operational adjustments within organizations affected by these regulations. [Data: Entities (6903, 6900); Relationships (11000)]

## Potential Compliance Challenges

The staggered implementation dates of the provisions may pose compliance challenges for organizations. As different provisions come into effect at different times, organizations must ensure they are prepared to meet the requirements of each regulation as it becomes applicable. This could lead to increased administrative burdens and the need for ongoing training and updates to compliance protocols. [Data: Entities (6897, 6898, 6899, 6900, 6901); Relationships (10988, 10990, 10992, 10994, 10996)]

## Regulatory Updates and Stakeholder Awareness

The community's focus on regulatory updates emphasizes the need for stakeholder awareness regarding upcoming changes. As provisions are set to take effect, stakeholders must stay informed to ensure compliance and avoid potential penalties. The relationships among the provisions indicate a need for a coordinated approach to regulatory updates, which can enhance stakeholder engagement and compliance readiness. [Data: Entities (6897, 6898, 6899, 6900, 6901); Relationships (10988, 10990, 10992, 10994, 10996)]",4.5
1001,Self-Evaluation Regulations of Hansung University,0.0013831258644536654,"# Self-Evaluation Regulations of Hansung University

The community is centered around the self-evaluation regulations of Hansung University, which include specific articles outlining the purpose, evaluation categories, and timing of evaluations. The relationships among these articles indicate a structured approach to self-assessment within the university.

## Purpose of the Self-Evaluation Regulations

The first article of the self-evaluation regulations outlines the purpose of these guidelines, which is to establish necessary regulations and operational matters for Hansung University's self-evaluation in accordance with the Higher Education Act. This foundational purpose is critical as it sets the framework for the entire self-evaluation process, ensuring that evaluations are conducted systematically and in compliance with legal standards. The clarity of purpose helps in aligning the university's goals with its evaluation practices, thereby enhancing accountability and transparency in its operations. [Data: Entities (3139); Relationships (4175)]

## Categories of Evaluation Defined

The second article specifies the categories of evaluation, which include assessments of the university as a whole, evaluations of organizational units such as departments, and assessments of specific educational programs. This categorization is essential for a comprehensive evaluation strategy, allowing the university to identify strengths and weaknesses across different levels. By segmenting evaluations, the university can tailor its improvement strategies to specific areas, thereby enhancing overall educational quality and institutional effectiveness. [Data: Entities (3140); Relationships (4175)]

## Timing of Evaluations

The third article addresses the timing of evaluations, indicating when assessments should take place. This regulation is crucial for ensuring that evaluations are timely and relevant, allowing the university to respond to changes and challenges effectively. By establishing a clear timeline, the university can maintain a regular cycle of evaluation that supports continuous improvement and adaptation to new educational standards and requirements. [Data: Entities (3141); Relationships (4179)]

## Interconnections Among Articles

The relationships among the articles highlight how the purpose, categories, and timing of evaluations are interconnected. For instance, the purpose outlined in the first article is directly related to the evaluation categories defined in the second article, indicating that the objectives of the self-evaluation inform the types of assessments conducted. Additionally, the timing of evaluations is linked to both the purpose and categories, ensuring that evaluations are not only relevant but also strategically aligned with the university's goals. This interconnectedness is vital for a cohesive self-evaluation framework. [Data: Relationships (4175, 4177)]",4.0
1460,Regulatory Framework for Educational Time Management,0.0013831258644536654,"# Regulatory Framework for Educational Time Management

This community focuses on the regulatory framework surrounding the adjustment of responsibility hours for educators, specifically outlined in Article 4, Section 23, which is set to take effect from March 2021. The relationship with the supplementary provisions indicates a structured approach to implementing these regulations.

## Article 4, Section 23 as a key regulatory element

Article 4, Section 23 outlines the adjustments to responsibility hours for educators, which is a significant regulatory change. This provision is particularly relevant for educators approaching retirement, as it exempts them from these new regulations. The implications of this article could affect the workload and performance evaluations of educators, thereby influencing the educational environment. The details of this regulation are extracted from the educator performance evaluation document, indicating its foundational role in the community's structure. [Data: Entities (3434)]

## Implementation date and its significance

The implementation date of March 1, 2021, for the adjustments specified in Article 4, Section 23 is crucial for understanding the timeline of these regulatory changes. This date marks the transition point for educators and institutions to adapt to the new responsibilities. The timing of this implementation could lead to various challenges and adjustments within educational institutions, particularly in how they manage educator workloads and performance assessments. [Data: Entities (3444); Relationships (4781)]

## Relationship between Article 4, Section 23 and supplementary provisions

The relationship between Article 4, Section 23 and the supplementary provisions indicates a structured approach to the implementation of these regulations. This connection suggests that the supplementary provisions are designed to support the main article, ensuring that the transition to the new responsibility hours is smooth and well-regulated. Understanding this relationship is essential for stakeholders in the educational sector to navigate the changes effectively. [Data: Relationships (4781)]",4.0
249,Hanseong University Academic Promotion Regulations,0.0013831258644536654,"# Hanseong University Academic Promotion Regulations

The community is centered around the academic promotion regulations of Hanseong University, which includes various articles and sections that govern the management and operation of academic research activities. The entities are interconnected through their references to specific articles and their placement within the regulatory document.

## Purpose of Article 1

Article 1 of the academic promotion regulations outlines the purpose of the regulations, which is to manage and promote the academic research activities of full-time faculty at Hanseong University. This foundational article sets the tone for the entire regulatory framework, emphasizing the importance of structured academic research management. The clarity and intent of this article are crucial for ensuring that faculty members understand their responsibilities and the expectations placed upon them. [Data: Entities (7342); Relationships (11921)]

## Scope of Application in Article 2

Article 2 specifies the scope of application for the academic promotion regulations, indicating that unless otherwise stated in specific university regulations, these rules govern academic promotion management. This article is essential for delineating the boundaries of the regulations and ensuring that faculty members are aware of the conditions under which they operate. The implications of this article are significant, as it establishes the regulatory framework within which faculty must navigate their academic careers. [Data: Entities (7343); Relationships (11922)]

## General Principles in Chapter 1

Chapter 1 of the regulations encompasses the general principles governing academic promotion management at Hanseong University. This chapter serves as an overarching guideline that informs the specific articles, including Articles 1 and 2. The principles outlined in this chapter are vital for fostering a culture of academic integrity and excellence, as they provide a philosophical foundation for the regulations. Understanding these principles is crucial for faculty members to align their research activities with the university's academic goals. [Data: Entities (7341); Relationships (11918)]

## Interconnections between Articles and Chapters

The relationships between the articles and chapters highlight the structured nature of the academic promotion regulations. For instance, Article 1 is included in Chapter 1, indicating that it is part of the foundational principles that guide the entire regulatory framework. This interconnectedness is important for understanding how each article contributes to the overall governance of academic research at the university. The clarity of these relationships helps faculty navigate the regulations more effectively. [Data: Relationships (11918)]",4.0
324,Contract Employee Evaluation Regulations,0.0013831258644536654,"# Contract Employee Evaluation Regulations

The community is centered around the Contract Employee Evaluation Regulations, which consist of multiple articles detailing the evaluation process for contract employees. These articles are interconnected and provide a comprehensive framework for assessing employee performance and determining rewards and promotions.

## Purpose of the Contract Employee Evaluation Regulations

The primary purpose of the Contract Employee Evaluation Regulations is to establish a systematic approach for evaluating the performance of contract employees. This is crucial for ensuring fair treatment and appropriate management of contract staff, which can significantly affect employee morale and organizational efficiency. The regulations aim to provide a clear framework for performance assessment, which is essential for making decisions regarding rewards, salary adjustments, and potential transitions to permanent positions. [Data: Entities (6094, 6093)]

## Evaluation Criteria for Contract Employees

The regulations specify that only contract employees who have been employed for more than six months are subject to evaluation. This criterion ensures that evaluations are based on a sufficient period of performance, allowing for a more accurate assessment of an employee's contributions and capabilities. By establishing this timeframe, the regulations aim to promote fairness and transparency in the evaluation process, which is vital for maintaining trust within the organization. [Data: Entities (6095)]

## Different Types of Evaluations

The regulations outline various types of evaluations, including team evaluations and assessments by evaluation committees. This multi-faceted approach allows for a comprehensive review of an employee's performance from different perspectives, which can lead to more balanced and equitable outcomes. By incorporating multiple evaluators, the regulations help mitigate biases that may arise from a single evaluator's perspective, thereby enhancing the credibility of the evaluation process. [Data: Entities (6096)]

## Interconnectedness of the Articles

The articles within the Contract Employee Evaluation Regulations are interconnected, with each article building upon the previous one to create a cohesive framework. For instance, Article 1 outlines the purpose of the regulations, while Article 2 specifies the criteria for evaluation, and Article 3 details the evaluation methods. This structured approach ensures that all aspects of the evaluation process are covered, providing clarity and consistency in how contract employees are assessed. [Data: Relationships (9544)]

## Location of Key Information

Key information regarding the purpose and criteria of the evaluation regulations is located on page 1 of the document. This centralization of information is beneficial for users seeking to understand the regulations quickly. By having the most critical details readily accessible, the organization can facilitate better compliance and understanding among contract employees and management alike. [Data: Relationships (9547, 9548, 9549)]",4.0
1381,Student Club and Warning System,0.0013831258644536654,"# Student Club and Warning System

The community consists of a student club that can receive warnings from the student affairs office upon approval. The relationship between the club and the warning system indicates a structured oversight mechanism for student organizations.

## Student Club's oversight mechanism

The student club is subject to oversight by the student affairs office, which can issue warnings based on specific criteria. This relationship indicates that the club operates within a regulated framework, ensuring that its activities align with institutional policies. The ability to receive warnings suggests that there are standards of conduct that the club must adhere to, which can impact its operations and reputation within the student community. [Data: Entities (8834), Relationships (14608)]

## Warnings as a disciplinary tool

Warnings are a disciplinary measure that can be issued to the student club upon approval from the student affairs office. This mechanism serves as a means to enforce compliance with rules and regulations, potentially affecting the club's activities and its members' engagement. The existence of such warnings indicates that there are serious implications for non-compliance, which could deter clubs from engaging in activities that might be deemed inappropriate or against institutional policies. [Data: Entities (8835), Relationships (14608)]

## The relationship between the club and warnings

The relationship between the student club and the warning system highlights the accountability measures in place for student organizations. This connection suggests that the student affairs office plays a crucial role in monitoring club activities, which can foster a culture of responsibility among students. However, it also raises concerns about the potential for overreach or misinterpretation of club activities, which could lead to unnecessary warnings and impact the club's functioning. [Data: Relationships (14608)]",4.0
723,Regulations Implementation Dates,0.0013831258644536654,"# Regulations Implementation Dates

The community consists of two key regulations with specific implementation dates, which are interrelated. The first regulation was implemented on March 2, 2017, and the second regulation has an additional implementation date of May 31, 2018, indicating a progression in regulatory measures.

## First Regulation Implementation Date

The first regulation, effective from March 2, 2017, serves as a foundational legal framework within this community. This regulation marks the beginning of a series of regulatory measures that are crucial for compliance and governance. Its establishment indicates a formal recognition of certain standards or practices that must be adhered to, which can influence subsequent regulations and their implementation. [Data: Entities (236)]

## Second Regulation Implementation Date

The second regulation, which came into effect on May 31, 2018, builds upon the first regulation. This suggests an evolution or enhancement of the regulatory framework, potentially addressing gaps or expanding the scope of the initial regulation. The timing of this implementation indicates a responsive approach to regulatory needs, which may reflect changes in the operational environment or stakeholder feedback. [Data: Entities (237)]

## Interrelationship of Regulations

The relationship between the two regulations highlights their interconnectedness, with the first regulation serving as a precursor to the second. This relationship indicates that the regulatory framework is designed to be cumulative, where new regulations are introduced to complement or enhance existing ones. Such a structure can lead to a more robust regulatory environment, but it also requires entities to stay informed about multiple compliance dates. [Data: Relationships (312)]

## Cumulative Regulatory Framework

The cumulative nature of these regulations suggests a strategic approach to governance, where each regulation is not standalone but rather part of a larger regulatory strategy. This can help organizations and stakeholders understand the broader context of compliance and the importance of adhering to multiple regulations over time. The implications of this framework can affect operational practices and compliance strategies. [Data: Relationships (312)]",3.0
28,Delegation and Decision-Making Regulations Community,0.16182572614107885,"# Delegation and Decision-Making Regulations Community

The community is centered around the '위임전결규정' (Delegation and Decision-Making Regulations), which governs the delegation of authority and decision-making processes within the university. Key entities include the 상상력교양대학 (Imagination Liberal Arts College), various administrative roles, and specific pages of the regulations document that detail operational procedures and responsibilities.

## Central Role of Delegation Regulations

The '위임전결규정' serves as the foundational document for the delegation of authority within the university, outlining the responsibilities and decision-making powers of various entities. This document is crucial for ensuring clarity in governance and operational efficiency, as it delineates the authority of key figures such as the 총장 (President) and department heads. The regulations encompass a wide range of university operations, including budget formulation and academic planning, which are essential for the institution's strategic direction and day-to-day functioning. [Data: Entities (822); Relationships (1299, 2531, 2660, 1386, 1853, +more)]

## Role of Imagination Liberal Arts College

The 상상력교양대학 plays a significant role in the community by executing academic administration in accordance with the delegation regulations. This institution is responsible for managing K-MOOC credit recognition and faculty performance evaluations, which are critical for maintaining academic standards and promoting faculty development. The college's adherence to the delegation regulations ensures that its operations align with the university's strategic goals, thereby enhancing its effectiveness in nurturing creative and convergent talents. [Data: Entities (1941); Relationships (2531)]

## Importance of Administrative Roles

Key administrative roles such as the 부처장 (Deputy Director) and 연대장 (Regimental Commander) are designated as decision-makers under the delegation regulations. These individuals hold significant authority to make decisions that impact their respective departments, including budget management and operational oversight. Their roles are vital for ensuring that departmental activities align with the university's overall objectives, and their decision-making powers are clearly defined within the regulatory framework. [Data: Entities (926, 925); Relationships (1386, 1385)]

## Operational Procedures Detailed in Regulation Pages

Specific pages within the '위임전결규정' document, such as 페이지 61 and 페이지 71, contain detailed operational procedures and clauses that guide the university's administrative functions. These pages outline the delegation of tasks and decision-making authority, ensuring that all personnel understand their responsibilities and the processes involved in university governance. The clarity provided by these documents is essential for effective management and operational efficiency. [Data: Entities (1911, 1766); Relationships (2488, 2335)]

## Impact of Financial Management Regulations

The delegation regulations include provisions for financial management, such as budget formulation and tuition setting, which are critical for the university's financial health. The regulations ensure that financial decisions are made transparently and efficiently, which is essential for maintaining trust among stakeholders and ensuring the sustainability of university operations. This aspect of the regulations highlights the importance of sound financial governance in the overall management of the institution. [Data: Entities (1350, 1359); Relationships (1854, 1863)]",7.5
91,Regulatory Changes and Scholarship Programs,0.017980636237897647,"# Regulatory Changes and Scholarship Programs

This community is centered around significant regulatory dates and scholarship programs, including the implementation of revised regulations and various scholarship initiatives. Key entities are interconnected through specific dates that mark the enforcement of these regulations and the commencement of scholarship programs.

## Key regulatory dates

The community is defined by several key dates that mark the implementation of important regulations and initiatives. For instance, September 1, 2024, is significant as it marks the effective date for revised regulations and the commencement of the dormitory scholarship program. This date is crucial for stakeholders as it indicates when new rules will come into effect, potentially affecting operations and compliance requirements. [Data: Entities (3746, 632, 4743); Relationships (5864)]

## Impact of the Planning Committee regulations

The Planning Committee regulations play a vital role in the governance of the community. These regulations outline the operational and functional guidelines for the committee, which is essential for maintaining order and compliance within the community. The relationship between the Planning Committee regulations and the specific articles, such as Article 5, indicates the structured approach to governance that is necessary for effective management. [Data: Entities (632); Relationships (986)]

## Scholarship programs as a community focus

Scholarship programs, such as the 성적 우수 장학금 (Excellence Scholarship) and 상상력인 재 장학금 (Imagination Scholarship), are significant components of this community. These scholarships are designed to support students based on academic performance and specific criteria, thereby fostering educational advancement. The implementation dates for these scholarships, particularly March 31, 2025, highlight the community's commitment to supporting students through financial aid. [Data: Entities (3739, 3742); Relationships (5264, 5268)]

## Interconnectedness of regulations and scholarships

The relationships between various regulations and scholarship programs illustrate the interconnected nature of governance and educational support within the community. For example, the 성적 우수 장학금 is included in the scholarship eligibility criteria, indicating that regulatory frameworks directly influence scholarship distribution. This interconnectedness is crucial for understanding how changes in regulations can impact student support systems. [Data: Entities (3738, 3741); Relationships (5261)]

## Future regulatory changes

Looking ahead, February 27, 2025, is another critical date for the community as it marks the implementation of several regulatory changes, including guidelines for faculty appointments and linked majors. These changes are expected to have significant implications for the community's structure and operations, emphasizing the need for stakeholders to prepare for these upcoming adjustments. [Data: Entities (639); Relationships (6909)]",7.5
462,Content Design College Governance Regulations,0.011065006915629323,"# Content Design College Governance Regulations

The community is centered around the governance and regulatory framework of the Content Design College, primarily focusing on key regulations such as 제 61 조 and the roles of the 교원징계위원회 (Disciplinary Committee). These entities are interconnected through various regulations that dictate the management, transparency, and disciplinary processes within the college.

## Importance of 제 61 조 in governance

제 61 조 serves as a foundational regulation for the Content Design College, mandating transparency and governance practices. It requires the college president to disclose institutional information annually to the Minister of Education, ensuring accountability and oversight. This regulation is crucial for maintaining trust and integrity within the college's operations, as it establishes a framework for public accountability and governance. The implications of non-compliance could lead to significant reputational damage and legal repercussions for the institution. [Data: Entities (373); Relationships (534)]

## Role of the 교원징계위원회

The 교원징계위원회 is a critical entity responsible for handling disciplinary matters related to educators at the Content Design College. This committee's decisions can significantly impact the careers of faculty members and the overall educational environment. The committee operates under specific regulations, including 제 59 조의 4, which outlines the grounds and types of disciplinary actions. The effectiveness and fairness of this committee are vital for maintaining a positive academic atmosphere and ensuring that educators are held to appropriate standards. [Data: Entities (7801); Relationships (12813)]

## Interconnectedness of regulations

The various regulations, such as 제 59 조의 2, 제 59 조의 3, and 제 59 조의 4, are interconnected and collectively shape the governance structure of the Content Design College. These regulations detail the roles and responsibilities of external committee members and the confidentiality obligations of those involved in disciplinary proceedings. Understanding these interconnections is essential for comprehending the broader regulatory landscape and its implications for governance and accountability within the college. [Data: Entities (7802, 7803, 7804); Relationships (12818, 12819, 12820)]

## Recent amendments to regulations

Recent amendments to key regulations, such as 제 63 조의 3 and 제 64 조, highlight the evolving nature of governance at the Content Design College. These amendments, made on significant dates like 2017. 6. 23., reflect the institution's responsiveness to changing educational standards and governance needs. Keeping track of these changes is crucial for stakeholders to ensure compliance and adapt to new requirements effectively. [Data: Entities (7809, 7810); Relationships (12834, 12835)]

## Documentation and record-keeping

The existence of records related to disciplinary actions, as indicated by the entity 징계기록, underscores the importance of documentation in governance processes. Proper record-keeping is essential for transparency and accountability, allowing for audits and reviews of disciplinary decisions. This practice not only protects the rights of educators but also enhances the credibility of the college's governance framework. [Data: Entities (9892, 9893); Relationships (16612)]",6.5
361,Laboratory Practice Fee Community,0.006915629322268326,"# Laboratory Practice Fee Community

The community centers around the Laboratory Practice Fee Application and its associated documents required for academic and professional purposes, particularly within the Content Design College. The entities are interconnected through the application process, which necessitates various supporting documents, highlighting the importance of compliance and documentation in educational funding.

## Central role of the Laboratory Practice Fee Application

The Laboratory Practice Fee Application is the core entity in this community, serving as the primary document for requesting funding for various academic activities. This application is essential for students and faculty at the Content Design College, as it outlines the necessary financial support for practical training and research activities. The application is reviewed by the head professor of the major, indicating its significance in the academic framework and the potential consequences of improper submission or documentation. [Data: Entities (7617); Relationships (12467)]

## Importance of supporting documents

The community relies heavily on a set of supporting documents that must accompany the Laboratory Practice Fee Application. These documents include a resume, identification copy, bank statement, criminal record check, student list, and syllabus. Each of these documents plays a crucial role in verifying the applicant's eligibility and ensuring compliance with institutional requirements. The necessity of these documents underscores the importance of thorough preparation and adherence to guidelines in the application process. [Data: Entities (3186, 7618, 7619, 7620, 7621, 7622); Relationships (4312, 12470, 12471, 12472, 12473, 12474)]

## Connection to Content Design College

The Laboratory Practice Fee Application is specifically associated with the Content Design College, which indicates that the community is primarily focused on this educational institution. The relationship between the application and the college highlights the institutional framework within which these documents operate. This connection is vital for understanding the context of the application process and the potential impact on students and faculty involved in practical training and research. [Data: Relationships (12467)]

## Financial management aspects

The community also encompasses financial management elements related to the Laboratory Practice Fee. This includes budget items specifically allocated for laboratory practice fees, as well as the management of non-tuition accounting items. Understanding these financial aspects is crucial for ensuring that funds are appropriately allocated and utilized for their intended purposes, which can significantly affect the quality of educational experiences provided to students. [Data: Entities (7623, 7630, 7631, 7632); Relationships (12481, 12482, 12483, 12484)]

## Compliance and potential risks

The requirement for multiple documents in the application process introduces potential risks related to compliance. Failure to submit the necessary documents or inaccuracies in the application can lead to delays or denials of funding, which can adversely affect students' educational opportunities. This aspect of the community emphasizes the importance of diligence and accuracy in the application process to mitigate risks associated with funding applications. [Data: Relationships (12470, 12471, 12472, 12473, 12474)]",6.5
55,Academic Status Change Regulations Community,0.006915629322268326,"# Academic Status Change Regulations Community

The community is centered around the regulations governing academic status changes, particularly the '3-3-3 학적변동에 관한 세칙' and its associated provisions. Key entities include various articles that outline eligibility and procedures for academic transfers, leaves of absence, and documentation requirements, all interconnected through their relationship to the overarching regulations.

## Centrality of the '3-3-3 학적변동에 관한 세칙'

'3-3-3 학적변동에 관한 세칙' serves as the foundational document for academic status changes, outlining critical regulations for students. This document encompasses various provisions related to readmission, re-enrollment, and departmental transfers, making it essential for students navigating their academic paths. The interconnectedness of the articles within this document highlights its significance in maintaining clarity and consistency in academic processes [Data: Entities (4774); Relationships (6977, 6961, 6963, 6980, 6981, +more)].

## Eligibility criteria for academic transfers

The eligibility criteria for transfers, as outlined in the '전부(과)' article, specify the conditions under which students can apply for departmental changes. This includes stipulations regarding academic standing and the necessary approvals from department heads. Understanding these criteria is crucial for students considering a transfer, as it directly impacts their academic journey and compliance with institutional regulations [Data: Entities (4786); Relationships (6977)].

## Regulations on general leave of absence

Article 5 of the regulations details the conditions under which students may apply for a general leave of absence. This includes provisions for illness or other unavoidable circumstances that hinder academic performance. The structured approach to granting leaves ensures that students have a clear understanding of their rights and responsibilities, which is vital for maintaining academic integrity and support [Data: Entities (4772); Relationships (6961)].

## Documentation requirements for leave applications

Article 6 specifies the necessary documentation that students must submit when applying for a leave of absence. This includes medical certificates for health-related leaves, ensuring that the process is transparent and standardized. The clarity in documentation requirements helps prevent misunderstandings and ensures that students are adequately supported during their academic journey [Data: Entities (4773); Relationships (6963)].

## Cross-departmental transfer provisions

The regulations regarding cross-departmental transfers, as outlined in Article 10, provide a framework for students wishing to change their major or department. This includes specific eligibility criteria, such as maintaining a minimum GPA and credit load, which are designed to ensure that only qualified students can transfer. This regulation is crucial for maintaining academic standards across departments [Data: Entities (4788); Relationships (6981)].",6.5
787,교원업적평가기준 and Related Regulations,0.005532503457814661,"# 교원업적평가기준 and Related Regulations

The community centers around the 교원업적평가기준, which outlines the evaluation criteria for faculty research and industry collaboration achievements. This entity is interconnected with several other entities, including the effective date of the regulations and the committees responsible for faculty promotions and evaluations.

## 교원업적평가기준 as the core entity

The 교원업적평가기준 serves as the central framework for evaluating faculty achievements in research and industry collaboration. This entity is crucial as it sets the standards that influence faculty promotions and evaluations, thereby impacting the academic environment. The relationships it holds with other entities highlight its significance in shaping faculty career trajectories and institutional policies. [Data: Entities (3335); Relationships (4550, 4554, 4555, 4556)]

## Significance of the effective date, 1999년 3월 1일

The date 1999년 3월 1일 marks the implementation of the revised regulations, making it a pivotal point in the community's timeline. This date signifies the transition to new evaluation standards, which could have long-lasting effects on faculty assessments and institutional practices. Understanding this date is essential for comprehending the historical context of the current evaluation criteria. [Data: Entities (3344); Relationships (4554)]

## Role of the 교원 인사위원회

The 교원 인사위원회 is responsible for overseeing faculty promotion evaluations, making it a key player in the community. Its relationship with the 교원업적평가기준 indicates that the committee relies on these evaluation criteria to make informed decisions regarding faculty advancements. The committee's actions can significantly influence faculty morale and career progression within the institution. [Data: Entities (3345); Relationships (4555)]

## Impact of 교원연구실적심사규정

The 교원연구실적심사규정 represents the previous evaluation standards that have been abolished. Its relationship with the 교원업적평가기준 suggests a shift in evaluation practices, which may affect faculty who were accustomed to the old standards. The transition from the previous regulations to the new criteria could lead to confusion or resistance among faculty members, impacting their performance and satisfaction. [Data: Entities (3346); Relationships (4556)]",6.5
935,South Korean Broadcasting Entities,0.004149377593360996,"# South Korean Broadcasting Entities

The community consists of major South Korean broadcasting organizations, including KBS, MBC, SBS, and EBS, all of which are evaluated based on their television broadcasts. These entities are interconnected through their inclusion in media evaluation criteria, highlighting their significance in the South Korean media landscape.

## TV as a central evaluation framework

The entity 'TV' serves as a central framework for evaluating the quality and effectiveness of television broadcasts in South Korea. This structured approach to assessment is crucial for understanding the performance of various broadcasting organizations. The evaluation criteria associated with TV indicate a systematic method for measuring broadcast quality, which is essential for maintaining standards in the media industry. The inclusion of multiple broadcasting entities in these criteria underscores the importance of TV as a benchmark for media evaluation. [Data: Entities (4426), Relationships (6260)]

## KBS's prominence in broadcasting

KBS, or Korean Broadcasting System, is recognized as a major public broadcasting organization in South Korea, playing a significant role in the media landscape. As one of the primary broadcasters, KBS is included in the evaluation criteria, which highlights its importance in delivering quality programming. The relationship between KBS and TV indicates that it is a key player in the television broadcasting sector, influencing public discourse and media consumption patterns. [Data: Entities (6742), Relationships (16477)]

## MBC's contribution to media diversity

MBC, or Munhwa Broadcasting Corporation, is another significant entity in the South Korean broadcasting community, offering a diverse range of programs. Its inclusion in the evaluation criteria emphasizes its role in providing varied content to the audience. The relationship between MBC and TV suggests that it is a vital contributor to the overall media landscape, impacting viewer choices and preferences. [Data: Entities (6743), Relationships (16478)]

## SBS's role in public broadcasting

SBS, a public broadcasting company, is recognized for delivering a wide array of content through television and radio. Its inclusion in the evaluation criteria indicates its significance in the broadcasting sector. The relationship with TV highlights SBS's role in shaping media narratives and influencing public opinion, making it an essential player in the South Korean media ecosystem. [Data: Entities (6744), Relationships (16479)]

## EBS's focus on educational programming

EBS, or 한국교육방송공사, specializes in educational content, making it a key player in the field of education broadcasting in South Korea. Its inclusion in the evaluation criteria related to educational programming underscores its importance in promoting educational initiatives through media. The relationship between EBS and TV indicates that it plays a crucial role in enhancing educational access and quality through broadcasting. [Data: Entities (6745), Relationships (16480)]",7.5
196,Scholarship Programs and Beneficiaries,0.004149377593360996,"# Scholarship Programs and Beneficiaries

This community encompasses various scholarship programs aimed at supporting students from diverse backgrounds, including multi-child families, North Korean defectors, and high-achieving students. The relationships among these scholarships highlight their interconnectedness and shared objectives in providing financial assistance to eligible students.

## Diverse scholarship offerings

The community features a range of scholarship programs, including 행복장학금, 한캠장학금, 성적장학금, 사랑장학금, and 새출발장학금, each targeting different student demographics. These scholarships provide various benefits, such as tuition fee reductions, which are crucial for students from lower-income families or those with specific needs. For instance, 행복장학금 offers a 20% tuition reduction for children from multi-child families, while 새출발장학금 provides a 100% waiver for North Korean defectors. This diversity in scholarship offerings reflects the community's commitment to enhancing educational opportunities for all students [Data: Entities (7665, 7663, 7661, 7662, 7664, 7666)].

## Interconnected scholarship criteria

The relationships among the scholarships indicate that they share common eligibility criteria and objectives. For example, both 행복장학금 and 사랑장학금 target new students and provide tuition fee reductions based on specific conditions. Similarly, 성적장학금 and 한캠장학금 are aimed at both new and current students, emphasizing academic performance and participation in career camps. This interconnectedness suggests a cohesive strategy in addressing the financial needs of students across different backgrounds [Data: Relationships (12528, 12525, 12516)].

## Focus on multi-child families

행복장학금 specifically supports children from multi-child families, which is a significant demographic in the community. This scholarship not only provides financial relief but also acknowledges the unique challenges faced by these families. The relationship between 행복장학금 and 다자녀 가정 highlights the program's targeted approach to assist those who may struggle with educational expenses due to larger family sizes. This focus on multi-child families underscores the community's commitment to inclusivity and support for diverse family structures [Data: Relationships (12544)].

## Support for North Korean defectors

The 새출발장학금 is a critical program designed to assist North Korean defectors, offering a 100% tuition fee waiver. This scholarship is particularly important given the unique challenges faced by this group, including social integration and financial instability. The relationship between 새출발장학금 and 북한이탈주민 emphasizes the community's dedication to providing educational opportunities for marginalized populations, thereby fostering inclusivity and support for those in need [Data: Relationships (12545)].

## Academic performance incentives

성적장학금 rewards students who achieve high academic performance, thereby promoting excellence in education. This scholarship not only incentivizes students to excel in their studies but also contributes to a culture of academic achievement within the community. The relationship between 성적장학금 and 장학금별 지급대상 indicates that this scholarship is part of a broader framework aimed at recognizing and rewarding student success [Data: Relationships (12516)].",7.5
108,Support for Disabled Students Community,0.0027662517289073307,"# Support for Disabled Students Community

The community focuses on the support structures for disabled students, including the Disabled Students Support Committee and the Disabled Students Support Center. These entities are interconnected, providing essential resources and advocacy for students with disabilities.

## Disabled Students as a central entity

Disabled students are the primary focus of this community, defined under specific educational laws that ensure their rights to receive special education and necessary support. These students are registered under the Welfare of Persons with Disabilities Act, which highlights their legal recognition and the importance of tailored educational resources. The existence of this community underscores the need for ongoing support and advocacy to ensure that these students can fully participate in their education. [Data: Entities (3891); Relationships (5451)]

## Role of the Disabled Students Support Committee

The Disabled Students Support Committee is established specifically to assist disabled students, indicating a structured approach to advocacy and support within the educational institution. This committee plays a crucial role in identifying the needs of disabled students and ensuring that appropriate resources and accommodations are provided. The relationship between the committee and the disabled students emphasizes the importance of organized support systems in enhancing the educational experience for these individuals. [Data: Entities (5308); Relationships (7982)]

## Function of the Disabled Students Support Center

The Disabled Students Support Center operates to provide direct assistance to disabled students, further reinforcing the community's commitment to inclusivity and support. This center likely offers various services, including counseling, academic support, and resources tailored to the unique challenges faced by disabled students. The operational relationship between the center and the disabled students highlights the necessity of having dedicated facilities that cater to their specific needs. [Data: Entities (5309); Relationships (7983)]

## Legal framework supporting disabled students

The community is grounded in legal frameworks such as the Special Education Act and the Welfare of Persons with Disabilities Act, which define the rights and support mechanisms for disabled students. These laws ensure that educational institutions are obligated to provide necessary accommodations and support, thereby enhancing the educational landscape for disabled individuals. The legal backing is crucial for the community's operations and effectiveness in advocating for student rights. [Data: Relationships (5451)]

## Interconnectedness of support entities

The relationships among the disabled students, the Disabled Students Support Committee, and the Disabled Students Support Center illustrate a well-structured support network. This interconnectedness is vital for creating a comprehensive support system that addresses various aspects of the educational experience for disabled students. The collaboration among these entities ensures that students receive holistic support, which is essential for their academic success and personal development. [Data: Relationships (7982, 7983)]",7.5
147,University Research Evaluation Community,0.0027662517289073307,"# University Research Evaluation Community

The community focuses on various evaluation criteria related to university research funding and collaboration. Key entities include categories such as 대학사업 (University Projects), 중점 (Focus Areas), 산학 (Industry-Academia), 협력 (Collaboration), 실적 (Performance), and 민간과제 (Private Projects), which are interconnected through a series of relationships that highlight their evaluative criteria.

## Interconnected evaluation criteria

The community is characterized by a set of interconnected evaluation criteria that assess various aspects of university research funding and collaboration. Each entity represents a specific area of evaluation, and their relationships indicate how these areas influence one another. For instance, the relationship between 대학사업 (University Projects) and 기타 (Others) suggests that university projects encompass a broad range of evaluation criteria, which could impact funding decisions significantly. [Data: Entities (4998, 4994, 3422, 4995, 4996, 4997); Relationships (7400)]

## Focus on industry-academia collaboration

The entity 산학 (Industry-Academia) plays a crucial role in the community, emphasizing the importance of collaboration between academic institutions and industry. This relationship is vital for securing research funding and ensuring that academic research aligns with industry needs. The connection between 산학 and 협력 (Collaboration) further highlights the significance of collaborative efforts in enhancing research outcomes and funding opportunities. [Data: Entities (3422, 4995); Relationships (7395, 7396)]

## Performance metrics linked to private projects

The entity 실적 (Performance) is linked to 민간과제 (Private Projects), indicating that performance metrics are essential for evaluating the success of private sector collaborations. This relationship suggests that the outcomes of private projects are assessed based on established performance criteria, which can influence future funding and project opportunities. The interconnectedness of these entities underscores the importance of performance evaluation in the context of private sector engagement. [Data: Entities (4996, 4997); Relationships (7398)]

## Evaluation criteria for national R&D

The entity 중점 (Focus Areas) is specifically related to national R&D funding, indicating that this community is aligned with broader governmental research initiatives. The relationship between 중점 and 산학 suggests that national R&D priorities are closely tied to industry-academia collaborations, which can shape the direction of research funding and evaluation criteria. This alignment with national objectives highlights the community's potential impact on research funding at a larger scale. [Data: Entities (4994, 3422); Relationships (7395)]

## Collaboration as a key evaluation factor

The entity 협력 (Collaboration) is central to the community, serving as a bridge between various evaluation criteria. Its relationships with 실적 (Performance) and 산학 (Industry-Academia) indicate that collaboration is a critical factor in assessing research success and funding eligibility. This emphasis on collaboration reflects a growing trend in research funding that prioritizes partnerships and cooperative efforts among institutions and industries. [Data: Entities (4995, 4996); Relationships (7396, 7397)]",6.5
1018,Academic Procedures and Foreign Student Management,0.0027662517289073307,"# Academic Procedures and Foreign Student Management

This community encompasses various academic procedures related to thesis management, degree registration, and the management of foreign students, all of which are documented on page 78 of a specific document. The entities are interconnected through their references to this page, highlighting the importance of these procedures in the academic context.

## Centrality of Page 78 in Academic Procedures

Page 78 serves as a crucial reference point for various academic procedures, including thesis management, degree registration, and the organization of ceremonies. This page consolidates essential information that governs the academic experience for students, particularly foreign students. The interconnectedness of the entities through this page indicates that any changes or issues related to these procedures could significantly impact the academic community. [Data: Entities (2011); Relationships (2625, 2628, 2629, 2631, 2627)]

## Thesis Management Procedures

The procedures outlined in Section 17 of the document detail the processes for thesis management, including scheduling, approval by advisors, and the appointment of review committees. These procedures are vital for maintaining academic standards and ensuring that students receive the necessary support throughout their thesis work. The emphasis on these processes highlights the importance of structured academic oversight in fostering a conducive learning environment. [Data: Entities (2006); Relationships (2625)]

## Degree Registration Processes

Section 19 addresses the processes related to degree registration, including graduation assessments and the confirmation of degree recipients. This section is critical for ensuring that students meet the necessary requirements for graduation, thereby impacting their academic progression and future opportunities. The clarity and efficiency of these processes are essential for maintaining student satisfaction and institutional integrity. [Data: Entities (2008); Relationships (2628)]

## Management of Foreign Students

Section 21 outlines the management of foreign students, detailing the recruitment, admission, and visa processes. This is particularly significant in today's globalized academic environment, where institutions are increasingly reliant on international students. Effective management of these processes is crucial for attracting and retaining foreign talent, which can enhance the diversity and academic richness of the institution. [Data: Entities (2010); Relationships (2631)]

## Impact of Deleted Section 18

The deletion of Section 18 indicates a potential shift in policy or procedure that could have implications for the academic community. While the specific content of this section is not detailed, its removal suggests that there may have been concerns or changes in the approach to certain academic processes. Understanding the reasons behind this deletion could provide insights into the evolving landscape of academic governance. [Data: Entities (2007); Relationships (2627)]

## Ceremony Organization Procedures

Section 20 discusses the organization of entrance and graduation ceremonies, which are significant events in the academic calendar. These ceremonies not only mark the culmination of students' academic efforts but also serve as important community-building events. The procedures outlined in this section ensure that these ceremonies are conducted smoothly and reflect the institution's values and traditions. [Data: Entities (2009); Relationships (2629)]",6.0
1443,Selection and Budgeting for Non-Book Materials,0.0027662517289073307,"# Selection and Budgeting for Non-Book Materials

This community focuses on the processes related to the selection, budgeting, and management of non-book materials. The entities are interconnected through their roles in budgeting and application processes, indicating a structured approach to resource acquisition.

## Interconnected processes of selection and budgeting

The entities within this community are closely related, particularly through the processes of selection and budgeting for non-book materials. The relationship between '연속간행물 선정' (Selection of Periodicals) and '예산 편성' (Budgeting) indicates that the selection process is directly tied to the budgeting process, which is crucial for ensuring that adequate resources are allocated for material acquisition. This interconnectedness highlights the importance of a well-coordinated approach to resource management. [Data: Entities (1887, 1889); Relationships (2471)]

## Application process for material purchases

'자료구입신청 접수' (Application for Material Purchase) plays a significant role in the community by facilitating the acquisition of non-book materials. This process involves receiving applications and managing requests, which is essential for ensuring that the right materials are procured. The relationship between this entity and '연속간행물 선정' suggests that the selection of periodicals is influenced by the applications received, indicating a feedback loop that can affect resource allocation. [Data: Entities (1888, 1887); Relationships (2472)]

## Management of non-book materials

'비도서자료의 선정, 구입 및 관리' (Selection, Purchase, and Management of Non-Book Materials) is a key entity that encompasses the overall management of non-book resources. This entity's relationship with '예산 편성' indicates that budgeting is a critical factor in the management process, ensuring that funds are available for the selection and purchase of necessary materials. The effective management of these resources is vital for supporting educational and informational needs. [Data: Entities (1890); Relationships (2473)]

## Importance of budgeting in resource acquisition

The budgeting process ('예산 편성') is fundamental to the community, as it determines the financial resources available for acquiring non-book materials. This entity's connections to both the selection of periodicals and the management of non-book materials underscore the necessity of financial planning in resource acquisition. Without proper budgeting, the effectiveness of the selection and management processes could be compromised, leading to potential gaps in resource availability. [Data: Entities (1889); Relationships (2471, 2473)]",4.5
1313,Campus Dining and Employee Welfare Management,0.0027662517289073307,"# Campus Dining and Employee Welfare Management

The community focuses on the management of campus dining facilities and employee welfare programs. The entities are interconnected, with the campus dining management being linked to employee welfare initiatives, indicating a holistic approach to campus services.

## Campus Dining Management Responsibilities

The entity '교내식당 및 카페 관리 업무' encompasses the responsibilities related to the operation and management of campus dining facilities and cafes. This includes overseeing daily functions and ensuring effective administration of these establishments. The significance of this entity lies in its role in providing essential services to the campus community, which can directly affect student and staff satisfaction. Proper management is crucial for maintaining quality and efficiency in dining services, which can impact overall campus morale and productivity. [Data: Entities (1744)]

## Employee Welfare Planning and Implementation

The entity '교직원 후생복지 계획 및 시행 업무' focuses on planning and implementing welfare programs for employees. This role is vital for enhancing employee satisfaction and retention, which can lead to a more engaged and productive workforce. The connection between employee welfare and campus dining management suggests that both entities work collaboratively to ensure that staff needs are met, thereby fostering a supportive work environment. [Data: Entities (1743)]

## Interconnection Between Entities

The relationship between '교직원 후생복지 계획 및 시행 업무' and '교내식당 및 카페 관리 업무' indicates a strategic link between employee welfare and dining services. This connection highlights the importance of integrated management practices that consider both employee needs and operational efficiency. By aligning these two areas, the campus can create a more cohesive service experience for staff, which is essential for maintaining high morale and productivity. [Data: Relationships (2320)]

## Approval Procedures Related to Dining Management

The relationship '교내식당 및 카페 관리 업무' and '위임전결규정' suggests that there are established approval procedures related to the management of campus dining services. These procedures are crucial for ensuring accountability and transparency in decision-making processes. Effective governance in dining management can prevent mismanagement and ensure that services meet the needs of the campus community. [Data: Relationships (2325)]",4.0
724,Laboratory Safety Regulations Community,0.0013831258644536654,"# Laboratory Safety Regulations Community

The community is centered around the laboratory safety regulations, specifically the 3-1-40 Laboratory Safety Management Regulations and its associated articles. The entities are interconnected through their inclusion in the overarching safety management document, which outlines critical safety protocols and emergency procedures.

## Centrality of 3-1-40 Laboratory Safety Management Regulations

The 3-1-40 Laboratory Safety Management Regulations serve as the foundational document for the community, encompassing various safety protocols and emergency procedures. This document is crucial for ensuring the safety of laboratory personnel and minimizing risks associated with laboratory activities. The regulations include specific articles that detail safety measures, such as the installation of safety signage and emergency response actions, which are vital for maintaining a safe working environment. Non-compliance with these regulations could lead to serious accidents, making this document central to the community's impact. [Data: Entities (4832); Relationships (7048, 7050, 7052)]

## Importance of Article 10 on Safety Protocols

Article 10 of the laboratory safety regulations emphasizes the need for safety management personnel to establish and display safety protocols tailored to the specific characteristics of the laboratory. This article is critical as it mandates the proactive identification and management of safety risks, ensuring that all laboratory activities are conducted with the highest safety standards. The requirement for visible safety protocols helps to foster a culture of safety within the laboratory, which is essential for preventing accidents and ensuring compliance with legal standards. [Data: Entities (4829); Relationships (7048)]

## Role of Article 10-2 in Risk Mitigation

Article 10-2 focuses on the installation and maintenance of safety signage to prevent accidents related to identified hazards within the laboratory. This article underscores the importance of visual communication in safety management, as clear signage can significantly reduce the likelihood of accidents by informing personnel of potential risks. The ongoing maintenance of these signs is also crucial, as outdated or damaged signage can lead to misunderstandings and increased risk. This article's emphasis on risk mitigation is vital for maintaining a safe laboratory environment. [Data: Entities (4830); Relationships (7050)]

## Emergency Response Guidelines in Article 11

Article 11 outlines the emergency response procedures that laboratory personnel must follow in the event of an accident. This article is essential for minimizing both material and human damage during emergencies, as it provides clear guidelines for immediate actions to be taken. The presence of well-defined emergency procedures can significantly enhance the preparedness of laboratory staff, ensuring that they are equipped to handle unexpected incidents effectively. This proactive approach to safety is critical in high-risk environments such as laboratories. [Data: Entities (4831); Relationships (7052)]",7.5
334,Multicultural Family Support Policies,0.0013831258644536654,"# Multicultural Family Support Policies

The community focuses on policies aimed at supporting multicultural families, particularly students from diverse backgrounds. Key entities include various legislative measures that ensure non-discrimination and administrative support for these families, highlighting the interconnectedness of these policies in fostering an inclusive educational environment.

## Legislative Framework for Multicultural Family Support

The community is anchored by a set of legislative measures designed to support multicultural families, particularly students. The '다문화가족 지원 정책' serves as the overarching policy framework that encompasses various provisions aimed at understanding and addressing the needs of multicultural families. This policy is crucial as it lays the groundwork for subsequent measures, such as the '제 5 조 실태조사', which focuses on assessing the current status and needs of these families. The interconnectedness of these policies indicates a comprehensive approach to support, ensuring that multicultural families receive the necessary resources and assistance. [Data: Entities (4277, 4278, 4279, 4280); Relationships (6078)]

## Importance of Non-Discrimination Policies

The '제 6 조 차별금지' policy is a critical component of the community, mandating that educational institutions provide support without discrimination. This policy ensures that multicultural families are treated equitably, which is essential for fostering an inclusive environment. By prohibiting discrimination in learning support and facilities, this measure not only protects the rights of multicultural students but also promotes a culture of acceptance and diversity within educational settings. The enforcement of this policy is vital for the success of multicultural family support initiatives. [Data: Entities (4279); Relationships (6082)]

## Administrative Support for Multicultural Families

The '제 7 조 행정지원' policy establishes administrative roles dedicated to supporting multicultural families within educational institutions. This measure is significant as it ensures that there are designated personnel responsible for addressing the unique challenges faced by these families. By having support staff in place, educational institutions can better respond to the needs of multicultural students, facilitating their integration and success. This administrative support is a key element in the overall effectiveness of the multicultural family support policies. [Data: Entities (4280); Relationships (6083)]

## Annual Assessment of Multicultural Family Needs

The '제 5 조 실태조사' policy allows for an annual assessment of the status and needs of multicultural families. This ongoing evaluation is crucial for adapting support measures to meet the evolving challenges faced by these families. By regularly collecting data and insights, educational institutions can refine their policies and programs, ensuring they remain relevant and effective. This proactive approach is essential for fostering a supportive environment for multicultural families and addressing any emerging issues promptly. [Data: Entities (4278); Relationships (6081)]",7.5
1349,International Student Management in Korean Language Programs,0.0013831258644536654,"# International Student Management in Korean Language Programs

This community focuses on the management and procedures related to international students enrolled in Korean language programs. The entities are interconnected through various processes, including admission, visa management, and student retention, highlighting the importance of a cohesive approach to international student affairs.

## Admission processes for international language students

The entity concerning the admission of international language students outlines the procedures and requirements for enrolling in Korean language programs. This process is crucial as it sets the foundation for the students' educational journey and impacts the institution's ability to attract foreign students. The relationship between this entity and the management of international students indicates that effective admission processes are essential for maintaining a steady influx of students, which is vital for the sustainability of language programs. [Data: Entities (1613); Relationships (2191)]

## Management of international students in Korean language programs

The management of international students enrolled in Korean language courses is a key aspect of this community. This entity encompasses various responsibilities, including student support, retention strategies, and compliance with educational regulations. The interconnectedness with the admission process suggests that effective management is necessary to ensure that students have a positive experience, which can lead to higher retention rates and positive word-of-mouth, ultimately benefiting the institution's reputation. [Data: Entities (1614); Relationships (2191, 2192)]

## Issuance of permits and approvals for international students

The process of issuing permits and approvals for international students is critical for their legal status and ability to study in Korea. This entity is linked to the management of international students, indicating that proper handling of these permits is essential for compliance with immigration laws. Any issues in this area could lead to significant consequences for both students and educational institutions, including legal repercussions and damage to reputation. [Data: Entities (1615); Relationships (2192)]

## Visa management for international students

Visa management is a fundamental aspect of the international student experience, as it directly affects their ability to study and reside in Korea. This entity outlines the procedures for visa certification and management, which are crucial for ensuring that students can legally remain in the country during their studies. The relationship with the permit issuance process highlights the importance of a streamlined approach to visa management, as delays or complications can lead to student dissatisfaction and potential dropouts. [Data: Entities (1616); Relationships (2193)]

## Interconnectedness of processes in international student management

The relationships among the entities indicate a complex web of processes that are interdependent. For instance, the admission process is closely tied to student management and visa handling, suggesting that a failure in one area can have cascading effects on the others. This interconnectedness emphasizes the need for educational institutions to adopt a holistic approach to managing international students, ensuring that all processes are aligned and functioning effectively to support student success. [Data: Relationships (2191, 2192, 2193)]",6.5
907,Educational Data Innovation and Research Community,0.0013831258644536654,"# Educational Data Innovation and Research Community

This community focuses on the development and management of educational data aimed at fostering educational innovation. The two key entities are involved in the planning and analysis of educational data, with a significant relationship indicating their interconnected roles in supporting educational advancements.

## Focus on educational data management

The entity '교육혁신을 위한 학내 데이터 구축 및 관리 지원에 관한 사항' emphasizes the importance of building and managing data for educational innovation. This entity is crucial as it lays the groundwork for data-driven decision-making in educational settings. The management of educational data can significantly influence teaching methodologies, curriculum development, and overall educational outcomes. The relationship with the page 23 indicates that this entity's work is documented and accessible, which could enhance transparency and collaboration in educational initiatives. [Data: Entities (1096); Relationships (1595)]

## External agency involvement in educational research

The entity '외부기관 주관 교육데이터 조사기획·조사관 리·분석 및 연구에 관한 사항' highlights the role of external agencies in conducting educational data research. This involvement is essential as it brings in diverse perspectives and expertise, which can enrich the educational data landscape. The relationship with the first entity suggests that the external agency's research is closely aligned with the internal data management efforts, indicating a collaborative approach to educational innovation. This synergy can lead to more comprehensive insights and effective strategies for educational improvement. [Data: Entities (1095); Relationships (1593)]

## Interconnectedness of internal and external educational efforts

The relationship between the two entities illustrates a significant interconnectedness in the educational data community. The collaboration between internal data management and external research efforts can create a robust framework for educational innovation. This interconnectedness is vital for ensuring that data collected is relevant and effectively utilized to inform educational practices and policies. The combined efforts can lead to a more cohesive strategy for addressing educational challenges and enhancing student outcomes. [Data: Relationships (1593)]

## Documentation and transparency in educational data initiatives

The mention of page 23 in the relationship with the first entity indicates that there is a structured documentation process in place for educational data initiatives. This transparency is crucial for stakeholders, including educators, policymakers, and researchers, as it allows for accountability and informed decision-making. By having accessible documentation, the community can foster trust and collaboration among various stakeholders, ultimately leading to more effective educational innovations. [Data: Relationships (1595)]",6.0
776,Regulations and Amendments Community,0.0013831258644536654,"# Regulations and Amendments Community

This community consists of two key regulatory amendments, namely the '부칙(개정 규정)' and '부칙(2022.4.18.)', which are related through their implementation dates. The relationship between these amendments highlights their significance in the regulatory framework.

## Key amendments in the community

The community is centered around two significant amendments: '부칙(개정 규정)' and '부칙(2022.4.18.)'. These amendments are crucial as they outline specific regulatory changes that have been implemented at different times. The first amendment, effective from May 31, 2018, and the second, effective from March 1, 2022, indicate ongoing regulatory evolution. Understanding these amendments is essential for compliance and governance within the relevant sectors. [Data: Entities (8889, 8890)]

## Relationship between the amendments

The relationship between '부칙(개정 규정)' and '부칙(2022.4.18.)' is significant as they both contain information regarding their respective implementation dates. This connection suggests that the amendments may address similar regulatory themes or objectives, which could be critical for stakeholders needing to navigate compliance. The combined degree of 3 indicates a moderate level of interrelation, emphasizing the importance of understanding both amendments in conjunction. [Data: Relationships (14714)]

## Implementation dates as a focal point

The implementation dates of the amendments serve as a focal point for understanding their relevance and applicability. The first amendment's date of May 31, 2018, and the second's date of March 1, 2022, suggest a timeline of regulatory changes that stakeholders must be aware of. These dates are crucial for ensuring that organizations remain compliant with the latest regulations and can adapt to changes in the legal landscape. [Data: Entities (8889, 8890)]

## Potential implications of the amendments

The amendments may have significant implications for organizations operating under the relevant regulations. Changes in regulations can affect compliance requirements, operational procedures, and overall governance. Stakeholders must closely monitor these amendments to ensure they are aligned with the latest legal standards and avoid potential penalties for non-compliance. [Data: Entities (8889, 8890); Relationships (14714)]",4.0
638,Academic Event Funding Guidelines,0.0013831258644536654,"# Academic Event Funding Guidelines

The community is centered around the guidelines for funding academic events, specifically the 3-3-59 Academic Event Internal Funding Guidelines. The key entities include the announcement of the funding, the target recipients, and the guidelines themselves, which are interrelated and outline the conditions for funding support.

## Announcement of Funding Guidelines

The '사업 공고' (Announcement of Funding) serves as the primary communication tool for the funding guidelines, detailing the purpose, total funding amount, application procedures, eligibility criteria, and related schedules. This announcement is crucial as it sets the framework for how funding is allocated and informs potential applicants about the necessary steps to secure support. The relationship between this announcement and the academic events it pertains to is vital for ensuring transparency and accessibility in the funding process. [Data: Entities (612); Relationships (950)]

## Eligibility Criteria for Funding

The '지원대상' (Target Recipients) outlines the specific conditions under which funding is available, indicating that only certain academic events involving full-time faculty members are eligible. This criterion is significant as it restricts funding to a select group, which could impact the diversity and range of academic events supported. Understanding these eligibility requirements is essential for faculty members planning events, as it directly influences their ability to receive financial backing. [Data: Entities (611); Relationships (947)]

## Guidelines for Academic Event Funding

The '3-3-59 학술행사 교내 개최지원금 지침' (3-3-59 Academic Event Internal Funding Guidelines) provides the overarching framework for the funding process. This document is critical as it consolidates all relevant information regarding the funding, including the announcement and eligibility criteria. The guidelines ensure that all stakeholders are aware of the rules governing the funding, which helps maintain order and fairness in the allocation process. [Data: Entities (613); Relationships (949)]

## Interconnectedness of Entities

The relationships between the entities highlight the interconnected nature of the funding process. The announcement of funding, eligibility criteria, and guidelines are all linked, indicating that changes in one area could affect the others. For instance, if the announcement were to change, it could alter the eligibility criteria or the guidelines themselves, thereby impacting the entire funding ecosystem. This interconnectedness underscores the importance of clear communication and adherence to the established guidelines. [Data: Relationships (947, 949, 950)]",4.0
227,3-2-42 Post-Doc Regulations Community,0.0013831258644536654,"# 3-2-42 Post-Doc Regulations Community

The community is centered around the regulations governing post-doctoral researchers at 3-2-42, detailing the necessary documentation for appointment, retirement conditions, and responsibilities. The entities are interconnected through specific articles that outline the rules and requirements for post-doctoral researchers.

## Regulation Article 6 outlines appointment requirements

Article 6 of the 3-2-42 post-doctoral regulations specifies the necessary documents for appointment, including a resume, proof of residency, a copy of the doctoral degree certificate, academic transcripts, and recommendation letters. This regulation is crucial for ensuring that candidates meet the required qualifications for the position. The clarity and comprehensiveness of these requirements help maintain a standard for hiring, which is essential for the integrity of the research community. [Data: Entities (5892, 5895); Relationships (9143)]

## Regulation Article 7 addresses retirement conditions

Article 7 of the regulations stipulates that post-doctoral researchers will retire upon the expiration of their appointment period or if the research project is terminated or no longer requires their involvement. This provision is significant as it outlines the conditions under which a researcher must leave their position, ensuring that there is a clear understanding of employment duration and conditions. This helps in planning and managing research projects effectively. [Data: Entities (5893); Relationships (9145)]

## Regulation Article 8 defines researcher responsibilities

Article 8 specifies that post-doctoral researchers are required to participate full-time in research projects at their affiliated university or research institution and to fulfill assigned duties. This regulation emphasizes the commitment expected from researchers and ensures that they contribute effectively to their projects. The enforcement of this article is vital for maintaining productivity and accountability within the research community. [Data: Entities (5894); Relationships (9147)]

## Interconnectedness of the regulations

The three articles (6, 7, and 8) are interconnected as they collectively define the framework for post-doctoral researchers at 3-2-42. Article 6 sets the stage for appointment, Article 7 outlines the conditions for retirement, and Article 8 details the responsibilities during the appointment. This interconnectedness ensures that all aspects of a post-doctoral researcher's career are governed by a cohesive set of regulations, which is essential for clarity and compliance. [Data: Relationships (9143, 9145, 9147)]",4.0
1418,징계처분 및 징계기록,0.0013831258644536654,"# 징계처분 및 징계기록

이 커뮤니티는 징계처분과 관련된 사건과 그 기록으로 구성되어 있으며, 두 개체 간의 관계는 징계처분에 대한 기록이 존재함을 나타냅니다.

## 징계처분의 중요성

징계처분은 교원징계위원회에서 심의되는 사건으로, 교육 기관 내에서의 교사의 행동과 관련된 중요한 사안입니다. 이러한 징계처분은 교사의 직무 수행에 직접적인 영향을 미치며, 교육 기관의 신뢰도와 평판에 중대한 영향을 미칠 수 있습니다. 따라서 징계처분은 교육 시스템의 투명성과 책임성을 유지하는 데 필수적인 요소입니다. [Data: Entities (9892)]

## 징계기록의 역할

징계기록은 징계처분의 기록과 관련된 사건으로, 징계처분의 세부 사항을 문서화하여 향후 참고할 수 있도록 합니다. 이러한 기록은 징계처분의 정당성을 입증하는 데 중요한 역할을 하며, 교육 기관이 교사의 행동을 관리하는 데 필요한 근거 자료로 활용됩니다. 징계기록의 존재는 교육 기관의 투명성을 높이고, 교사와 학생 간의 신뢰를 구축하는 데 기여할 수 있습니다. [Data: Entities (9893)]

## 징계처분과 징계기록 간의 관계

징계처분과 징계기록 간의 관계는 징계처분에 대한 기록이 존재함을 나타내며, 이는 제 27 조에서 다루어집니다. 이 관계는 징계처분이 발생했을 때 그에 대한 공식적인 기록이 남아야 함을 강조합니다. 이러한 기록은 향후 유사한 사건이 발생했을 때 참고 자료로 활용될 수 있으며, 교육 기관의 정책과 절차의 일관성을 유지하는 데 중요한 역할을 합니다. [Data: Relationships (16612)]",4.0
191,Future Plus University Community,0.058091286307053944,"# Future Plus University Community

The Future Plus University community encompasses various educational and administrative entities that contribute to the university's academic and operational framework. Key entities include the university itself, its academic affairs team, and various departments responsible for course offerings and student guidance. The interconnected relationships among these entities highlight a structured approach to education and administration.

## Central Role of Future Plus University

Future Plus University serves as the central entity in this community, overseeing various educational programs and administrative functions. The university is responsible for a wide range of activities, including course offerings, student guidance, and budget management. Its comprehensive approach to education, which includes non-degree programs and various majors, positions it as a pivotal institution in the region. The university's policies and operations are designed to foster academic success and community engagement, making it a key player in the educational landscape. [Data: Entities (1104); Relationships (1607, 2546, 2547, 2548, 2533, 2544, +more)]

## Academic Affairs Team's Functions

The academic affairs team at Future Plus University plays a crucial role in managing course offerings and student support services. This team is responsible for advising students on course completion, establishing major and general education courses, and structuring educational curricula. Their work ensures that students receive tailored guidance, which is essential for navigating their academic paths effectively. The team's responsibilities also include managing the allocation of instructors and overseeing the university's budget, highlighting their integral role in the institution's operations. [Data: Entities (1952, 1953, 1954, 1955, 1956); Relationships (2546, 2547, 2548, 2549, 2550, +more)]

## Diverse Educational Programs Offered

Future Plus University offers a variety of educational programs, including non-degree courses, general education, and specialized majors such as Creative Arts and Future Convergence Society. This diversity in course offerings allows the university to cater to a wide range of student interests and career aspirations. The inclusion of interdisciplinary programs reflects the institution's commitment to providing a future-oriented education that prepares students for the evolving job market. The university's ability to adapt its curriculum to meet contemporary educational needs is a significant strength. [Data: Entities (5602, 5603, 2167); Relationships (8618, 8619, 2877, +more)]

## Importance of Admission Information Sessions

The admission information sessions organized by Future Plus University are vital for prospective students. These events provide essential insights into the university's admission requirements and procedures, helping to demystify the application process. By offering clear guidance, the university enhances its accessibility and encourages a diverse range of applicants. The proactive approach to admissions reflects the institution's commitment to fostering an inclusive educational environment. [Data: Entities (1943); Relationships (2533)]

## Budget Management and Resource Allocation

The budget management process at Future Plus University is critical for ensuring that the institution's financial resources are effectively allocated to support its educational mission. The university's ability to apply for budget allocations and manage its financial resources directly impacts its operational capabilities and the quality of education it can provide. This structured approach to budgeting is essential for maintaining the university's standards and supporting its various programs and initiatives. [Data: Entities (1956); Relationships (2550)]",7.5
38,University Admissions Community,0.024896265560165973,"# University Admissions Community

The community is centered around the university's admissions process, involving key entities such as the Admissions Office, the Admissions Management Team, and the Admissions Development Center. These entities are interconnected through various responsibilities and tasks related to student recruitment, admission policies, and statistical analysis of admission results.

## Central Role of the Admissions Office

The Admissions Office is the primary entity overseeing all admission-related tasks at the university. It is responsible for the recruitment of new students, the development of admission guidelines, and the coordination of admission processes. This central role makes it a pivotal entity in the community, influencing the overall admissions strategy and execution. The office's operations are crucial for ensuring that the university attracts a diverse and qualified student body, which can significantly impact the institution's reputation and success. [Data: Entities (1515); Relationships (2048)]

## Function of the Admissions Management Team

The Admissions Management Team operates under the Admissions Office and is tasked with managing the admission processes. This includes conducting satisfaction surveys for new students' parents and overseeing various admission-related activities. The team's involvement in these processes ensures that the university's admissions practices are responsive to stakeholder feedback, which is essential for maintaining a positive relationship with prospective students and their families. [Data: Entities (1516); Relationships (2048)]

## Admissions Development Center's Strategic Role

The Admissions Development Center plays a strategic role in planning and developing admission policies and procedures. It is responsible for conducting research and statistical analysis related to admission processes, which informs decision-making at the university level. The center's work is vital for identifying trends and areas for improvement in the admissions process, thereby enhancing the university's ability to attract and retain students. [Data: Entities (1539); Relationships (2077)]

## Interconnectedness of Admission Processes

The various entities within the admissions community are highly interconnected, with each playing a specific role that contributes to the overall admissions process. For instance, the Admissions Management Team collaborates with the Admissions Development Center to implement research findings into practical admission strategies. This interconnectedness ensures that the admissions process is cohesive and effective, ultimately benefiting the university's recruitment efforts. [Data: Relationships (2048, 2050, 2051, 2052)]

## Importance of Statistical Analysis

Statistical analysis is a critical component of the admissions process, as it helps the university assess the effectiveness of its admission strategies. The Admissions Development Center is responsible for analyzing admission results and trends, which provides valuable insights for future planning. This analytical approach allows the university to make data-driven decisions that can enhance its admissions practices and outcomes. [Data: Entities (1545); Relationships (2101)]

## Focus on Inclusive Admissions Practices

The community emphasizes the importance of inclusive admissions practices, particularly through the work of the Admissions Management Team and the Admissions Development Center. These entities are tasked with ensuring that the admissions process is fair and accessible to all prospective students, including those from diverse backgrounds. This focus on inclusivity is essential for fostering a diverse student body and enhancing the university's reputation. [Data: Entities (1516, 1539); Relationships (2054, 2055)]

## Role of Feedback Mechanisms

Feedback mechanisms, such as satisfaction surveys conducted by the Admissions Management Team, are integral to the admissions process. These surveys gather insights from new students' parents, which can inform improvements in the admissions experience. By actively seeking feedback, the university demonstrates its commitment to continuous improvement and responsiveness to stakeholder needs. [Data: Entities (1516); Relationships (2054)]

## Regulatory Compliance and Oversight

The admissions community operates under strict regulatory compliance, ensuring that all admission processes adhere to established guidelines and policies. This oversight is crucial for maintaining the integrity of the admissions process and protecting the university's reputation. The Admissions Office, along with the Admissions Management Team, is responsible for ensuring that all practices are compliant with relevant regulations. [Data: Entities (1515); Relationships (2048)]",7.5
1283,Scholarship Regulations and Counseling Services Community,0.013831258644536652,"# Scholarship Regulations and Counseling Services Community

This community is centered around significant dates and regulations related to scholarship provisions and counseling services. Key entities include specific dates that mark the establishment or amendment of various regulations, scholarship conditions, and record-keeping protocols, all of which are interconnected through their implications for educational support and compliance.

## Significance of the date 2015.2.27

The date 2015.2.27 is pivotal as it marks the revision of several important regulations, including faculty performance evaluation and military service leave. This date is crucial for understanding the evolution of educational policies and their impact on faculty and students. The amendments made on this date reflect a commitment to improving educational standards and support systems, which can significantly affect the academic environment and faculty performance. [Data: Entities (3283); Relationships (4456)]

## Importance of the date 2023.6.30

The date 2023.6.30 is associated with multiple significant changes in scholarship regulations and counseling services. It marks the implementation of new scholarship conditions and revisions to record-keeping protocols at counseling centers. This date serves as a critical reference point for understanding the current landscape of educational support, particularly in relation to social service scholarships and the qualifications required for counseling services. The implications of these changes can affect student access to financial aid and support services. [Data: Entities (3808); Relationships (13627, 7538, 13625)]

## Scholarship conditions based on TOPIK qualifications

The scholarship conditions related to TOPIK qualifications highlight the criteria for financial support based on language proficiency. Specifically, individuals holding TOPIK 3급 이하 and TOPIK 4·5급 certifications are eligible for different levels of scholarship support. This differentiation underscores the importance of language skills in accessing educational resources, which can impact students' academic journeys and opportunities for advancement. [Data: Entities (8308, 8310); Relationships (13628, 13626)]

## Regulations on counseling records

The regulations concerning counseling records, particularly those established on 2015.2.27 and revised on 2023.6.30, are essential for ensuring the confidentiality and proper management of sensitive information. These regulations dictate how records are maintained and accessed, which is crucial for protecting student privacy and ensuring compliance with legal standards. The evolution of these regulations reflects a growing awareness of the importance of safeguarding personal information in educational settings. [Data: Entities (5072); Relationships (7537, 7538)]

## Interconnectedness of scholarship and counseling regulations

The interconnectedness of scholarship and counseling regulations illustrates the comprehensive approach to supporting students in educational institutions. The various dates and conditions outlined in this community demonstrate how changes in one area can influence another, such as how scholarship eligibility can be tied to counseling qualifications. This holistic view is vital for understanding the broader implications of educational policies and their effects on student success. [Data: Relationships (13627, 13625, 7538)]",6.5
1294,Military Education Regulations Community,0.005532503457814661,"# Military Education Regulations Community

The community is centered around significant military education regulations, particularly those enacted on July 1, 2016, which include amendments related to the Reserve Officer Training Corps (ROTC) candidates. Key entities include various articles of the Student Military Education Implementation Ordinance and the operational regulations governing military education.

## Significance of the date July 1, 2016

The date July 1, 2016, is pivotal in this community as it marks the implementation of several key regulations concerning military education. This date is associated with the enactment of Articles 18 and 19 of the Student Military Education Implementation Ordinance, which are crucial for the operational framework of military training programs. The regulations established on this date are designed to enhance the support and compensation processes for ROTC candidates, indicating a significant shift in military education policy. [Data: Entities (3098), Relationships (4102, 4123, 4124)]

## Article 18's compensation procedures

Article 18 of the Student Military Education Implementation Ordinance outlines the compensation procedures for individuals seeking benefits under military education regulations. This article mandates that applicants submit proof to the local Veterans Affairs Office, establishing a formal process for compensation claims. The relationship between Article 18 and the implementation date underscores the importance of regulatory compliance in military education, as it directly affects the financial support available to ROTC candidates. [Data: Entities (3109), Relationships (4123)]

## Article 19's medical expense claims

Article 19 addresses the application for medical expenses related to injuries sustained during military training. It specifies that university presidents must submit claims to the Minister of Education, while claims related to injuries during enlistment training must be directed to the Minister of National Defense. This delineation of responsibilities is critical for ensuring that injured candidates receive appropriate support and compensation, highlighting the community's focus on the welfare of military personnel. [Data: Entities (3110), Relationships (4124)]

## Article 7's role in compensation and medical claims

Article 7 of the Student Military Education Implementation Ordinance serves as a foundational document that encompasses the compensation procedures and medical expense claims outlined in Articles 18 and 19. This article integrates various aspects of military education regulations, ensuring a cohesive approach to managing claims and support for ROTC candidates. Its relationship with the other articles emphasizes the interconnectedness of the regulations and their collective impact on military education. [Data: Entities (3108), Relationships (4120)]

## Operational regulations of the military education unit

The document titled '8-0-1 Student Military Education Operational Regulations' provides comprehensive guidelines for the operation of military education units. This document is integral to the community as it outlines the framework within which military education is conducted, including the implementation of Articles 7, 18, and 19. The operational regulations ensure that the military education system functions effectively and adheres to the established legal standards, thereby reinforcing the importance of regulatory compliance in military training. [Data: Entities (3112), Relationships (4122)]",7.5
157,변경 시행세칙 Community Overview,0.004149377593360996,"# 변경 시행세칙 Community Overview

The community is centered around a series of regulations known as '변경 시행세칙', which includes multiple articles with specific implementation dates. These articles are interrelated, with each one outlining different aspects of the regulations and their effective dates, indicating a structured approach to regulatory compliance.

## Interconnectedness of the 변경 시행세칙 articles

The articles of the 변경 시행세칙 are closely interconnected, with each article referencing the implementation dates of others. For instance, 변경 시행세칙 제 2 조 and 제 3 조 both include details about their respective effective dates, indicating a systematic approach to regulation [Data: Entities (400, 401); Relationships (582)]. This interconnectedness suggests that changes or updates in one article may have implications for others, necessitating careful monitoring and compliance efforts across the board.

## Implementation dates reflect regulatory evolution

The various implementation dates outlined in the articles reflect the evolving nature of the regulations. For example, 변경 시행세칙 제 2 조 was initially set to take effect on December 20, 2006, but was revised to August 23, 2021, indicating a significant delay and the need for ongoing adjustments in regulatory frameworks [Data: Entities (400)]. Such changes highlight the importance of staying updated with regulatory timelines to ensure compliance and avoid potential penalties.

## Conflicting statements on effective dates

Several articles within the 변경 시행세칙 present conflicting statements regarding their effective dates. For instance, 변경 시행세칙 제 5 조 indicates an initial implementation date of June 17, 2016, but later specifies July 28, 2021, for its specific provisions [Data: Entities (403)]. This inconsistency necessitates careful interpretation and may lead to confusion among stakeholders regarding compliance requirements.

## Regulatory compliance implications

The community's focus on regulatory compliance is underscored by the detailed descriptions of each article's effective dates. For example, 변경 시행세칙 제 6 조 has an overall implementation date of November 7, 2019, but its specific provisions take effect on November 11, 2021 [Data: Entities (404)]. This layered approach to regulation emphasizes the need for organizations to maintain rigorous compliance protocols to align with the evolving regulatory landscape.

## Existing research incentive system

The community also includes the '기존 연구장려금 제도', which is tied to the research and development performance guidelines. This indicates a broader regulatory framework that not only governs implementation dates but also incentivizes research and development activities [Data: Entities (407); Relationships (588)]. The integration of such incentives within the regulatory framework can enhance innovation and compliance among organizations.",6.5
423,Higher Education Management and Policy Monitoring Community,0.0027662517289073307,"# Higher Education Management and Policy Monitoring Community

This community focuses on the evaluation and monitoring of higher education management and government policies. Key entities include those responsible for assessing university management effectiveness, analyzing government policies, and monitoring trends in higher education. The interconnectedness of these entities highlights their collective role in enhancing the efficiency and effectiveness of educational governance.

## Interconnectedness of university management and development plans

The entities '대학경영 효과성 및 효율' (University Management Effectiveness and Efficiency) and '대학발전계획 이행 모니터링 및 성과관리 지원' (Support for Monitoring Implementation of University Development Plans) are closely linked. The effectiveness of university management is directly related to the successful implementation of development plans. This relationship emphasizes the importance of monitoring and supporting these plans to achieve better management outcomes in higher education institutions. Effective management practices can lead to improved educational outcomes and institutional performance, making this connection critical for stakeholders in the education sector. [Data: Entities (1385, 1384); Relationships (1890)]

## Role of government policy monitoring in higher education

The entity '정부 정책 모니터링·분석·보고' (Government Policy Monitoring, Analysis, and Reporting) plays a vital role in assessing government initiatives that impact higher education. This entity's activities include monitoring and analyzing policies that may affect educational trends, thereby providing insights that are crucial for understanding the broader context of higher education governance. The relationship between this entity and '고등교육 동향 모니터링·분석·보고' (Monitoring, Analyzing, and Reporting on Higher Education Trends) indicates a comprehensive approach to evaluating the interplay between government policies and educational developments. This synergy is essential for informing policymakers and educational leaders about the effectiveness of current initiatives. [Data: Entities (1382, 1383); Relationships (1889)]

## Data management in higher education monitoring

The entity 'HS데이터웨어하우스 및 종합 D/B 구축·통합 관리' (HS Data Warehouse and Comprehensive Database Construction and Integrated Management) is crucial for managing data related to higher education trends and development plans. This entity supports the storage and management of data collected from various monitoring activities, ensuring that relevant information is accessible for analysis and reporting. The relationship with '고등교육 동향 모니터링·분석·보고' and '대학발전계획 이행 모니터링 및 성과관리 지원' highlights its role in providing the necessary data infrastructure to support effective monitoring and evaluation processes in higher education. [Data: Entities (1389, 1384); Relationships (1892, 1893)]

## Importance of data collection planning

The entity '데이터·정보 수집 계획' (Data and Information Collection Planning) is essential for ensuring that relevant data is collected for monitoring government policies. This planning is critical for the effective analysis and reporting of government initiatives, particularly those that impact higher education. The relationship with '정부 정책 모니터링·분석·보고' indicates that this entity's work is foundational for the success of policy monitoring efforts. By establishing a robust data collection framework, this entity enhances the overall effectiveness of the community's monitoring and analysis capabilities. [Data: Entities (1388, 1382); Relationships (1891)]",7.5
458,Educational Curriculum Evaluation Community,0.0027662517289073307,"# Educational Curriculum Evaluation Community

The community focuses on the evaluation and development of educational curricula, primarily through the 자체평가보고서 (Self-Evaluation Report) and its related entities. The relationships among these entities highlight a structured approach to curriculum quality management and development.

## 자체평가보고서 as a central document

The 자체평가보고서 (Self-Evaluation Report) serves as a comprehensive document that evaluates the effectiveness of the educational curriculum. It is crucial for analyzing both achievements and issues related to the curriculum, making it a key entity in this community. This report is derived from the 3-1-4 delegation regulations document, specifically located on page 22, indicating its formal basis and importance in institutional processes. The report's findings are essential for the University Development Committee, which underscores its significance in shaping educational strategies and policies. [Data: Entities (1084); Relationships (1582)]

## Interconnection with 전공·교양 교육과정 개발

The 전공·교양 교육과정 개발 (Major and General Education Curriculum Development) is closely related to the 자체평가보고서, indicating that the development and evaluation of curricula are interdependent processes. This relationship suggests that the insights gained from the self-evaluation report directly inform the development of educational programs, ensuring that they meet quality standards and address identified issues. The combined degree of 5 in their relationship highlights the strong connection between these entities, emphasizing the importance of continuous feedback in curriculum development. [Data: Entities (1085); Relationships (1582)]

## Quality management through 전공·교양 교육과정 품질 관리

The 전공·교양 교육과정 품질 관리 (Quality Management of Major and General Education Curriculum) plays a vital role in overseeing the quality of educational programs. This entity is closely linked to the 전공·교양 교육과정 개발, indicating that quality management is an integral part of the curriculum development process. The focus on quality assurance ensures that educational offerings are not only developed but also maintained at high standards, which is essential for institutional credibility and student success. [Data: Entities (1086); Relationships (1583)]

## Structured approach to curriculum evaluation

The relationships among the entities in this community illustrate a structured approach to curriculum evaluation and development. The 자체평가보고서 provides a foundational analysis that informs both the development and quality management processes. This structured methodology is crucial for educational institutions aiming to enhance their curricula and ensure compliance with educational standards. The interconnectedness of these entities suggests a comprehensive framework for continuous improvement in educational offerings. [Data: Relationships (1582, 1583)]",6.5
1054,Hanseong Academy Governance Structure,0.0027662517289073307,"# Hanseong Academy Governance Structure

The community centers around the governance structure of Hanseong Academy, which includes various regulations and sections that define the organization and operation of the university. Key entities include sections from the bylaws that outline the roles and responsibilities of different administrative bodies within the academy.

## Regulatory Framework of Hanseong Academy

The governance structure of Hanseong Academy is defined by several key regulations, including 제 92 조, 제 7 장 제 2 절, and 제 95 조. These sections collectively outline the operational framework and the relationships between various administrative bodies within the university. The presence of these regulations indicates a structured approach to governance, which is essential for maintaining order and facilitating collaboration with industry partners. The regulations also highlight the importance of compliance with educational standards and legal requirements, which can significantly impact the academy's reputation and operational effectiveness. [Data: Entities (7841, 7839, 7846, 7847); Relationships (12867, 12868, 12878, 12879)]

## Role of 제 92 조 in Organizational Structure

제 92 조 serves as a foundational regulation that establishes the sub-organizations within Hanseong Academy, including various departments such as the Educational Innovation Center and the Admissions Office. This regulation is crucial for defining the hierarchy and operational responsibilities of these entities, ensuring that the university functions effectively. The detailed description of these sub-organizations indicates a comprehensive governance model that supports educational innovation and administrative efficiency. [Data: Entities (7841); Relationships (12867)]

## Importance of 제 7 장 제 2 절

제 7 장 제 2 절 encompasses critical guidelines regarding the organization and operation of the university, including provisions for collaboration with industry partners. This section is vital for fostering partnerships that can enhance educational outcomes and provide students with practical experiences. The inclusion of industry collaboration in the governance framework reflects the academy's commitment to integrating academic and practical knowledge, which is essential for preparing students for the workforce. [Data: Entities (7839); Relationships (12868, 12878)]

## Impact of 제 95 조 on Industry-Academia Cooperation

제 95 조 outlines regulations related to the Industry-Academia Cooperation Foundation, which plays a significant role in promoting collaboration between the university and industry. This regulation is essential for establishing formal partnerships that can lead to research opportunities, internships, and job placements for students. The emphasis on industry cooperation within the governance structure indicates a proactive approach to enhancing the university's relevance and impact in the educational landscape. [Data: Entities (7846); Relationships (12878)]

## Regulations on Leadership in 제 95조의 2

제 95조의 2 specifies the leadership structure for the Industry-Academia Cooperation Foundation, indicating that the head must be a faculty member of a certain rank. This regulation ensures that experienced individuals lead the foundation, which is crucial for effective decision-making and strategic direction. The governance of leadership roles within the academy reflects a commitment to maintaining high standards of oversight and accountability in its operations. [Data: Entities (7847); Relationships (12879)]",6.5
148,Student Counseling and Evaluation System,0.0027662517289073307,"# Student Counseling and Evaluation System

The community focuses on the student counseling system, which includes guidelines for evaluating students based on their counseling sessions. Key entities include the counseling guidelines, the scoring system based on the number of counseling sessions, and the implications for students with long-term absences or academic warnings.

## Student Counseling Guidelines as a central framework

The '학생면담지도' (Student Counseling Guidelines) serves as the central framework for evaluating students based on their counseling sessions. This document outlines the criteria and scoring system that educators must follow, indicating its importance in the academic evaluation process. The guidelines establish a structured approach to student counseling, which can significantly influence students' academic trajectories and well-being. [Data: Entities (4309); Relationships (6121, 6125, 6126)]

## Scoring based on counseling session frequency

The '면담횟수' (Counseling Session Frequency) is a critical component of the evaluation system, determining the scores assigned to students based on how many counseling sessions they attend. This scoring mechanism emphasizes the importance of student engagement in counseling, which can affect their overall academic performance and support needs. The relationship between the counseling guidelines and the frequency of sessions highlights the structured nature of this evaluation process. [Data: Entities (4310); Relationships (6121)]

## Impact of long-term absences on student evaluation

Students classified as '장기결석자' (Long-term Absentees) face a penalty of -2 points in their evaluations based on the counseling guidelines. This aspect of the evaluation system underscores the potential negative consequences for students who struggle with attendance, which can be indicative of broader issues such as mental health or personal challenges. The inclusion of long-term absentees in the evaluation criteria reflects the system's focus on accountability and the need for support for at-risk students. [Data: Entities (4313); Relationships (6125)]

## Academic warning students and their evaluation penalties

Students who receive academic warnings, referred to as '학사경고자 학생' (Academic Warning Students), incur a penalty of -1 point based on their counseling session frequency. This policy highlights the system's emphasis on proactive engagement with students who may be struggling academically. The relationship between academic warnings and the counseling guidelines indicates a comprehensive approach to student support, aiming to address issues before they escalate. [Data: Entities (4314); Relationships (6126)]",6.0
1515,Educational Governance Framework of 제 2 장 제4조,0.0027662517289073307,"# Educational Governance Framework of 제 2 장 제4조

The community centers around the educational governance framework defined by 제 2 장 제4조, which includes key roles such as the 사업단장 (Project Director) and 본부장 (Head of the Education Headquarters). These roles are crucial for overseeing educational initiatives and ensuring compliance with established regulations.

## Key roles defined in 제 2 장 제4조

The entity 제 2 장 제4조 outlines two essential roles: the 사업단장 and the 본부장. The 사업단장 is appointed by the university president and is responsible for representing the project team and overseeing operations related to educational initiatives. This role is critical as it ensures that the project aligns with the university's academic standards and goals. The 본부장, on the other hand, is the Vice President for Academic Affairs and manages all activities related to the Education Headquarters. This dual leadership structure is designed to provide comprehensive oversight and governance of educational programs, ensuring they meet institutional and regulatory requirements. [Data: Entities (9048, 9045); Relationships (15054)]

## Operational management under 제 2 장 제4조

The operational management of educational initiatives under 제 2 장 제4조 is structured to ensure effective governance. The 사업단장 is tasked with overseeing all related operations, which includes coordinating with faculty and ensuring compliance with educational standards. The term of the 사업단장 is set for two years, allowing for continuity and stability in leadership. This structured approach is essential for maintaining the integrity and effectiveness of educational programs, as it provides a clear chain of command and accountability. [Data: Entities (9048); Relationships (15062)]

## Importance of compliance with regulations

Compliance with established regulations is a fundamental aspect of the roles defined in 제 2 장 제4조. The 사업단장 and 본부장 must ensure that all educational initiatives adhere to the guidelines set forth in the relevant documents, such as the '3-1-94 SW중심대학사업단 운영 규정' and '3-1-92 SW·AI교육본부 규정'. This compliance is crucial for the legitimacy and funding of educational programs, as failure to adhere to these regulations could result in penalties or loss of support. The emphasis on compliance reflects the community's commitment to maintaining high educational standards. [Data: Entities (9048); Relationships (15054)]

## Interconnectedness of roles within the community

The interconnectedness of the roles within the community is highlighted by the relationship between the 사업단장 and 본부장. The 본부장 is defined within the framework of 제 2 장 제4조, indicating that the governance structure is designed to work cohesively. This relationship ensures that the educational initiatives are not only well-managed but also aligned with the university's broader academic objectives. The collaboration between these roles is vital for the success of educational programs and for fostering a supportive academic environment. [Data: Entities (9045, 9048); Relationships (15054)]",6.0
12,Hansung University Council Regulations,0.0027662517289073307,"# Hansung University Council Regulations

The community is centered around the regulations governing the university council at Hansung University, specifically the 6-0-34 document, which outlines the qualifications and roles of council members. The entities are interconnected through various articles that detail the qualifications, roles, and operational rules of the council, indicating a structured governance framework.

## Centrality of the 6-0-34 University Council Regulation

The 6-0-34 University Council Regulation serves as the foundational document for the governance of the university council at Hansung University. It outlines the qualifications and roles of council members, which are critical for ensuring that the council operates effectively and in compliance with legal standards. This document is referenced by multiple articles, indicating its central role in the governance structure. The regulation's comprehensive nature suggests that it is designed to uphold the integrity of the council and facilitate its operations. [Data: Entities (8747); Relationships (14441, 14444, 14461)]

## Qualifications for Council Members

Article 6 of the regulation specifies the qualifications required for different types of council members, including professors, staff, students, and alumni. This structured approach ensures that the council is composed of individuals who have a vested interest in the university's governance and development. The qualifications outlined are designed to prevent conflicts of interest and ensure that council members are capable of fulfilling their roles effectively. This is crucial for maintaining the council's credibility and operational efficiency. [Data: Entities (8743, 8742); Relationships (14441, 14440)]

## Roles and Responsibilities of Council Members

Article 7 of the regulation details the roles and responsibilities of council members, which is essential for delineating authority and accountability within the council. By clearly defining these roles, the regulation helps to prevent overlaps and conflicts in duties, thereby enhancing the council's functionality. This clarity is vital for effective decision-making and governance, ensuring that all members understand their contributions to the council's objectives. [Data: Entities (8745, 8744); Relationships (14444, 14443)]

## Legal Compliance and Framework

The regulation includes provisions that reference the Private School Act and related laws, ensuring that the council's operations are compliant with national legal standards. This legal grounding is crucial for the legitimacy of the council's decisions and actions, as it provides a framework within which the council must operate. By adhering to these legal standards, the council can maintain its authority and protect the interests of the university community. [Data: Entities (8751); Relationships (14461)]

## Amendments and Updates to Regulations

The regulation was amended on February 19, 2021, indicating that the governance framework is subject to review and updates. This adaptability is important for ensuring that the council remains relevant and responsive to changing circumstances within the university and the broader educational landscape. Regular updates to the regulations can help address emerging challenges and improve governance practices over time. [Data: Entities (8746); Relationships (14442)]",4.5
1516,Scholarship and Financial Aid Management,0.0013831258644536654,"# Scholarship and Financial Aid Management

The community focuses on various aspects of scholarship and financial aid management, including student loans and scholarship programs. The entities are interconnected through their roles in managing and administering financial support for students, highlighting the importance of collaboration in student aid.

## Interconnectedness of scholarship programs

The entities involved in this community are closely related, with each focusing on different aspects of scholarship management. For instance, the external scholarship operations are linked to both national and internal scholarship programs, indicating a collaborative approach to student financial aid. This interconnectedness is crucial for ensuring that students receive comprehensive support, as it allows for a more streamlined process in scholarship selection and funding allocation. [Data: Entities (1481, 1482, 1480); Relationships (1992, 1991)]

## Role of student loans in financial aid

The entity focused on student loans is a significant part of the community, as it provides essential financial support for students pursuing their education. The relationship between student loans and national scholarships indicates that these loans are often a necessary complement to scholarship funding, helping to cover the full cost of education. This relationship underscores the importance of effective loan management to prevent student debt from becoming a barrier to education. [Data: Entities (1483); Relationships (1993)]

## Diverse scholarship management

The community encompasses various scholarship management entities, including external, national, and internal scholarship programs. Each entity plays a distinct role in the overall framework of student support, ensuring that different types of scholarships are available to meet diverse student needs. This diversity is essential for addressing the varying financial circumstances of students and promoting equitable access to education. [Data: Entities (1481, 1482, 1480); Relationships (1992, 1991)]

## Importance of collaboration in student support

The relationships among the entities highlight the importance of collaboration in managing student financial aid. For example, the connection between external and national scholarship programs suggests that these entities may work together to identify and support students who require financial assistance. Such collaboration can enhance the effectiveness of scholarship programs and ensure that students receive the necessary support to succeed in their studies. [Data: Relationships (1992, 1991)]

## Potential challenges in financial aid management

While the community is structured to provide comprehensive support for students, potential challenges may arise in the management of these financial aid programs. Issues such as miscommunication between entities or discrepancies in scholarship criteria could hinder the effectiveness of the support provided. Addressing these challenges is crucial for maintaining the integrity and accessibility of financial aid programs. [Data: Relationships (1993)]",6.5
1438,Regulatory Amendments Community,0.0013831258644536654,"# Regulatory Amendments Community

The community consists of various regulatory amendments, each with specific implementation dates and relationships indicating their revisions over time. The amendments are interconnected, showcasing a timeline of regulatory changes that may impact compliance and legal frameworks.

## Timeline of Regulatory Amendments

The community is characterized by a series of regulatory amendments, each with a specific implementation date. The earliest amendment, effective from September 20, 2005, serves as a foundational regulation that has undergone multiple revisions over the years. This timeline indicates a dynamic regulatory environment that may require stakeholders to stay informed about compliance requirements. The amendments are interconnected, with each new regulation often revising or replacing previous ones, which can complicate compliance efforts for organizations. [Data: Entities (734, 735, 736, 737, 738); Relationships (1173, 1174, 1175, 1176, 1177)]

## Interconnectedness of Amendments

The relationships between the amendments highlight their interconnectedness, with each new regulation often amending a prior one. For instance, the amendment from November 1, 2012, was revised on March 2, 2013, indicating a continuous evolution of regulatory standards. This interconnectedness suggests that changes in one regulation can have cascading effects on others, necessitating careful monitoring by organizations to ensure compliance with the latest standards. [Data: Relationships (1173, 1174, 1175, 1176, 1177)]

## Recent Amendments and Their Implications

The most recent amendment, effective from August 30, 2017, represents the latest changes in the regulatory framework. This amendment may introduce new compliance requirements or alter existing ones, which could significantly impact organizations operating under these regulations. Stakeholders must be aware of these changes to avoid potential legal repercussions. The amendment's relationship with earlier regulations indicates a trend towards more stringent compliance measures. [Data: Entities (738); Relationships (1177)]

## Potential Compliance Challenges

The frequent revisions of regulations pose potential compliance challenges for organizations. As amendments are made, organizations must adapt their practices to align with the latest requirements. This can lead to increased operational costs and the need for ongoing training and updates to compliance protocols. The complexity of navigating these changes can be particularly challenging for smaller organizations with limited resources. [Data: Relationships (1173, 1174, 1175, 1176, 1177)]

## Historical Context of Regulatory Changes

Understanding the historical context of these regulatory amendments is crucial for stakeholders. The evolution from the 2005 amendment to the latest in 2017 reflects broader trends in regulatory oversight and compliance expectations. This historical perspective can provide insights into the motivations behind regulatory changes and help organizations anticipate future amendments. [Data: Entities (734, 735, 736, 737, 738); Relationships (1173, 1174, 1175, 1176, 1177)]",6.5
168,Campustown Financial Regulations and Operations,0.0013831258644536654,"# Campustown Financial Regulations and Operations

The community is centered around the financial regulations and operational guidelines of the Campustown project, as outlined in the 5-0-21 Campustown regulations document. Key entities include various sections of the regulations that govern financial management, project execution, and reporting.

## Key financial regulations outlined in the community

The community is primarily defined by its financial regulations, particularly Article 12, which details the accounting and financial management practices for the Campustown project. This article is crucial as it sets the foundation for how financial resources are allocated and managed, ensuring transparency and accountability. The relationship between Article 12 and Article 3, which covers financial and operational matters, highlights the interconnectedness of these regulations in maintaining the project's integrity. [Data: Entities (5869, 5868); Relationships (9101)]

## Execution and settlement of project costs

Article 13 focuses on the execution and settlement of project costs, which is vital for the financial health of the Campustown initiative. This article outlines the procedures for managing expenditures and ensuring that all financial activities are properly accounted for. The relationship between Article 13 and the date of January 25, 2024, indicates that there are specific timelines and deadlines associated with these financial processes, which could impact project execution if not adhered to. [Data: Entities (5870); Relationships (9106)]

## Operational guidelines for project execution

Article 15 provides operational guidelines for executing the various detailed projects under the Campustown initiative. This article is essential as it outlines the execution plans and the specific activities that need to be undertaken. The connection between Article 15 and the detailed projects indicates that successful implementation relies on adhering to these guidelines, which are critical for achieving the project's objectives. [Data: Entities (5872, 5873); Relationships (9108)]

## Importance of performance reporting

The performance report, as described in Article 15, is a key component of the community's accountability framework. This report is generated after project completion and shared with stakeholders, ensuring that there is a record of what was achieved versus what was planned. The relationship between Article 15 and the performance report emphasizes the need for transparency and continuous improvement in project management practices. [Data: Entities (5874); Relationships (9109)]

## Interconnectedness of financial and operational regulations

The relationships among the various articles highlight the interconnectedness of financial and operational regulations within the Campustown community. For instance, Article 12's financial guidelines are directly linked to Article 3's broader operational framework, indicating that financial decisions impact overall project execution. This interconnectedness is crucial for ensuring that all aspects of the project are aligned and functioning effectively. [Data: Relationships (9101)]",6.5
214,Student Internship Matching Community,0.0013831258644536654,"# Student Internship Matching Community

The community focuses on the processes involved in recruiting students for internships, matching them with companies, and managing their performance during the internship. The entities are interconnected through a series of steps that ensure students are effectively placed and evaluated in practical work environments.

## Student Recruitment as the Initial Step

The process begins with '학생 모집' (Student Recruitment), which is crucial for sourcing students who are interested in participating in internships. This initial step sets the foundation for the entire internship program, as the quality and number of students recruited directly influence the subsequent matching and evaluation processes. A well-structured recruitment process can lead to better internship outcomes, while poor recruitment may result in mismatches and dissatisfaction among both students and companies. [Data: Entities (991); Relationships (1479)]

## Matching Students with Internship Companies

'학생-실습기업체 매칭' (Student-Company Matching) is the next critical phase where recruited students are paired with suitable internship companies. This step is vital as it determines the compatibility between students' skills and the companies' needs. Effective matching can enhance the learning experience for students and provide companies with motivated interns. The relationship between recruitment and matching highlights the importance of aligning student capabilities with company expectations to maximize the benefits of the internship program. [Data: Entities (992); Relationships (1479, 1480)]

## Internship Company Visits

The '실습기업체 방문' (Internship Company Visits) phase allows students to engage directly with their assigned companies. This interaction is essential for students to understand the work environment and expectations. It also provides companies an opportunity to assess the students' readiness for the internship. The visit serves as a bridge between the matching process and the actual internship, ensuring that both parties are prepared for the upcoming experience. [Data: Entities (993); Relationships (1480)]

## Student Management and Evaluation

'학생 관리 및 평가' (Student Management and Evaluation) is the final step in the internship process, where students are monitored and assessed during their internships. This phase is crucial for providing feedback to students and ensuring that they meet the learning objectives set forth at the beginning of the program. Effective management and evaluation can lead to improved student performance and satisfaction, while also providing valuable insights for companies on how to enhance their internship programs. [Data: Entities (999); Relationships (1481)]

## Interconnectedness of Processes

The relationships among the entities highlight the interconnected nature of the recruitment, matching, visiting, and evaluation processes. Each step relies on the successful completion of the previous one, creating a structured pathway for students to transition from recruitment to successful internship experiences. Understanding this interconnectedness is essential for stakeholders to identify potential areas for improvement within the internship program. [Data: Relationships (1479, 1480, 1481)]",6.0
748,산학협력실적 Evaluation Criteria,0.0013831258644536654,"# 산학협력실적 Evaluation Criteria

The community focuses on the evaluation criteria for 산학협력실적 (Industry-Academic Cooperation Performance), which includes standards for education, research, and service. The key entities are interconnected through a requirement that the evaluation score must be 100 or above, indicating a structured approach to assessing performance in these areas.

## Importance of Evaluation Criteria

The evaluation criteria for 산학협력실적 (Industry-Academic Cooperation Performance) are crucial for determining the eligibility of faculty for reappointment. This structured assessment ensures that faculty members are held accountable for their contributions in education, research, and service. The criteria are not just a formality; they directly influence the faculty's career progression and the institution's reputation. [Data: Entities (4916); Relationships (7255)]

## Score Requirement

A score of 100 or above is mandated for the evaluation of 산학협력실적 (Industry-Academic Cooperation Performance). This high threshold indicates a rigorous standard that faculty must meet to demonstrate their effectiveness and contributions. The requirement for a perfect score emphasizes the competitive nature of academic performance and the potential consequences of failing to meet these standards. [Data: Entities (4918); Relationships (7255)]

## Interconnectedness of Entities

The relationship between the evaluation criteria and the score requirement illustrates a clear connection between the entities involved. The evaluation criteria serve as a framework, while the score acts as a benchmark for success. This interconnectedness highlights the importance of both entities in the overall assessment process, ensuring that faculty performance is evaluated comprehensively. [Data: Relationships (7255)]

## Impact on Faculty Reappointment

The evaluation criteria directly impact faculty reappointment decisions, making it essential for faculty to understand and meet these standards. Failure to achieve the required score can lead to negative consequences for faculty members, including the potential loss of their positions. This creates a high-stakes environment where performance is closely monitored and evaluated. [Data: Entities (4916, 4918); Relationships (7255)]",6.0
327,계절학기제 (Seasonal Semester System),0.0013831258644536654,"# 계절학기제 (Seasonal Semester System)

The community centers around the 계절학기제, which outlines the regulations and structure for seasonal semesters in an educational context. The key entities include specific articles that define the purpose, naming, and operational timing of the seasonal semester system, all of which are interconnected and provide a comprehensive framework for its implementation.

## Purpose of the Seasonal Semester System

The first article of the 계절학기제 outlines its purpose, which is to regulate the operation of seasonal semesters as per the academic regulations. This foundational document is crucial as it sets the stage for the entire framework of the seasonal semester system, ensuring that all subsequent articles align with its objectives. The clarity and comprehensiveness of this purpose can significantly affect how educational institutions implement seasonal semesters, impacting both faculty and students. [Data: Entities (6110, 6109); Relationships (9569)]

## Naming Conventions for Seasonal Semesters

The second article specifies the naming conventions for the seasonal semesters, designating them as '여름계절학기' (Summer Seasonal Semester) and '겨울계절학기' (Winter Seasonal Semester). This standardization is important for consistency across educational institutions, facilitating clear communication and understanding among students and faculty regarding the academic calendar. The naming conventions also play a role in marketing and promoting these semesters to prospective students. [Data: Entities (6111); Relationships (9573)]

## Operational Timing and Regulations

The third article addresses the timing and operational regulations for the seasonal semesters. This includes guidelines on when these semesters should occur and how they should be structured. The timing is critical for academic planning, as it affects course offerings, faculty assignments, and student enrollment. Proper regulation ensures that the seasonal semesters are effectively integrated into the overall academic calendar, which can enhance the educational experience. [Data: Entities (6112); Relationships (9574)]

## Interconnectedness of Articles

The articles of the 계절학기제 are interconnected, with each one building upon the previous to create a cohesive regulatory framework. For instance, the purpose defined in the first article informs the naming conventions and operational guidelines in the subsequent articles. This interconnectedness is essential for ensuring that all aspects of the seasonal semester system are aligned and function effectively within the educational institution's broader academic policies. [Data: Entities (6110, 6111, 6112, 6109); Relationships (9569)]",4.0
271,영문교정지원시행세칙 Overview,0.0013831258644536654,"# 영문교정지원시행세칙 Overview

The community is centered around the 영문교정지원시행세칙, which consists of various regulations regarding English proofreading support. The key entities include specific articles that outline submission requirements, support types, and limitations, all of which are interrelated and crucial for understanding the compliance and operational framework of the support program.

## Interconnectedness of the regulations

The articles within the 영문교정지원시행세칙 are closely related, with each addressing different aspects of the support program. For instance, Article 5 outlines the types of support available, while Article 6 specifies the limitations on that support, and Article 7 details the submission requirements for proof of completion. This interconnectedness suggests that understanding one article often requires knowledge of the others, highlighting the importance of compliance across the board. [Data: Entities (8945, 8946, 8947); Relationships (14833, 14836)]

## Submission requirements outlined in Article 7

Article 7 of the 영문교정지원시행세칙 specifies that proof of submission must be provided within six months of completion. Failure to submit this documentation can result in the recovery of funds provided for proofreading support. This regulation emphasizes the importance of timely compliance and documentation, which is critical for maintaining the integrity of the support program. [Data: Entities (8947); Relationships (14838)]

## Support types defined in Article 5

Article 5 details the types of support available under the program, allowing for unlimited submissions of general proofreading up to a limit of 500,000 KRW per submission. This provision is essential for understanding the financial framework of the support program and the potential benefits available to applicants. [Data: Entities (8945)]

## Limitations on support as per Article 6

Article 6 outlines the restrictions on support, stating that funding is only available within the budget allocated for the academic year and that only designated companies contracted by the institution can provide proofreading services. This regulation is crucial for ensuring that the support program operates within its financial means and maintains quality control over the services provided. [Data: Entities (8946)]

## Potential consequences of non-compliance

The regulations collectively highlight the importance of compliance for participants in the proofreading support program. Non-compliance with any of the outlined articles, particularly regarding submission deadlines and documentation, could lead to financial repercussions, including the recovery of funds. This underscores the need for participants to be diligent in adhering to the guidelines set forth in the 영문교정지원시행세칙. [Data: Entities (8945, 8946, 8947); Relationships (14833, 14836)]",4.0
314,6-0-4 Regulation Review Committee,0.0013831258644536654,"# 6-0-4 Regulation Review Committee

The community is centered around the 6-0-4 Regulation Review Committee, which is responsible for reviewing regulations related to the establishment, amendment, and repeal of regulations. The committee's various articles outline its procedures and responsibilities, indicating a structured approach to governance.

## Role of the 6-0-4 Regulation Review Committee

The 6-0-4 Regulation Review Committee is a key entity responsible for reviewing matters related to the establishment, amendment, and repeal of regulations. This committee plays a crucial role in ensuring that regulations are appropriately managed and updated, which is vital for maintaining compliance and governance within the institution. The committee's authority to interpret regulations and present significant matters to the Academic Affairs Committee highlights its importance in the regulatory framework. [Data: Entities (3601)]

## Significance of Article 5

Article 5 of the 6-0-4 Regulation Review Committee outlines the specific matters that the committee is tasked with reviewing, including the establishment and interpretation of regulations. This article serves as a foundational guideline for the committee's operations, ensuring that all regulatory matters are addressed systematically. The clarity provided by this article is essential for the committee's effectiveness in governance. [Data: Entities (3602), Relationships (5064)]

## Importance of Article 6

Article 6 specifies that important matters reviewed by the committee must be presented to the Academic Affairs Committee. This relationship underscores the committee's role in the broader governance structure, ensuring that significant regulatory changes receive appropriate oversight and approval. The linkage between these two committees is critical for maintaining institutional integrity and compliance. [Data: Entities (3603), Relationships (5068)]

## Details of Article 7

Article 7 includes provisions regarding the specifics of regulations, which are essential for the committee's operational framework. This article ensures that the committee has a clear understanding of the regulations it is tasked with reviewing, thereby enhancing its ability to make informed decisions. The detailed nature of this article contributes to the overall effectiveness of the committee's regulatory oversight. [Data: Entities (3604), Relationships (5069)]",4.0
316,6-0-56 산학협력 교육혁신위원회,0.0013831258644536654,"# 6-0-56 산학협력 교육혁신위원회

The community centers around the 6-0-56 산학협력 교육혁신위원회, which is governed by specific regulations regarding its composition and term limits. The committee consists of appointed and ex-officio members, with defined roles and responsibilities outlined in the governing documents.

## Committee Composition and Leadership

The 6-0-56 산학협력 교육혁신위원회 is structured to include around 10 members, with the head being the Director of the Planning and Coordination Office. This structure ensures that the committee is led by a high-ranking official, which may enhance its authority and effectiveness in decision-making. The inclusion of ex-officio members such as the heads of various educational support centers indicates a collaborative approach to governance, potentially leading to more comprehensive educational policies. The committee's composition is detailed in the governing document, which outlines the roles and responsibilities of each member [Data: Entities (3923); Relationships (5501)]

## Term Limits for Committee Members

The term limits for committee members are clearly defined, with ex-officio members serving for the duration of their office and appointed members serving for two years with the possibility of reappointment. This structure allows for continuity in leadership while also enabling fresh perspectives through the appointment of new members. The governance document specifies that any vacancies will be filled for the remainder of the previous member's term, ensuring stability within the committee. This approach may help maintain a balance between experience and innovation in the committee's operations [Data: Entities (3924); Relationships (5504)]

## Regulatory Framework of the Committee

The operational guidelines of the 6-0-56 산학협력 교육혁신위원회 are encapsulated in a specific regulatory document that outlines its functions and procedures. This regulatory framework is crucial for ensuring that the committee operates within established guidelines, promoting transparency and accountability. The document serves as a reference point for the committee's activities and decisions, which can impact educational policies and practices within the institution. The clarity of these regulations may enhance the committee's effectiveness and public trust [Data: Entities (3925); Relationships (5501, 5504)]

## Interconnectedness of Committee Regulations

The relationships between the various regulations governing the 6-0-56 산학협력 교육혁신위원회 highlight the interconnected nature of its operational guidelines. The committee's composition and term limits are not standalone elements but are part of a broader regulatory framework that governs its functioning. This interconnectedness suggests that changes in one area, such as membership composition, could have implications for other areas, such as decision-making processes and policy implementation. Understanding these relationships is essential for stakeholders who wish to navigate the committee's structure effectively [Data: Relationships (5501, 5504)]",4.0
167,산학협력단 (Industry-Academic Cooperation Foundation),0.0954356846473029,"# 산학협력단 (Industry-Academic Cooperation Foundation)

The 산학협력단 is a pivotal institution affiliated with 한성대학교, focusing on fostering collaboration between academia and industry. It manages various programs and initiatives aimed at enhancing research, technology transfer, and student employment opportunities, while ensuring compliance with established regulations.

## Central role of 산학협력단

The 산학협력단 serves as the central entity in this community, facilitating collaboration between academia and industry. It oversees various functions, including technology transfer, research funding acquisition, and the management of industry-academic cooperation contracts. This central role is crucial for enhancing the synergy between academic research and industrial application, which can lead to significant advancements in both sectors. The foundation's structure includes specialized teams such as the Industry-Academic Strategy Team and Research Support Team, which are essential for executing its objectives effectively. [Data: Entities (417); Relationships (668, 10497, 7416, 7417, 7419, +more)]

## Regulatory compliance and employee obligations

The foundation operates under specific regulations that govern employee obligations and operational procedures. For instance, the regulations stipulate that employees must adhere to the established working conditions and cannot leave their posts without proper authorization. This compliance framework is vital for maintaining organizational integrity and ensuring that the foundation operates within legal boundaries. The adherence to these regulations also reflects the foundation's commitment to ethical practices in managing its workforce. [Data: Entities (7724, 7725, 7726); Relationships (12631, 12632, 12633)]

## Support for student employment and internships

The 산학협력단 actively supports student employment through various programs, including internships that provide students with opportunities to work in industry settings. This initiative not only enhances students' practical skills but also increases their employability upon graduation. The foundation's role in facilitating these internships is crucial for bridging the gap between academic learning and real-world application, thereby contributing to the overall development of the student body. [Data: Entities (5010); Relationships (7419)]

## Collaboration with family businesses

The foundation collaborates with family businesses, referred to as '가족기업', to enhance connections between academic institutions and local enterprises. This partnership requires family businesses to enter into agreements with the foundation, fostering a supportive ecosystem for both students and local businesses. Such collaborations are essential for promoting entrepreneurship and innovation within the community, as they provide students with practical insights and opportunities to engage with real-world business challenges. [Data: Entities (5011); Relationships (7420)]

## Management of research and intellectual property

The 산학협력단 is responsible for managing research outputs and intellectual property rights, including patent applications and technology commercialization. This management is critical for protecting the innovations developed within the academic environment and ensuring that they can be effectively transferred to industry. The foundation's efforts in this area not only safeguard intellectual property but also promote the commercialization of research findings, which can lead to economic benefits for both the university and the broader community. [Data: Entities (6175); Relationships (668)]",7.5
960,3-1-4 위임전결규정 and Related Regulations,0.019363762102351315,"# 3-1-4 위임전결규정 and Related Regulations

The community is centered around the '3-1-4 위임전결규정', a comprehensive document that outlines delegation and decision-making authority within a university context. This document is interconnected with various regulations and operational guidelines that govern administrative tasks, particularly concerning foreign student affairs and departmental operations.

## Centrality of the 3-1-4 위임전결규정

The '3-1-4 위임전결규정' serves as the foundational document for the community, outlining the delegation of authority and decision-making processes within the university. It encompasses a wide range of operational aspects, including budget preparation, management of official seals, and the responsibilities of key figures such as the university president and deans. This document is crucial for ensuring clarity in roles and responsibilities across various departments, which is essential for the effective governance of the university [Data: Entities (907); Relationships (1402, 1403, 1404, 1405, 1406, +more)].

## Regulations on Foreign Student Affairs

The '3-1-4 위임전결규정' includes specific provisions related to foreign student affairs, which are vital for the university's international student population. This includes guidelines for visa issuance and the operation of Korean language education programs, ensuring that the university can effectively support its international students. The emphasis on these regulations highlights the university's commitment to fostering a supportive environment for foreign students [Data: Entities (1660); Relationships (2232)].

## Inclusion of Departmental Regulations

The document integrates various departmental regulations that specify procedures and responsibilities related to different administrative tasks. This includes guidelines on committee operations, external meeting attendance, and document management, which are essential for maintaining operational efficiency within the university. The interconnectedness of these regulations with the '3-1-4 위임전결규정' underscores the comprehensive nature of the governance framework [Data: Entities (940, 941, 942, 943, 944); Relationships (1402, 1403, 1404, 1405, 1406)].

## Focus on ESG Management

The community also addresses the university's Environmental, Social, and Governance (ESG) management performance, which is increasingly important in higher education. The regulations include provisions for collecting and managing statistics related to ESG initiatives, as well as guidelines for collaboration with external organizations. This focus on ESG reflects the university's commitment to sustainable practices and social responsibility [Data: Entities (1689, 1690, 1691); Relationships (2262, 2263, 2264)].

## Employee Performance and Training Regulations

The '3-1-4 위임전결규정' also encompasses regulations related to employee performance evaluations, training, and disciplinary actions. These provisions are critical for maintaining a high standard of staff performance and ensuring that employees are adequately trained and supported in their roles. The inclusion of these regulations indicates the university's focus on human resource management as a key component of its operational framework [Data: Entities (1734, 1735, 1736); Relationships (2312, 2313, 2314)].",7.5
209,Academic Administrative Changes and Committees,0.017980636237897647,"# Academic Administrative Changes and Committees

This community focuses on significant dates and regulations related to academic administration, particularly the pivotal date of March 31, 2025, which marks various administrative changes and the establishment of committees. The entities are interconnected through their roles in academic governance and operational functions.

## Significance of the date March 31, 2025

The date March 31, 2025, is crucial for multiple administrative functions within the academic context. It marks the establishment of subcommittees by the Contract Department Operating Committee, which aims to enhance the committee's efficiency. Additionally, this date serves as the termination date for documents related to the Educational Innovation Support Center, indicating a significant shift in administrative processes. The implications of these changes could affect faculty roles and student governance, making this date pivotal for the institution's operational landscape. [Data: Entities (583), Relationships (9461, 15601)]

## Global One-Stop Center's role in academic administration

The Global One-Stop Center is integral to academic administration, providing guidance on student support inquiries, document issuance, and ID card distribution. Its operations are linked to the significant date of March 31, 2025, when various aspects of its functions are set to be deleted. This suggests that the center's role may undergo substantial changes, impacting how students and faculty interact with administrative processes. The center's effectiveness in supporting academic functions is crucial for maintaining operational continuity. [Data: Entities (9378), Relationships (15601)]

## Establishment of the SW·AI Curriculum Innovation Committee

The SW·AI Curriculum Innovation Committee was established on March 12, 2024, to oversee the revision and operation of software and AI curricula in response to industry demands. This committee's formation is significant as it reflects the institution's commitment to aligning academic programs with current market needs. The establishment date is linked to the implementation of revised regulations, indicating a proactive approach to curriculum development. The committee's activities could have a lasting impact on the quality and relevance of academic offerings. [Data: Entities (9059), Relationships (15078)]

## Interconnectedness of administrative regulations

The various entities and dates within this community are interconnected through a web of administrative regulations and operational changes. For instance, the deletion of certain clauses on March 31, 2025, is tied to the broader context of governance and faculty rights, which are critical for maintaining institutional integrity. Understanding these connections is essential for stakeholders to navigate the evolving landscape of academic administration effectively. [Data: Entities (583, 9378, 9059), Relationships (9461, 15601, 15078)]",6.5
1199,Hansung University Degree Application Community,0.009681881051175657,"# Hansung University Degree Application Community

The community centers around the degree application process at Hansung University, involving key entities such as the 신청인 (applicant), the university president, and the Educational Innovation Center. These entities are interconnected through formal procedures and responsibilities related to degree conferral and whistleblower reports.

## Role of the 신청인 in the application process

The 신청인 is the individual responsible for submitting the degree application at Hansung University. This role is pivotal as the 신청인 not only initiates the application process but also represents the institution in formal requests for academic recognition. The 신청인 must adhere to specific procedures, including completing the application form and signing it, which underscores their importance in the degree conferral process. The interconnectedness of the 신청인 with other entities highlights the structured nature of academic applications at the university. [Data: Entities (4681, 4697, 4712); Relationships (6797, 6798, 6806)]

## Significance of the 한성대학교 총장

The 한성대학교 총장 (President of Hansung University) plays a crucial role in overseeing the degree application process. As the designated recipient of applications, the president is responsible for ensuring that all submissions are handled with confidentiality and due diligence. Additionally, the president's authority to grant final approval for degree applications emphasizes their central role in maintaining academic integrity and ethical oversight within the institution. This position also involves receiving reports from whistleblowers, which adds another layer of responsibility and potential impact on the university's operations. [Data: Entities (4699); Relationships (6797, 14569)]

## Educational Innovation Center's influence

The Educational Innovation Center, where the 신청인 is affiliated, plays a significant role in promoting educational advancements within Hansung University. This center is responsible for facilitating the degree application process and ensuring that it aligns with the university's educational goals. The connection between the 신청인 and the Educational Innovation Center indicates a structured support system for applicants, which is essential for maintaining the quality and integrity of academic programs. [Data: Entities (6232); Relationships (9802)]

## Procedural steps in the degree application

The degree application process involves several procedural steps that the 신청인 must follow, including the completion of the application form and obtaining necessary signatures. These steps are critical for ensuring that all applications are processed correctly and efficiently. The structured nature of this process reflects the university's commitment to maintaining high standards in academic recognition and compliance with regulatory requirements. [Data: Relationships (6798, 6806)]

## Whistleblower report handling by the president

The 한성대학교 총장 is responsible for receiving and processing reports from whistleblowers, which is a vital aspect of maintaining transparency and accountability within the university. This responsibility highlights the president's role in safeguarding the integrity of the institution and ensuring that any concerns raised are addressed appropriately. The connection between whistleblower reports and the degree application process underscores the importance of ethical oversight in academic settings. [Data: Entities (4699); Relationships (14569)]",6.5
199,Educational Regulations and Course Registration Community,0.006915629322268326,"# Educational Regulations and Course Registration Community

This community centers around the educational regulations related to course registration, particularly focusing on the provisions for students exceeding their study duration. Key entities include specific articles of regulations and significant dates that mark changes in educational policies.

## Significance of Article 13 on Course Registration

Article 13 addresses the registration and course selection for students who exceed their study duration, indicating its critical role in academic governance. This regulation ensures that students who have not met graduation requirements can still enroll and pay fees, which is essential for maintaining student engagement and academic integrity. The relationship of Article 13 with the 3-3-2 course registration rules further emphasizes its importance in the broader context of educational policies. [Data: Entities (7257); Relationships (11752)]

## Key Dates in Educational Policy Changes

The date '2015. 10. 27.' is pivotal as it marks several amendments in educational regulations, including those related to teacher training and student clubs. This date serves as a reference point for various educational governance aspects, highlighting its significance in shaping current policies. The connections between this date and Article 13 illustrate how historical changes influence present regulations. [Data: Entities (7261); Relationships (11756)]

## Historical Context of Course Registration Dates

Several dates, including '2009. 7. 22.', '2011. 5. 24.', and '2004. 3. 23.', are associated with course registration processes. These dates provide a timeline of regulatory changes that impact how students register for courses, reflecting the evolving nature of educational policies. Understanding these dates helps in assessing the historical context of current regulations and their implications for students. [Data: Entities (7259, 7260, 7263); Relationships (11754, 11755, 11757)]

## Amendments to Organizational Governance

The date '2007. 9. 18.' is significant not only for course registration but also for amendments concerning the qualifications of members and representatives of educational organizations. This dual significance highlights the interconnectedness of educational governance and organizational structure, which is crucial for understanding the regulatory environment in which students operate. [Data: Entities (7264); Relationships (11758)]",6.5
1312,예비군연대 and 연대장,0.006915629322268326,"# 예비군연대 and 연대장

The community centers around the 예비군연대, which is responsible for reserve force management and training, and the 연대장, who leads this organization. Their relationship is governed by delegation regulations that empower the 연대장 to make significant decisions.

## 예비군연대's role in emergency management

The 예비군연대 is tasked with essential functions such as workplace protection, resource management, and training during emergencies. This organization operates under the auspices of 한성대학교 and is crucial for maintaining order and readiness in times of crisis. Its structured approach to managing reserve forces ensures that they are prepared for various scenarios, which is vital for community safety and security. [Data: Entities (2030), Relationships (2660)]

## Authority of the 연대장

The 연대장 serves as the head of the 예비군연대, holding significant decision-making authority as outlined in the delegation regulations. This role is critical as the 연대장 is responsible for overseeing all matters related to the reserve forces, which includes making strategic decisions that can impact the effectiveness of the 예비군연대 during emergencies. The authority granted to the 연대장 underscores the importance of leadership in maintaining operational readiness. [Data: Entities (925), Relationships (1385)]

## Delegation regulations governing operations

The 예비군연대 operates under specific delegation regulations that define its operational framework. These regulations ensure that the organization can function efficiently and respond effectively to emergencies. The relationship between the 예비군연대 and the delegation regulations highlights the structured governance that is essential for managing reserve forces and ensuring accountability within the organization. [Data: Relationships (2660, 1385)]

## Interconnectedness of roles within the community

The relationship between the 예비군연대 and the 연대장 illustrates a clear hierarchy and interconnectedness within the community. The 연대장's authority is derived from the regulations that govern the 예비군연대, indicating that effective leadership is crucial for the organization's success. This interconnectedness ensures that decisions made at the top level are aligned with the operational goals of the 예비군연대, fostering a cohesive approach to emergency management. [Data: Relationships (2660, 1385)]",6.5
475,Educational Curriculum Planning and Management,0.005532503457814661,"# Educational Curriculum Planning and Management

The community focuses on the planning, organization, and management of educational curricula, encompassing various entities that deal with course establishment, modification, and quality improvement. The interconnectedness of these entities highlights their collective role in enhancing educational standards and addressing learner needs.

## Central role of Curriculum Planning and Organization

The entity '교육과정 기획 및 편성' is pivotal in this community, focusing on the comprehensive planning and structuring of educational programs. This entity is responsible for ensuring that curricula meet necessary standards and effectively address learner needs. Its relationships with other entities, such as course establishment and modification, underscore its influence on educational quality. The planning process is essential for the development of effective educational strategies and guidelines, which are crucial for maintaining high educational standards. [Data: Entities (1218); Relationships (1751, 2584, 1743, 1750, 2582)]

## Course Establishment and Modification

'교과목 신설, 변경, 폐지' plays a significant role in the community by managing the establishment, modification, and discontinuation of courses. This entity's activities are closely linked to the overall curriculum planning, as new courses must align with the established educational goals. The relationship with '교육과정 기획 및 편성' indicates that course changes are often initiated based on the broader curriculum strategies, highlighting the importance of adaptability in educational offerings. This adaptability is essential for responding to evolving educational needs and standards. [Data: Entities (1219); Relationships (1751, 2584, 1752)]

## Basic Curriculum Planning and Revision

'교육과정 기본계획 수립 및 개정' is focused on establishing and revising the fundamental plans for curricula. This entity's work is crucial for ensuring that educational programs remain relevant and effective. The relationship with '교과목 신설, 변경, 폐지' indicates that revisions to the basic curriculum often lead to changes in course offerings, demonstrating the interconnected nature of curriculum planning and course management. This process is vital for maintaining the integrity and quality of educational programs. [Data: Entities (1981); Relationships (2584)]

## Quality Improvement through CQI Reports

'CQI보고서' is dedicated to managing reports related to quality improvement in curricula. This entity provides essential data and insights that inform curriculum planning and adjustments. The relationship with '교육과정 기획 및 편성' highlights the importance of continuous quality improvement in educational settings. By utilizing CQI reports, educational institutions can identify areas for enhancement, ensuring that curricula meet the evolving needs of learners and comply with educational standards. [Data: Entities (1228); Relationships (1743)]

## Academic Operations Planning

'학사운영계획' encompasses the planning and coordination of academic operations, which is integral to the overall educational framework. This entity's relationship with '교육과정 기획 및 편성' indicates that academic operations are closely tied to curriculum planning, ensuring that educational programs are effectively implemented. The coordination of academic operations is essential for maintaining a structured and efficient educational environment, which ultimately supports student success. [Data: Entities (1234); Relationships (1750)]",7.5
126,1-0-1 학교법인 한성학원 Governance and Regulations,0.004149377593360996,"# 1-0-1 학교법인 한성학원 Governance and Regulations

The community centers around the governance and regulatory framework of the 1-0-1 학교법인 한성학원, highlighting key regulations related to employee appointments, disciplinary actions, and audit committee responsibilities. The entities are interconnected through their roles in establishing and enforcing these regulations, which are crucial for the institution's operational integrity.

## Key regulations governing employee appointments

The regulation '제 84 조 임용' outlines the principles governing employee appointments, promotions, and other personnel actions within the 1-0-1 학교법인 한성학원. This regulation emphasizes the importance of transparency and fairness in hiring processes, mandating that appointments be made through public recruitment and selection procedures. Such regulations are vital for maintaining trust and integrity within the institution, as they ensure that all personnel decisions are made based on merit and established criteria. The relationship between this regulation and the institution's articles of incorporation underscores its foundational role in the governance framework [Data: Entities (7824); Relationships (12851)].

## Disciplinary procedures for administrative staff

The section '제 6 장 제 4 절' addresses the disciplinary procedures applicable to administrative staff, detailing the processes for handling disciplinary actions and appeals. This regulation is crucial for ensuring that staff members are treated fairly and that there is a clear mechanism for addressing grievances. The interconnectedness of this section with '제 84 조 임용' highlights the comprehensive nature of the governance framework, ensuring that both appointment and disciplinary processes are aligned and transparent. This alignment is essential for fostering a positive work environment and mitigating potential conflicts [Data: Entities (7823); Relationships (12850)].

## Audit committee's confidentiality obligations

The regulation '제 88 조' outlines the responsibilities of the audit committee, particularly emphasizing the confidentiality of information obtained during audits. This regulation is critical for maintaining the integrity of the audit process and ensuring that sensitive information is not misused. The establishment of a staff disciplinary committee, as mentioned in this regulation, further reinforces the institution's commitment to ethical governance and accountability. The relationship between the audit committee and the disciplinary procedures indicates a structured approach to oversight and compliance within the institution [Data: Entities (7832); Relationships (12861, 14071)].

## Recent amendments to appointment regulations

The date '2017. 6. 23' marks a significant amendment to the appointment regulations outlined in '제 84 조 임용'. This amendment reflects the institution's responsiveness to evolving governance needs and its commitment to maintaining up-to-date practices in employee management. Such amendments are crucial for adapting to changes in legal requirements or institutional priorities, ensuring that the governance framework remains relevant and effective. The relationship between this date and the appointment regulation highlights the dynamic nature of governance within the institution [Data: Entities (7825); Relationships (12852)].",7.5
970,Academic Counseling Community,0.004149377593360996,"# Academic Counseling Community

The community focuses on academic counseling services provided by the 교학팀 (Academic Affairs Team) within the College of Liberal Arts. The entities are interconnected through their roles in providing various counseling services, including in-person and telephone consultations.

## Role of the 교학팀 in academic affairs

The 교학팀 is a central entity in this community, responsible for academic affairs within the College of Liberal Arts. This team plays a crucial role in providing academic counseling to students, ensuring they receive necessary support throughout their academic journey. The broad presence of the 교학팀 across various educational sectors, including graduate schools and the Global Talent Division, highlights its importance in maintaining academic standards and student success. [Data: Entities (7604); Relationships (12430)]

## Counseling services offered

The community offers multiple counseling services, including in-person consultations at the 상담 창구 (Counseling Window) and telephone consultations through the 교학팀. These services are vital for students seeking guidance on academic matters, and their availability enhances the support system within the college. The relationship between the 상담 창구 and the 교학팀 indicates a structured approach to academic counseling, allowing students to access help in various formats. [Data: Entities (7602, 7606, 7607); Relationships (12430, 12433, 12434)]

## Importance of the 상담 창구

The 상담 창구 serves as a physical location where students can receive academic counseling. This entity acts as a bridge between students and the 교학팀, facilitating direct communication and support. The presence of a dedicated counseling window is significant as it provides students with a clear point of access for their academic concerns, thereby enhancing their overall educational experience. [Data: Entities (7602); Relationships (12430)]

## Diverse communication channels

The 교학팀 offers various communication channels for academic counseling, including telephone and 유선 (landline) services. This diversity in communication methods ensures that students can choose the most convenient way to seek help, which is essential for accommodating different preferences and needs. The availability of these services reflects the commitment of the 교학팀 to provide accessible support to all students. [Data: Entities (7606, 7607); Relationships (12433, 12434)]",6.0
412,Graduate School Evaluation Framework,0.0027662517289073307,"# Graduate School Evaluation Framework

The community focuses on the evaluation framework for graduate school courses, detailing the criteria and processes for assessing course performance and faculty effectiveness. Key entities include various articles that outline evaluation standards and their updates, indicating a structured approach to maintaining educational quality.

## Article 70 establishes evaluation criteria for graduate courses

Article 70 outlines the criteria for evaluating all graduate courses offered in a semester, emphasizing that evaluations are mandatory for courses with ten or more enrolled students. This regulation ensures that a significant portion of the graduate curriculum is subject to assessment, which can influence course quality and faculty accountability. The flexibility to evaluate courses with fewer than ten students also indicates a commitment to maintaining standards across all offerings, regardless of enrollment size. [Data: Entities (8449, 8448); Relationships (14012)]

## Article 71 details evaluation timing and utilization of results

Article 71 specifies that course evaluations are to be conducted at the end of each semester, with results being utilized for assigning teaching responsibilities in the following semester. This systematic approach to evaluations not only holds faculty accountable for their teaching effectiveness but also ensures that students receive quality education based on past performance. The stipulation that results below a certain threshold may prompt requests for course improvement further underscores the importance of these evaluations in maintaining educational standards. [Data: Entities (8450); Relationships (14016)]

## Article 72 provides specific evaluation criteria for master's programs

Article 72 outlines the evaluation criteria for master's programs, including aspects such as development strategies, educational quality, and thesis guidance. This comprehensive framework ensures that all critical areas of graduate education are assessed, promoting continuous improvement and alignment with institutional goals. The detailed criteria serve as a benchmark for departments to evaluate their performance and make necessary adjustments to enhance educational outcomes. [Data: Entities (8452); Relationships (14017)]

## Updates to evaluation articles reflect ongoing regulatory compliance

The updates to Articles 71 and 72 on October 6, 2020, signify the institution's commitment to keeping its evaluation processes current and relevant. These updates ensure that the evaluation framework adapts to changing educational needs and standards, which is crucial for maintaining the integrity and effectiveness of graduate programs. Regular updates also indicate a proactive approach to governance within the academic community, fostering an environment of accountability and continuous improvement. [Data: Entities (8237); Relationships (14016, 14018)]

## The interconnectedness of evaluation articles enhances regulatory clarity

The relationships between the various articles (70, 71, and 72) create a cohesive framework for understanding the evaluation process within the graduate school. Each article builds upon the others, providing a comprehensive view of how courses are assessed and the implications of those assessments. This interconnectedness not only aids faculty and administrators in navigating the evaluation landscape but also ensures that students are aware of the standards that govern their educational experience. [Data: Relationships (14015, 14012, 14016, 14017, 14018)]",6.5
592,International Travel Expense Regulations,0.0027662517289073307,"# International Travel Expense Regulations

The community is centered around the International Travel Expense Regulations, which govern the reimbursement of travel expenses for employees. Key dates and provisions related to these regulations highlight their evolution and significance in ensuring compliance and proper management of travel expenses.

## Core document of International Travel Expense Regulations

The International Travel Expense Regulations document is the foundational entity in this community, outlining the rules and guidelines for travel reimbursements for employees. This document is crucial for maintaining transparency and accountability in the use of public funds. It includes various provisions, such as those related to travel expenses for employees who are retired or on leave, which are detailed in Article 7 of the regulations. The significance of this document cannot be overstated, as it serves as the legal framework for all related activities and decisions. [Data: Entities (3225); Relationships (4367)]

## Key dates marking regulatory changes

Several key dates are associated with the International Travel Expense Regulations, marking significant changes and updates to the rules. For instance, October 28, 2008, is noted as a pivotal date when certain provisions were removed and revisions were made to the reimbursement regulations. This date signifies the ongoing evolution of the regulations, reflecting the need for adaptability in response to changing circumstances. Such updates are essential for ensuring that the regulations remain relevant and effective in managing travel expenses. [Data: Entities (3226); Relationships (4370)]

## Establishment of new reimbursement regulations

The date June 19, 2008, marks the establishment of new regulations concerning travel reimbursements, which form the basis of the International Travel Expense Regulations. This foundational change indicates a proactive approach to managing travel expenses and ensuring that employees are adequately compensated for their international travel. The introduction of these regulations demonstrates the community's commitment to maintaining a structured and fair reimbursement process. [Data: Entities (3227); Relationships (4371)]

## Updates for overseas volunteer travel

The date December 1, 2010, is significant as it marks the revision of regulations specifically related to travel reimbursements for overseas volunteer groups. This update reflects the community's recognition of the unique needs and circumstances surrounding international volunteer work. By tailoring regulations to accommodate these specific situations, the community enhances its support for employees engaged in volunteer activities abroad, thereby promoting a culture of service and commitment. [Data: Entities (3228); Relationships (4372)]",6.5
476,International Student Support Community,0.0027662517289073307,"# International Student Support Community

The community focuses on the support and management of international students within an academic institution. Key entities include the Department Head, Major Coordinators, and various programs aimed at assisting international students in their academic and social integration.

## Role of the Department Head

The Department Head oversees all academic-related activities, including the support for international students. This position is crucial as it coordinates the efforts of various programs and ensures that the needs of international students are met effectively. The Department Head's involvement in counseling and support services highlights the importance of leadership in fostering an inclusive environment for international students. [Data: Entities (2013), Relationships (2639)]

## Major Coordinators' responsibilities

Major Coordinators are responsible for managing specific academic programs and play a significant role in the administration of courses for international students. Their involvement in program operations and event planning is essential for ensuring that the educational objectives are met and that international students receive the necessary support. This role is pivotal in maintaining the quality of education and student satisfaction. [Data: Entities (1976), Relationships (2638, 2640, 2641)]

## Programs for international student support

Various programs are in place to support international students, including academic counseling and social integration activities. These programs are designed to address the unique challenges faced by international students, such as cultural adjustment and academic performance. The collaboration between Major Coordinators and these programs is vital for creating a supportive academic environment. [Data: Entities (2017, 2018, 2016), Relationships (2640, 2641)]

## Event planning for international students

The planning of events specifically for international students is a key aspect of their integration into the academic community. These events provide opportunities for social interaction and cultural exchange, which are essential for helping international students feel welcomed and engaged. The involvement of Major Coordinators in these events underscores the importance of community-building efforts. [Data: Entities (2018), Relationships (2641)]

## Management of other international student-related activities

The management of various activities related to international students, including additional support services, is crucial for their overall experience. This includes addressing any specific needs that arise and ensuring that all aspects of their academic life are catered to. The interconnectedness of these roles and programs highlights the comprehensive approach taken to support international students. [Data: Entities (2019), Relationships (2642)]",6.5
914,Graduate Degree Programs and Submission Requirements,0.0013831258644536654,"# Graduate Degree Programs and Submission Requirements

This community encompasses the graduate degree programs, specifically the Master's and Doctoral programs, along with their associated submission requirements and eligibility criteria. The entities are interconnected through various requirements that students must fulfill to qualify for degree completion, highlighting the structured nature of academic progression within these programs.

## Master's and Doctoral Programs as Core Entities

The Master's and Doctoral programs are central to this community, representing the primary pathways for advanced academic achievement. Each program has specific requirements that students must meet, such as credit hours and course completion, which are essential for graduation. The interconnectedness of these programs with various submission requirements emphasizes the importance of adherence to academic standards. [Data: Entities (2713, 2714); Relationships (3693, 3699)]

## Eligibility Criteria for Thesis Submission

The eligibility criteria for submitting a thesis are outlined in Article 45, which specifies the qualifications necessary for students to submit their thesis or project. This regulation is crucial as it ensures that only qualified candidates can present their work for evaluation, thereby maintaining academic integrity and standards within the graduate programs. [Data: Entities (2712); Relationships (3691)]

## Importance of Comprehensive Examination

Passing a comprehensive examination is a prerequisite for both Master's and Doctoral programs, indicating a student's readiness to undertake advanced research. This requirement serves as a critical checkpoint in the academic journey, ensuring that students possess the necessary knowledge and skills before proceeding to thesis work. [Data: Relationships (3693, 3699)]

## Academic Performance Standards

A minimum cumulative GPA of 3.0 is required for both Master's and Doctoral candidates, which underscores the importance of academic performance in graduate studies. This standard ensures that students maintain a level of excellence that reflects their capability to succeed in rigorous academic environments. [Data: Entities (2715); Relationships (3694)]

## Research Ethics Compliance

Compliance with research ethics regulations is mandatory for all graduate students, which includes submitting a declaration of adherence to ethical standards. This requirement is vital for fostering a culture of integrity and responsibility in research practices, ensuring that all academic work is conducted ethically. [Data: Entities (2717, 2718); Relationships (3696, 3697)]

## Plagiarism Check Requirement

Students must submit results from a plagiarism detection program as part of their thesis submission process. This requirement is essential for upholding academic integrity and preventing academic misconduct, thereby protecting the value of the degrees awarded. [Data: Entities (2719); Relationships (3698)]",7.5
392,휴학 및 복학 관련 서류 커뮤니티,0.0013831258644536654,"# 휴학 및 복학 관련 서류 커뮤니티

이 커뮤니티는 휴학 및 복학에 필요한 서류와 관련된 여러 조항들로 구성되어 있으며, 각 조항은 서로 밀접하게 연결되어 있습니다. 주요 서류들은 휴학자의 구비서류 제 6 조와 제 7 조를 중심으로 하여, 다양한 휴학 사유에 따른 서류들을 포함하고 있습니다.

## 휴학자의 구비서류 제 6 조의 중요성

휴학자의 구비서류 제 6 조는 휴학을 위한 필수 서류들을 명시하고 있으며, 이는 군입대, 질병, 임신 등 다양한 사유에 따라 다르게 요구됩니다. 이 조항은 휴학 절차의 핵심으로, 학생들이 휴학을 신청하기 위해 반드시 따라야 할 규정을 포함하고 있습니다. 따라서 이 조항은 커뮤니티 내에서 매우 중요한 역할을 합니다. [Data: Entities (4775); Relationships (6965, 6966, 6967, 6968, 6969, 6970, 6972, 6973)]

## 휴학자의 구비서류 제 7 조의 복학 절차

휴학자의 구비서류 제 7 조는 복학을 위한 절차를 규정하고 있으며, 이는 휴학 기간이 만료된 후 복학을 원하는 학생들이 따라야 할 규칙을 포함합니다. 이 조항은 학기 개시일 전까지 복학원을 제출해야 한다는 점에서, 학생들의 학업 지속성에 중요한 영향을 미칩니다. 복학 절차의 명확한 규정은 학생들이 학업을 원활하게 이어갈 수 있도록 돕습니다. [Data: Entities (4776); Relationships (6965)]

## 휴학원과 관련 서류의 상관관계

휴학원은 휴학을 신청하기 위해 제출해야 하는 서류로, 휴학자의 구비서류 제 6 조와 밀접하게 연결되어 있습니다. 이 서류는 학생들이 휴학을 신청할 때 필수적으로 요구되며, 따라서 커뮤니티 내에서 중요한 역할을 합니다. 휴학원은 다른 서류들과 함께 제출되어야 하며, 이는 학생들이 휴학 절차를 이해하고 이행하는 데 필수적입니다. [Data: Entities (4777); Relationships (6966)]

## 군입대 휴학을 위한 입영(소집)통지서

입영(소집)통지서는 군입대 휴학을 신청하기 위해 필요한 서류로, 휴학자의 구비서류 제 6 조에 포함되어 있습니다. 이 서류는 군 복무를 위해 학업을 중단해야 하는 학생들에게 필수적이며, 따라서 이 커뮤니티의 중요한 요소로 작용합니다. 군입대와 관련된 휴학 절차는 학생들의 학업 계획에 큰 영향을 미칠 수 있습니다. [Data: Entities (4778); Relationships (6967)]

## 일반휴학을 위한 진단서의 필요성

진단서는 일반휴학(질병)을 위한 서류로, 휴학자의 구비서류 제 6 조에 포함되어 있습니다. 이 서류는 학생들이 건강상의 이유로 휴학을 신청할 때 필수적으로 요구되며, 이는 학생들의 건강과 학업을 동시에 고려하는 중요한 요소입니다. 따라서 진단서는 커뮤니티 내에서 중요한 역할을 하며, 학생들이 필요한 경우 적절한 지원을 받을 수 있도록 돕습니다. [Data: Entities (4779); Relationships (6968)]",7.5
909,Student Core Competency Assessment and Development,0.0013831258644536654,"# Student Core Competency Assessment and Development

The community focuses on the assessment and development of students' core competencies, with two main entities: the assessment and management of these competencies and the research and development related to them. These entities are interconnected, highlighting the importance of both assessment and research in enhancing student capabilities.

## Interconnection of assessment and research

The two key entities in this community, '학생 핵심역량 진단·평가 및 관리에 관한 사항' (Assessment and Management of Student Core Competencies) and '학생 핵심역량 연구·개발에 관한 사항' (Research and Development of Student Core Competencies), are closely linked. The relationship indicates that the research into core competencies directly informs the assessment processes, suggesting a feedback loop where findings from research can enhance assessment methods. This interconnectedness is crucial for developing effective educational strategies that can improve student outcomes. [Data: Entities (1094, 1093); Relationships (1590)]

## Significance of competency assessment

The assessment and management of student core competencies is a vital aspect of educational systems, as it helps identify areas where students excel or need improvement. This entity focuses on evaluating students' skills and abilities, which can significantly impact their academic and professional futures. The findings from these assessments can guide educators in tailoring their teaching methods to better support student learning. [Data: Entities (1094); Relationships (1592)]

## Role of research in competency development

The research and development of student core competencies play a critical role in shaping educational practices. By investigating effective strategies for competency development, this entity contributes to the creation of innovative educational programs that can enhance student learning experiences. The insights gained from this research can lead to improved assessment techniques and educational policies that prioritize student growth. [Data: Entities (1093); Relationships (1590)]

## Potential for improved educational outcomes

The integration of assessment and research into student core competencies has the potential to significantly improve educational outcomes. By continuously evaluating and refining assessment methods based on research findings, educational institutions can create a more effective learning environment. This ongoing process can lead to better-prepared students who are equipped with the necessary skills for success in their future endeavors. [Data: Entities (1094, 1093); Relationships (1590, 1592)]",6.0
1317,Information Technology Strategy Team,0.0013831258644536654,"# Information Technology Strategy Team

The community is centered around the Information Technology Strategy Team, which is responsible for establishing the university's information technology strategies and policies. This team collaborates with various initiatives related to long-term IT planning, infrastructure development, and information security policies.

## Central role of the Information Technology Strategy Team

The Information Technology Strategy Team is the primary entity in this community, tasked with formulating the university's information technology strategies and basic plans. This team's responsibilities are crucial for the effective management of IT resources and ensuring that the university's technological infrastructure aligns with its educational goals. The team's strategic planning is essential for maintaining operational efficiency and addressing the evolving technological landscape. [Data: Entities (1828), Relationships (2418)]

## Long-term IT strategy development

The initiative for developing long-term IT strategies is a key function of the community, emphasizing the importance of forward-thinking in technology management. This initiative involves comprehensive planning to ensure that the university's IT infrastructure can support future educational needs and technological advancements. The collaboration between the Information Technology Strategy Team and this initiative highlights the proactive approach necessary for sustainable IT development. [Data: Entities (1829), Relationships (2418)]

## Infrastructure planning and development

The planning and construction of campus information infrastructure is another critical aspect of this community. This function ensures that the university has the necessary technological backbone to support its academic and administrative functions. The Information Technology Strategy Team's involvement in this area indicates a commitment to providing robust and reliable IT services, which are essential for enhancing the learning environment. [Data: Entities (1830), Relationships (2419)]

## Establishment of information security policies

The establishment and operation of information security policies are vital for protecting the university's data and IT assets. This responsibility falls under the purview of the Information Technology Strategy Team, which plays a crucial role in safeguarding sensitive information against potential threats. The focus on information security reflects the increasing importance of cybersecurity in educational institutions, making this a significant area of concern for the community. [Data: Entities (1831), Relationships (2420)]",6.0
1548,Disciplinary Actions and Administrative Penalties,0.0013831258644536654,"# Disciplinary Actions and Administrative Penalties

This community focuses on the various forms of disciplinary actions that can be taken against whistleblowers, including administrative and economic penalties. The entities are interconnected, with administrative and economic penalties being specific types of disciplinary actions.

## Understanding Disciplinary Actions

The entity '불이익조치' (Disciplinary Actions) serves as the overarching category for various penalties that can be imposed on whistleblowers. This entity is crucial in understanding the legal and administrative landscape surrounding whistleblower protections. The implications of these actions can significantly affect individuals who report misconduct, potentially deterring them from coming forward due to fear of retaliation. [Data: Entities (8775); Relationships (14513, 14514)]

## Administrative Penalties as a Subcategory

'행정적 불이익' (Administrative Penalties) is identified as a specific type of disciplinary action. This includes actions such as the cancellation of permits or licenses, which can have severe repercussions for individuals and organizations. Understanding this relationship is vital for assessing the risks faced by whistleblowers and the potential for misuse of administrative power. [Data: Entities (8777); Relationships (14513)]

## Economic Penalties and Their Implications

'경제적 불이익' (Economic Penalties) represents another form of disciplinary action that can be taken against whistleblowers, such as the termination of contracts. This type of penalty can have significant financial implications for individuals and organizations, further complicating the decision to report wrongdoing. The relationship between economic penalties and disciplinary actions highlights the multifaceted nature of retaliation against whistleblowers. [Data: Entities (8778); Relationships (14514)]

## Interconnectedness of Penalties

The relationships between '불이익조치' (Disciplinary Actions), '행정적 불이익' (Administrative Penalties), and '경제적 불이익' (Economic Penalties) illustrate a structured hierarchy of penalties. This interconnectedness suggests that understanding one type of penalty can provide insights into the others, emphasizing the need for comprehensive policies to protect whistleblowers from various forms of retaliation. [Data: Relationships (14513, 14514)]",6.0
822,Han Sung University Evaluation Framework,0.0013831258644536654,"# Han Sung University Evaluation Framework

The community centers around the evaluation framework of Han Sung University, specifically focusing on the '제 2 조 방향' and the '조직단위 실적 평가 규정'. These entities are interconnected through their roles in assessing the performance of academic departments and administrative units within the university.

## Importance of '제 2 조 방향' in educational development

'제 2 조 방향' outlines the strategic direction for academic departments to adapt to educational environment changes and enhance the university's long-term development. This document serves as a foundational guideline for assessing the potential for growth and excellence in education and research, which is critical for the university's reputation and effectiveness. The relationship with the '1페이지' indicates its specific location within the broader regulatory framework, emphasizing its significance in the evaluation process. [Data: Entities (6478); Relationships (10253)]

## '조직단위 실적 평가 규정' as a regulatory framework

'조직단위 실적 평가 규정' provides the regulations for evaluating the performance of academic and administrative units at Han Sung University. This framework is essential for ensuring accountability and transparency in the university's operations. The connection to '제 1 조 목적' highlights its role as a foundational document that guides the evaluation process, ensuring that all units are assessed fairly and consistently. [Data: Entities (6477); Relationships (10251)]

## Interconnectedness of evaluation documents

The relationship between '제 2 조 방향' and '조직단위 실적 평가 규정' illustrates the interconnected nature of the university's evaluation documents. This interconnectedness ensures that the strategic directions outlined in '제 2 조 방향' are effectively implemented through the regulatory framework provided by '조직단위 실적 평가 규정'. Such synergy is crucial for the university to achieve its educational goals and maintain high standards. [Data: Relationships (10251, 10253)]

## Potential impact on university performance

The performance evaluation framework established by these documents has significant implications for the overall performance of Han Sung University. By setting clear guidelines and expectations, the university can foster an environment of continuous improvement and accountability. This is particularly important in the context of increasing competition among educational institutions, where performance metrics can influence funding, reputation, and student enrollment. [Data: Entities (6478, 6477); Relationships (10251, 10253)]",4.0
268,Business Expense Regulations Community,0.0013831258644536654,"# Business Expense Regulations Community

The community is centered around the Business Expense Regulations, which include various articles detailing the limits, timing, and documentation required for business expenses. The entities are interconnected through their regulations, indicating a structured approach to managing business expenses within an organization.

## Article 6 outlines payment limits and authorized users

Article 6 of the Business Expense Regulations specifies the payment limits and the authorized users for business expenses. This regulation is crucial as it sets the financial boundaries within which departments must operate. Misinterpretation or violation of this article could lead to financial discrepancies or misuse of funds, which could have significant repercussions for the organization. The relationship between this article and its placement on page 1 emphasizes its foundational importance in the overall regulatory framework. [Data: Entities (5125); Relationships (7656)]

## Article 4 details timing and methods for expense requests

Article 4 of the Business Expense Regulations describes the timing and methods for submitting expense requests. This article is essential for ensuring that expenses are processed in a timely manner, which is critical for maintaining operational efficiency. The connection between Article 4 and Article 5 indicates that the timing of requests directly influences the documentation required for expenses, highlighting the interdependence of these regulations. Failure to adhere to these guidelines could result in delays or rejections of expense claims. [Data: Entities (5123, 5124); Relationships (7652)]

## Article 5 emphasizes the importance of documentation

Article 5 of the Business Expense Regulations emphasizes that documentation, such as credit card receipts, is required for validating expenses. This regulation is vital for maintaining transparency and accountability in financial transactions. The relationship between Article 5 and Article 6 suggests that proper documentation is not only a procedural requirement but also a safeguard against potential misuse of funds. Non-compliance with this article could lead to audits or financial penalties. [Data: Entities (5124, 5125); Relationships (7654)]

## Article 3 defines the purpose of business expenses

Article 3 of the Business Expense Regulations defines the specific purposes for which business expenses can be incurred. This regulation is critical as it restricts the use of funds to legitimate business activities, thereby preventing misuse. The relationship between Article 3 and Article 4 indicates that understanding the purpose of expenses is essential for determining the appropriate timing and method for requests. Misinterpretation of this article could lead to unauthorized expenses, impacting the organization's financial integrity. [Data: Entities (5122, 5123); Relationships (7650)]",4.0
871,Global One-Stop Center Regulations,0.0013831258644536654,"# Global One-Stop Center Regulations

The community is centered around the regulations governing the use of the Global One-Stop Center, which includes specific procedures and operational hours. The entities are interrelated, with the usage regulations directly influencing the operational hours of the center.

## Importance of Center Usage Regulations

The '센터 이용' (Center Usage) entity outlines the procedures and regulations necessary for utilizing the Global One-Stop Center. This document is crucial for ensuring that users understand the requirements for accessing the center's services. The regulations are designed to streamline operations and enhance user experience, making compliance essential for both the center's functionality and user satisfaction. [Data: Entities (581)]

## Operational Hours of the Center

The '센터의 이용시간' (Center's Operational Hours) entity specifies the hours during which the center operates, aligning with the university's standard working hours. This synchronization is vital for ensuring that users can access services when they are most needed. Understanding these hours is critical for effective planning and utilization of the center's resources. [Data: Entities (582)]

## Interconnection of Regulations and Operational Hours

The relationship between '센터 이용' and '센터의 이용시간' indicates that the operational hours are included within the usage regulations. This connection highlights the importance of having clear guidelines that encompass both the procedures for using the center and the times it is available. Such integration is essential for maintaining order and efficiency in service delivery. [Data: Relationships (906)]",4.0
647,Academic Degree Postponement Regulations,0.0013831258644536654,"# Academic Degree Postponement Regulations

The community focuses on the regulations surrounding the postponement of academic degree completion, specifically the rules outlined in the document 3-3-48. The entities are interconnected through their descriptions of the application process and the duration of postponement, highlighting the structured approach to degree completion.

## 3-3-48 Academic Degree Postponement Regulations as the central document

The document titled '3-3-48 학사학위취득 유예에 관한 세칙' serves as the foundational regulation for the community, detailing the rules for postponing degree completion. This document outlines the eligibility criteria, application process, and the maximum duration for which a student can postpone their graduation. Its centrality in the community indicates its importance in guiding students through the academic postponement process. The relationships with other entities further emphasize its role as the primary source of information regarding degree postponement. [Data: Entities (5229); Relationships (7845, 7844)]

## Postponement period regulations

The entity '유예기간' specifies the duration for which students can postpone their graduation, allowing for a maximum of two semesters. This regulation is crucial as it sets clear boundaries for students seeking to delay their degree completion. Understanding this timeframe is essential for students to plan their academic journey effectively. The relationship between this entity and the main regulation document highlights its significance in the overall framework of academic postponement. [Data: Entities (5228); Relationships (7844)]

## Application process for postponement

The entity '유예신청' outlines the application process for students wishing to postpone their graduation. It specifies that applicants must have completed at least eight semesters and meet graduation credit requirements. This structured process ensures that only eligible students can apply for postponement, thereby maintaining academic integrity. The relationship between this entity and the postponement period indicates the procedural nature of the regulations, ensuring that students are well-informed about their rights and responsibilities. [Data: Entities (5227); Relationships (7842)]

## Interconnectedness of regulations

The relationships among the entities demonstrate a clear interconnectedness, where each regulation builds upon the others to create a comprehensive framework for academic degree postponement. This interconnectedness is vital for students to understand the full scope of their options and obligations regarding degree completion. The relationships highlight how the application process, duration, and main regulations work together to guide students effectively. [Data: Relationships (7845, 7844, 7842)]",3.0
1469,Implementation Date of Regulations,0.0013831258644536654,"# Implementation Date of Regulations

The community centers around the implementation date of specific regulations, particularly focusing on the effective date of July 18, 2022. The entities are interconnected through the regulation's effective date, indicating a structured timeline for compliance.

## Regulation Implementation Date

The primary entity in this community is the '부 칙 시행일' (Implementation Date of Regulations), which indicates that the regulations are effective from July 18, 2022. This date serves as a critical reference point for compliance and enforcement of the regulations. The clarity of this implementation date is essential for stakeholders to understand when the regulations come into effect, ensuring that all parties are aware of their obligations. [Data: Entities (4545), Relationships (6475)]

## Connection to Specific Date

The entity '2022년 7월 18일' (July 18, 2022) is directly linked to the implementation of the regulations. This connection emphasizes the importance of this specific date in the regulatory framework, marking the transition from previous regulations to the new ones. Understanding this date is crucial for compliance, as it signifies when the new rules must be adhered to by all relevant parties. [Data: Entities (4546), Relationships (6475)]

## Administrative Nature of the Community

The community is primarily administrative, focusing on the effective date of regulations rather than broader social or economic impacts. This suggests that the entities involved are more concerned with procedural compliance than with any significant changes in policy or practice that could affect a larger population. The low impact severity rating reflects this administrative focus. [Data: Entities (4545, 4546), Relationships (6475)]

## Lack of Broader Implications

The entities and their relationships do not indicate any broader implications or potential conflicts arising from the implementation date. The focus remains strictly on the administrative aspect of regulation enforcement, which limits the community's overall impact on external stakeholders or the public. This reinforces the low impact severity rating assigned to this community. [Data: Entities (4545, 4546), Relationships (6475)]",2.0
725,University Regulatory Framework,0.23374827109266944,"# University Regulatory Framework

The community is centered around various regulations and guidelines that govern the operations and management of a university. Key entities include specific regulations related to academic affairs, budget management, and workplace conduct, all interconnected through their references to pages and sections within regulatory documents.

## Interconnectedness of Regulations

The regulations within this community are highly interconnected, with many referencing the same pages and sections across various documents. For instance, multiple regulations such as the '산학협력교육프로그램 운영규정 제 4 장 제 13 조' and '학적변동에 관한 세칙 제 11 조' both relate to the '부칙', indicating a structured approach to governance that ensures consistency across different areas of university operations. This interconnectedness highlights the importance of comprehensive compliance with these regulations to maintain operational integrity [Data: Entities (4588, 4789, 61, 62); Relationships (6559, 6984)].

## Significance of Budget Management Regulations

The budget management regulations, particularly '예산관리규정 제 21 조' and '예산관리규정 제 19 조', play a crucial role in the financial governance of the university. These regulations outline the responsibilities of the General Affairs Department in reporting budget execution and managing contingency funds, which are essential for maintaining financial stability. The emphasis on timely reporting and oversight ensures that the university can respond effectively to financial challenges, thereby safeguarding its operational capabilities [Data: Entities (4266, 4265); Relationships (6061, 6059)].

## Workplace Conduct and Harassment Prevention

The regulations concerning workplace conduct, specifically '직장 내 괴롭힘 예방 및 대응 규정 제 14 조' and '직장 내 괴롭힘 예방 및 대응 규정 제 13 조', are vital for fostering a safe and respectful work environment. These regulations detail the procedures for addressing workplace harassment and ensuring the protection of victims during investigations. The clear guidelines provided in these documents are essential for promoting a culture of accountability and support within the university [Data: Entities (8698, 8697); Relationships (14356)].

## Implementation Dates of Regulations

The implementation dates of various regulations, such as '부칙 (시행일) 2005년 7월 15일' and '부칙 (시행일) 2004년 5월 18일', are critical for understanding the timeline of regulatory changes within the university. These dates indicate when specific provisions came into effect, which is essential for compliance and historical context. The presence of multiple implementation dates across different regulations suggests an evolving regulatory landscape that requires ongoing attention from university administrators [Data: Entities (61, 5833); Relationships (85, 83)].

## Comprehensive Coverage of Academic Regulations

The community encompasses a wide range of academic regulations, including those related to student rights and responsibilities, as seen in '대학원생 권리장전' and '학생군사교육 실시령 제 7 장 제 17 조'. These regulations ensure that students are aware of their rights and the procedures in place for addressing grievances. The comprehensive nature of these regulations reflects the university's commitment to fostering an equitable academic environment [Data: Entities (5090, 3107); Relationships (3124)].",7.5
15,Educational Regulations and Support Framework,0.06639004149377593,"# Educational Regulations and Support Framework

The community encompasses various educational regulations and support mechanisms, including scholarship guidelines, course registration rules, and student research activities. Key entities are interrelated through specific regulations and dates that govern academic processes and student support.

## Significance of Educational Scholarships

Educational scholarships play a vital role in supporting students financially, particularly those applying for training programs. The regulations surrounding these scholarships outline necessary consultations and documentation required for application, ensuring that students are adequately supported in their educational pursuits. For instance, students must undergo career counseling and submit various documents, including a career plan and proof of enrollment, to qualify for these scholarships [Data: Entities (9487, 9491, 9494, 9496, 9498); Relationships (15798, 15801, 15804, 15806, 15807)].

## Course Registration Regulations

The '3-3-2 수강신청에 관한 세칙' document outlines comprehensive regulations regarding course registration and enrollment. It includes critical articles that govern mandatory and elective courses, re-enrollment guidelines, and restrictions on course selection. This framework is essential for maintaining academic integrity and ensuring that students meet their graduation requirements [Data: Entities (7244, 7256, 7257, 7258, 7260); Relationships (11728, 11730, 11732, 11744, 11750)].

## Impact of Specific Dates on Regulations

Certain dates, such as '2011. 3. 1' and '2006. 12. 20', are pivotal in the context of educational regulations, marking the implementation of significant amendments and the establishment of new guidelines. These dates serve as reference points for various regulations, influencing how institutions manage academic processes and student support [Data: Entities (3265, 2563, 2011. 3. 1, 2006. 12. 20); Relationships (3487, 4430, 11756)].

## Student Researcher Support Regulations

The regulations governing student researchers are designed to ensure their academic and research activities are protected and supported. This includes provisions for their treatment, graduation requirements, and workload management. Such regulations are crucial for fostering a conducive research environment and ensuring that student researchers can thrive academically [Data: Entities (424, 423); Relationships (609)].

## Interconnectedness of Regulations

The various regulations and provisions are interconnected, with many articles referencing each other. For example, the '제 13 조 수업연한 초과 학생의 등록 및 수강신청' is part of the broader '3-3-2 수강신청에 관한 세칙', indicating how different regulations work together to create a comprehensive framework for academic governance [Data: Entities (7257, 7244); Relationships (11752, 11759)].",7.5
1583,Regional Youth Employment Initiatives,0.004149377593360996,"# Regional Youth Employment Initiatives

The community focuses on enhancing youth employment through various programs and initiatives led by the Regional Youth Employment Council. The interconnected programs aim to improve job readiness, provide career exploration, and facilitate job matching for unemployed youth in the region.

## Central role of the Regional Youth Employment Council

The Regional Youth Employment Council is the primary entity in this community, overseeing multiple programs aimed at improving youth employment capabilities. This council coordinates various initiatives, including job readiness programs and career exploration services, which are essential for addressing the challenges faced by unemployed youth. The council's comprehensive approach to youth employment signifies its importance in the community, as it serves as the backbone for all related activities and partnerships. [Data: Entities (1059); Relationships (1569, 1570, 1571, 1572, 1573, 1574, 1575, 1576)]

## Diverse programs targeting youth employment

The community encompasses a range of programs designed to enhance the employment capabilities of young individuals. These include the Employment Capability Enhancement Program, Career Exploration Program, and Job Matching Initiatives, among others. Each program addresses specific aspects of youth employment, from skill development to direct job placement, thereby creating a holistic support system for young job seekers. The diversity of these programs indicates a well-rounded strategy to tackle youth unemployment in the region. [Data: Entities (1070, 1071, 1076); Relationships (1569, 1570, 1575)]

## Focus on job readiness and skill development

A significant emphasis of the community's initiatives is on job readiness and skill development for youth. The Employment Capability Enhancement Program is specifically designed to strengthen the job readiness of young individuals, ensuring they possess the necessary skills to enter the workforce effectively. This focus on skill development is crucial in a competitive job market, as it equips youth with the tools they need to succeed. [Data: Entities (1070); Relationships (1569)]

## Career exploration services for youth

The Career Exploration Program plays a vital role in helping young individuals identify potential career paths and opportunities. By providing resources and guidance, this program assists youth in making informed decisions about their future careers. The importance of career exploration cannot be overstated, as it helps to align individual aspirations with market demands, ultimately leading to better employment outcomes. [Data: Entities (1071); Relationships (1570)]

## Job matching initiatives to connect youth with employers

The Job Matching Initiative is a critical component of the community's efforts to facilitate employment for young individuals. This initiative focuses on connecting unemployed youth with potential employers, thereby streamlining the hiring process and increasing job placement rates. By actively engaging with local businesses, the initiative not only supports youth employment but also addresses the labor needs of the community. [Data: Entities (1076); Relationships (1575)]",8.0
