{
    "total_runtime": 23.198333024978638,
    "num_documents": 1,
    "input_load_time": 0,
    "workflows": {
        "create_base_text_units": {
            "overall": 0.03277111053466797
        },
        "create_final_documents": {
            "overall": 0.014448881149291992
        },
        "extract_graph": {
            "overall": 7.960256814956665
        },
        "finalize_graph": {
            "overall": 0.02915811538696289
        },
        "create_communities": {
            "overall": 0.02137303352355957
        },
        "create_final_text_units": {
            "overall": 0.01834392547607422
        },
        "create_community_reports": {
            "overall": 13.2517991065979
        },
        "generate_text_embeddings": {
            "overall": 1.813413143157959
        }
    }
}