{
    "total_runtime": 69.88950490951538,
    "num_documents": 2,
    "input_load_time": 0,
    "workflows": {
        "create_base_text_units": {
            "overall": 0.04894590377807617
        },
        "create_final_documents": {
            "overall": 0.013425111770629883
        },
        "extract_graph": {
            "overall": 40.45890474319458
        },
        "finalize_graph": {
            "overall": 0.027918100357055664
        },
        "create_communities": {
            "overall": 0.029135704040527344
        },
        "create_final_text_units": {
            "overall": 0.08624410629272461
        },
        "create_community_reports": {
            "overall": 24.36913800239563
        },
        "generate_text_embeddings": {
            "overall": 4.797632932662964
        }
    }
}