{
    "total_runtime": 63.35590076446533,
    "num_documents": 1,
    "input_load_time": 0,
    "workflows": {
        "create_base_text_units": {
            "overall": 0.030887842178344727
        },
        "create_final_documents": {
            "overall": 0.015316009521484375
        },
        "extract_graph": {
            "overall": 52.46824884414673
        },
        "finalize_graph": {
            "overall": 0.05059313774108887
        },
        "create_communities": {
            "overall": 0.03314495086669922
        },
        "create_final_text_units": {
            "overall": 0.02593088150024414
        },
        "create_community_reports": {
            "overall": 6.822811841964722
        },
        "generate_text_embeddings": {
            "overall": 3.8649728298187256
        }
    }
}